Workbook

Sheet wft_table
A1: method | C1: hf | D1: hf | E1: hf | F1: MP2 | G1: MP2 | H1: MP2 | I1: CCSD | J1: CCSD | K1: CCSD | L1: CCSD\(T\) | M1: CCSD\(T\) | N1: CCSD\(T\)
A2: component | C2: XX | D2: YY | E2: ZZ | F2: XX | G2: YY | H2: ZZ | I2: XX | J2: YY | K2: ZZ | L2: XX | M2: YY | N2: ZZ
A3: molecule | B3: basis
A4: AlF | B4: 5Z | C4: 0.72854306 | D4: 0.72854306 | E4: 1.7621938 | F4: 0 | G4: 0 | H4: 0 | I4: 0 | J4: 0 | K4: 0 | L4: 0 | M4: 0 | N4: 0
A5: AlF | B5: QZ | C5: 0.72861959 | D5: 0.72861959 | E5: 1.7622297 | F5: 0.73147015 | G5: 0.73147015 | H5: 1.7523137 | I5: 0.72835177 | J5: 0.72835177 | K5: 1.7524499 | L5: 0.72993209 | M5: 0.72993209 | N5: 1.7510654
A6: AlF | B6: TZ | C6: 0.72917827 | D6: 0.72917827 | E6: 1.7623956 | F6: 0.73343739 | G6: 0.73343739 | H6: 1.7534159 | I6: 0.73029785 | J6: 0.73029785 | K6: 1.7533173 | L6: 0.7319283 | M6: 0.7319283 | N6: 1.7520994
A7: AlF | B7: CBS | C7: 0.72854306 | D7: 0.72854306 | E7: 1.7621938 | F7: 0.73036575 | G7: 0.73036575 | H7: 1.7515945 | I7: 0.72726282 | J7: 0.72726282 | K7: 1.751902 | L7: 0.72880654 | M7: 0.72880654 | N7: 1.750396
A8: Ar | B8: 5Z | C8: 0.69439921 | D8: 0.69439921 | E8: 0.69439921 | F8: 0.69386453 | G8: 0.69386453 | H8: 0.69386453 | I8: 0.69292912 | J8: 0.69292912 | K8: 0.69292912 | L8: 0.6933419 | M8: 0.6933419 | N8: 0.6933419
A9: Ar | B9: QZ | C9: 0.69447654 | D9: 0.69447654 | E9: 0.69447654 | F9: 0.69438277 | G9: 0.69438277 | H9: 0.69438277 | I9: 0.69344405 | J9: 0.69344405 | K9: 0.69344405 | L9: 0.69388455 | M9: 0.69388455 | N9: 0.69388455
A10: Ar | B10: TZ | C10: 0.69479763 | D10: 0.69479763 | E10: 0.69479763 | F10: 0.69562777 | G10: 0.69562777 | H10: 0.69562777 | I10: 0.69500056 | J10: 0.69500056 | K10: 0.69500056 | L10: 0.69546603 | M10: 0.69546603 | N10: 0.69546603
A11: Ar | B11: CBS | C11: 0.69439921 | D11: 0.69439921 | E11: 0.69439921 | F11: 0.69340193 | G11: 0.69340193 | H11: 0.69340193 | I11: 0.69246999 | J11: 0.69246999 | K11: 0.69246999 | L11: 0.69285369 | M11: 0.69285369 | N11: 0.69285369
A12: BeH | B12: 5Z | C12: 0.98914899 | D12: 0.98914899 | E12: 1.6465447 | F12: 0.99014219 | G12: 0.99014219 | H12: 1.6340304 | I12: 0.99306172 | J12: 0.99306172 | K12: 1.6273622 | L12: 0.9939525 | M12: 0.9939525 | N12: 1.6261185
A13: BeH | B13: QZ | C13: 0.98912644 | D13: 0.98912644 | E13: 1.6467417 | F13: 0.99039465 | G13: 0.99039465 | H13: 1.6346673 | I13: 0.99330337 | J13: 0.99330337 | K13: 1.6278297 | L13: 0.9941889 | M13: 0.9941889 | N13: 1.6265946
A14: BeH | B14: TZ | C14: 0.98951723 | D14: 0.98951723 | E14: 1.6473933 | F14: 0.99193325 | G14: 0.99193325 | H14: 1.6390438 | I14: 0.99499326 | J14: 0.99499326 | K14: 1.6299186 | L14: 0.99587227 | M14: 0.99587227 | N14: 1.6288733
A15: BeH | B15: CBS | C15: 0.98914899 | D15: 0.98914899 | E15: 1.6465447 | F15: 0.98985366 | G15: 0.98985366 | H15: 1.6335688 | I15: 0.99278453 | J15: 0.99278453 | K15: 1.6270783 | L15: 0.99368082 | M15: 0.99368082 | N15: 1.6258257
... A72: CN | B72: 5Z | C72: 0.79423291 | D72: 0.79423291 | E72: 1.3449232 | F72: 0.80454064 | G72: 0.80454064 | H72: 1.3301664 | I72: 0.79183152 | J72: 0.79183152 | K72: 1.3438848 | L72: 0.79242874 | M72: 0.79242874 | N72: 1.345286
A73: CN | B73: QZ | C73: 0.79441291 | D73: 0.79441291 | E73: 1.3449275 | F73: 0.80495406 | G73: 0.80495645 | H73: 1.3306168 | I73: 0.79234137 | J73: 0.79234137 | K73: 1.3442121 | L73: 0.79298186 | M73: 0.79298186 | N73: 1.3455965 | T73: 0.761014 | U73: 0.761014 | V73: 1.596252 | W73: 0.766903 | X73: 0.766903 | Y73: 1.598887 | Z73: 0.763161 | AA73: 0.763161 | AB73: 1.5967 | AC73: 0.764286 | AD73: 0.764286 | AE73: 1.597599
A74: CN | B74: TZ | C74: 0.79470802 | D74: 0.79470802 | E74: 1.3451762 | F74: 0.80587809 | G74: 0.80587809 | H74: 1.3319041 | I74: 0.79360245 | J74: 0.79360245 | K74: 1.3453473 | L74: 0.79435572 | M74: 0.79435814 | N74: 1.3467083 | T74: 0.761262 | U74: 0.761262 | V74: 1.596361 | W74: 0.768257 | X74: 0.768257 | Y74: 1.599782 | Z74: 0.764681 | AA74: 0.764681 | AB74: 1.597664 | AC74: 0.765833 | AD74: 0.765833 | AE74: 1.598608
A75: CN | B75: CBS | C75: 0.79423291 | D75: 0.79423291 | E75: 1.3449232 | F75: 0.80429575 | G75: 0.80429324 | H75: 1.3296984 | I75: 0.79148544 | J75: 0.79148544 | K75: 1.3435458 | L75: 0.79203727 | M75: 0.79203727 | N75: 1.3449648
A76: CO | B76: 5Z | C76: 0.73637602 | D76: 0.73637602 | E76: 1.328403 | F76: 0 | G76: 0 | H76: 0 | I76: 0 | J76: 0 | K76: 0 | L76: 0 | M76: 0 | N76: 0
A77: CO | B77: QZ | C77: 0.73651303 | D77: 0.73651303 | E77: 1.3284592 | F77: 0.73983648 | G77: 0.73983648 | H77: 1.3150287 | I77: 0.73710399 | J77: 0.73710399 | K77: 1.3238018 | L77: 0.73784978 | M77: 0.73784978 | N77: 1.3211711
A78: CO | B78: TZ | C78: 0.73670768 | D78: 0.73670768 | E78: 1.3288576 | F78: 0.74100377 | G78: 0.74100377 | H78: 1.3158997 | I78: 0.73836268 | J78: 0.73836268 | K78: 1.3261847 | L78: 0.73913619 | M78: 0.73913619 | N78: 1.3234634
A79: CO | B79: CBS | C79: 0.73637602 | D79: 0.73637602 | E79: 1.328403 | F79: 0.73898971 | G79: 0.73898971 | H79: 1.3146277 | I79: 0.73619053 | J79: 0.73619053 | K79: 1.3222974 | L79: 0.73691609 | M79: 0.73691609 | N79: 1.3197329
A80: CO2 | B80: 5Z | C80: 0.70734459 | D80: 0.70734459 | E80: 2.0445844 | F80: 0 | G80: 0 | H80: 0 | I80: 0 | J80: 0 | K80: 0 | L80: 0 | M80: 0 | N80: 0
A81: CO2 | B81: QZ | C81: 0.70744969 | D81: 0.70744969 | E81: 2.0446068 | F81: 0.71037339 | G81: 0.71037339 | H81: 2.0373719 | I81: 0.70834691 | J81: 0.70834691 | K81: 2.0391899 | L81: 0.70895947 | M81: 0.70895947 | N81: 2.0381096
A82: CO2 | B82: TZ | C82: 0.70757626 | D82: 0.70757626 | E82: 2.0448803 | F82: 0.71135491 | G82: 0.71135491 | H82: 2.0379608 | I82: 0.70944978 | J82: 0.70944978 | K82: 2.0397281 | L82: 0.71009339 | M82: 0.71009339 | N82: 2.0386972
A83: CO2 | B83: CBS | C83: 0.70734459 | D83: 0.70734459 | E83: 2.0445844 | F83: 0.70964441 | G83: 0.70964441 | H83: 2.0371194 | I83: 0.70752938 | J83: 0.70752938 | K83: 2.0389744 | L83: 0.70811928 | M83: 0.70811928 | N83: 2.0378582
A84: F2 | B84: 5Z | C84: 0.62537814 | D84: 0.62537814 | E84: 1.4616788 | F84: 0.63268438 | G84: 0.63268438 | H84: 1.4666657 | I84: 0.63093456 | J84: 0.63093456 | K84: 1.463076 | L84: 0.63221662 | M84: 0.63221662 | N84: 1.4629526
A85: F2 | B85: QZ | C85: 0.62589639 | D85: 0.62589639 | E85: 1.4616053 | F85: 0.63342375 | G85: 0.63342375 | H85: 1.4666846 | I85: 0.63172654 | J85: 0.63172654 | K85: 1.4631311 | L85: 0.63298506 | M85: 0.63298506 | N85: 1.4630229
A86: F2 | B86: TZ | C86: 0.62673723 | D86: 0.62673723 | E86: 1.4616081 | F86: 0.63475549 | G86: 0.63475549 | H86: 1.4669204 | I86: 0.63329217 | J86: 0.63329217 | K86: 1.4634737 | L86: 0.63449943 | M86: 0.63449943 | N86: 1.4634101
... A371: SH- | B371: CBS | C371: 0.94415295 | D371: 0.94415295 | E371: 1.0240412 | F371: 0.94919751 | G371: 0.94919751 | H371: 1.0291363 | I371: 0.94093955 | J371: 0.94093955 | K371: 1.0248991 | L371: 0.94448821 | M371: 0.94448821 | N371: 1.0275513

Sheet dft_values
A1: method | B1: Slater | C1: Slater | D1: Slater | E1: SPW92 | F1: SPW92 | G1: SPW92 | H1: B97-D3 | I1: B97-D3 | J1: B97-D3 | K1: BLYP | L1: BLYP | M1: BLYP | N1: BPBE | O1: BPBE | P1: BPBE | Q1: mPW91 | R1: mPW91 | S1: mPW91 | T1: N12 | U1: N12 | V1: N12 | W1: PBE | X1: PBE | Y1: PBE | Z1: SOGGA11 | AA1: SOGGA11 | AB1: SOGGA11 | AC1: B97M-V | AD1: B97M-V | AE1: B97M-V | AF1: M06-L | AG1: M06-L | AH1: M06-L | AI1: mBEEF | AJ1: mBEEF | AK1: mBEEF | AL1: MGGA_MS2 | AM1: MGGA_MS2 | AN1: MGGA_MS2 | AO1: MN15-L | AP1: MN15-L | AQ1: MN15-L | AR1: revM06-L | AS1: revM06-L | AT1: revM06-L | AU1: SCAN | AV1: SCAN | AW1: SCAN | AX1: TPSS | AY1: TPSS | AZ1: TPSS | BA1: B3LYP | BB1: B3LYP | BC1: B3LYP | BD1: B97-2 | BE1: B97-2 | BF1: B97-2 | BG1: HFLYP | BH1: HFLYP | BI1: HFLYP | BJ1: M06-2X | BK1: M06-2X | BL1: M06-2X | BM1: PBE0 | BN1: PBE0 | BO1: PBE0 | BP1: M06 | BQ1: M06 | BR1: M06 | BS1: M08-HX | BT1: M08-HX | BU1: M08-HX | BV1: MN15 | BW1: MN15 | BX1: MN15 | BY1: SCAN0 | BZ1: SCAN0 | CA1: SCAN0 | CB1: TPSSh | CC1: TPSSh | CD1: TPSSh | CE1: CAM-B3LYP | CF1: CAM-B3LYP | CG1: CAM-B3LYP | CH1: wB97X-D | CI1: wB97X-D | CJ1: wB97X-D | CK1: wB97X-V | CL1: wB97X-V | CM1: wB97X-V | CN1: wB97M-V | CO1: wB97M-V | CP1: wB97M-V | CQ1: wM05-D | CR1: wM05-D | CS1: wM05-D
A2: component | B2: XX | C2: YY | D2: ZZ | E2: XX | F2: YY | G2: ZZ | H2: XX | I2: YY | J2: ZZ | K2: XX | L2: YY | M2: ZZ | N2: XX | O2: YY | P2: ZZ | Q2: XX | R2: YY | S2: ZZ | T2: XX | U2: YY | V2: ZZ | W2: XX | X2: YY | Y2: ZZ | Z2: XX | AA2: YY | AB2: ZZ | AC2: XX | AD2: YY | AE2: ZZ | AF2: XX | AG2: YY | AH2: ZZ | AI2: XX | AJ2: YY | AK2: ZZ | AL2: XX | AM2: YY | AN2: ZZ | AO2: XX | AP2: YY | AQ2: ZZ | AR2: XX | AS2: YY | AT2: ZZ | AU2: XX | AV2: YY | AW2: ZZ | AX2: XX | AY2: YY | AZ2: ZZ | BA2: XX | BB2: YY | BC2: ZZ | BD2: XX | BE2: YY | BF2: ZZ | BG2: XX | BH2: YY | BI2: ZZ | BJ2: XX | BK2: YY | BL2: ZZ | BM2: XX | BN2: YY | BO2: ZZ | BP2: XX | BQ2: YY | BR2: ZZ | BS2: XX | BT2: YY | BU2: ZZ | BV2: XX | BW2: YY | BX2: ZZ | BY2: XX | BZ2: YY | CA2: ZZ | CB2: XX | CC2: YY | CD2: ZZ | CE2: XX | CF2: YY | CG2: ZZ | CH2: XX | CI2: YY | CJ2: ZZ | CK2: XX | CL2: YY | CM2: ZZ | CN2: XX | CO2: YY | CP2: ZZ | CQ2: XX | CR2: YY | CS2: ZZ
A3: molecule
A4: AlF | B4: 0.74836109 | C4: 0.74836109 | D4: 1.7521481 | E4: 0.73560133 | F4: 0.73560133 | G4: 1.7471144 | H4: 0.73412284 | I4: 0.73412284 | J4: 1.7504678 | K4: 0.73648058 | L4: 0.73648058 | M4: 1.7501495 | N4: 0.73291115 | O4: 0.73291115 | P4: 1.7488949 | Q4: 0.7342195 | R4: 0.7342195 | S4: 1.7491885 | T4: 0.7315381 | U4: 0.7315381 | V4: 1.750794 | W4: 0.735831 | X4: 0.735831 | Y4: 1.7495727 | Z4: 0.75644808 | AA4: 0.75644808 | AB4: 1.7529771 | AC4: 0.73350342 | AD4: 0.73350342 | AE4: 1.7538892 | AF4: 0.72483431 | AG4: 0.72483431 | AH4: 1.7488584 | AI4: 0.73059971 | AJ4: 0.73059971 | AK4: 1.751904 | AL4: 0.73202531 | AM4: 0.73202531 | AN4: 1.751487 | AO4: 0.74585289 | AP4: 0.74585289 | AQ4: 1.7597504 | AR4: 0.72853378 | AS4: 0.72853378 | AT4: 1.7583675 | AU4: 0.73217302 | AV4: 0.73217302 | AW4: 1.7510181 | AX4: 0.73362781 | AY4: 0.73362781 | AZ4: 1.7512682 | BA4: 0.73206455 | BB4: 0.73206455 | BC4: 1.7512251 | BD4: 0.73013469 | BE4: 0.73013469 | BF4: 1.7518132 | BG4: 0.7220736 | BH4: 0.7220736 | BI4: 1.7577111 | BJ4: 0.72809761 | BK4: 0.72809761 | BL4: 1.7501184 | BM4: 0.73092111 | BN4: 0.73092111 | BO4: 1.7515189 | BP4: 0.72389424 | BQ4: 0.72389424 | BR4: 1.7475937 | BS4: 0.73084482 | BT4: 0.73084482 | BU4: 1.7543406 | BV4: 0.73740003 | BW4: 0.73740003 | BX4: 1.7509029 | BY4: 0.72929876 | BZ4: 0.72929876 | CA4: 1.7523173 | CB4: 0.73192373 | CC4: 0.73192373 | CD4: 1.7519403 | CE4: 0.73135329 | CF4: 0.73135329 | CG4: 1.7523969 | CH4: 0.7294563 | CI4: 0.7294563 | CJ4: 1.7526469 | CK4: 0.7315866 | CL4: 0.7315866 | CM4: 1.7543901 | CN4: 0.73365545 | CO4: 0.73365545 | CP4: 1.7507439 | CQ4: 0.72987313 | CR4: 0.72987313 | CS4: 1.7500091
A5: Ar | B5: 0.70452653 | C5: 0.70452653 | D5: 0.70452653 | E5: 0.69790575 | F5: 0.69790575 | G5: 0.69790575 | H5: 0.69342004 | I5: 0.69342004 | J5: 0.69342004 | K5: 0.6990825 | L5: 0.6990825 | M5: 0.6990825 | N5: 0.69502052 | O5: 0.69502052 | P5: 0.69502052 | Q5: 0.69601821 | R5: 0.69601821 | S5: 0.69601821 | T5: 0.69123948 | U5: 0.69123948 | V5: 0.69123948 | W5: 0.69692854 | X5: 0.69692854 | Y5: 0.69692854 | Z5: 0.69470548 | AA5: 0.69470548 | AB5: 0.69470548 | AC5: 0.69387855 | AD5: 0.69387855 | AE5: 0.69387855 | AF5: 0.69055795 | AG5: 0.69055795 | AH5: 0.69055795 | AI5: 0.69100341 | AJ5: 0.69100341 | AK5: 0.69100341 | AL5: 0.6930268 | AM5: 0.6930268 | AN5: 0.6930268 | AO5: 0.69633563 | AP5: 0.69633563 | AQ5: 0.69633563 | AR5: 0.69181586 | AS5: 0.69181586 | AT5: 0.69181586 | AU5: 0.69374758 | AV5: 0.69374758 | AW5: 0.69374758 | AX5: 0.69509778 | AY5: 0.69509778 | AZ5: 0.69509778 | BA5: 0.69678036 | BB5: 0.69678036 | BC5: 0.69678036 | BD5: 0.69244546 | BE5: 0.69244546 | BF5: 0.69244546 | BG5: 0.69200391 | BH5: 0.69200391 | BI5: 0.69200391 | BJ5: 0.69494029 | BK5: 0.69494029 | BL5: 0.69494029 | BM5: 0.69450627 | BN5: 0.69450627 | BO5: 0.69450627 | BP5: 0.69286288 | BQ5: 0.69286288 | BR5: 0.69286288 | BS5: 0.695668 | BT5: 0.695668 | BU5: 0.695668 | BV5: 0.69166957 | BW5: 0.69166957 | BX5: 0.69166957 | BY5: 0.69312513 | BZ5: 0.69312513 | CA5: 0.69312513 | CB5: 0.6943427 | CC5: 0.6943427 | CD5: 0.6943427 | CE5: 0.69720704 | CF5: 0.69720704 | CG5: 0.69720704 | CH5: 0.69332175 | CI5: 0.69332175 | CJ5: 0.69332175 | CK5: 0.69548688 | CL5: 0.69548688 | CM5: 0.69548688 | CN5: 0.69756536 | CO5: 0.69756536 | CP5: 0.69756536 | CQ5: 0.69476196 | CR5: 0.69476196 | CS5: 0.69476196
A6: BeH | B6: 1.0396475 | C6: 1.0396475 | D6: 1.6487272 | E6: 1.021016 | F6: 1.021016 | G6: 1.6229892 | H6: 1.0119905 | I6: 1.0119905 | J6: 1.6222705 | K6: 1.0097988 | L6: 1.0097988 | M6: 1.6220269 | N6: 1.003358 | O6: 1.003358 | P6: 1.6180907 | Q6: 1.0067682 | R6: 1.0067682 | S6: 1.6192359 | T6: 1.018048 | U6: 1.018048 | V6: 1.6386547 | W6: 1.0102993 | X6: 1.0102993 | Y6: 1.6202855 | Z6: 1.0312682 | AA6: 1.0312682 | AB6: 1.6218009 | AC6: 1.0273244 | AD6: 1.0273244 | AE6: 1.6426538 | AF6: 0.98396417 | AG6: 0.98396417 | AH6: 1.6156648 | AI6: 0.99777769 | AJ6: 0.99777769 | AK6: 1.6238103 | AL6: 0.99506171 | AM6: 0.99506171 | AN6: 1.619569 | AO6: 1.022515 | AP6: 1.022515 | AQ6: 1.6504464 | AR6: 0.99820977 | AS6: 0.99820977 | AT6: 1.6408482 | AU6: 1.0013182 | AV6: 1.0013182 | AW6: 1.6198093 | AX6: 1.0007835 | AY6: 1.0007835 | AZ6: 1.616571 | BA6: 1.0027428 | BB6: 1.0027428 | BC6: 1.6225195 | BD6: 1.0021643 | BE6: 1.0021643 | BF6: 1.6267221 | BG6: 0.98478742 | BH6: 0.98478742 | BI6: 1.6290501 | BJ6: 1.0068716 | BK6: 1.0068716 | BL6: 1.6161825 | BM6: 1.0020011 | BN6: 1.0020011 | BO6: 1.6218952 | BP6: 1.0032839 | BQ6: 1.0032839 | BR6: 1.6200617 | BS6: 1.0071817 | BT6: 1.0071817 | BU6: 1.6338911 | BV6: 1.0328818 | BW6: 1.0328818 | BX6: 1.6270494 | BY6: 0.99855977 | BZ6: 0.99855977 | CA6: 1.6204713 | CB6: 0.999185 | CC6: 0.999185 | CD6: 1.6173156 | CE6: 1.0025723 | CF6: 1.0025723 | CG6: 1.6254349 | CH6: 1.0028021 | CI6: 1.0028021 | CJ6: 1.6340919 | CK6: 1.0009469 | CL6: 1.0009469 | CM6: 1.6335338 | CN6: 1.0251655 | CO6: 1.0251655 | CP6: 1.6307032 | CQ6: 1.0075581 | CR6: 1.0075581 | CS6: 1.626805
A7: BeH2 | B7: 0.94719506 | C7: 0.94719506 | D7: 1.893168 | E7: 0.92643523 | F7: 0.92643523 | G7: 1.8818534 | H7: 0.9115222 | I7: 0.9115222 | J7: 1.8912197 | K7: 0.91563193 | L7: 0.91563193 | M7: 1.8910035 | N7: 0.91034555 | O7: 0.91034555 | P7: 1.8836271 | Q7: 0.91305704 | R7: 0.91305704 | S7: 1.8848141 | T7: 0.91301632 | U7: 0.91301632 | V7: 1.8885512 | W7: 0.91599725 | X7: 0.91599725 | Y7: 1.8846629 | Z7: 0.92397762 | AA7: 0.92397762 | AB7: 1.8975025 | AC7: 0.91207259 | AD7: 0.91207259 | AE7: 1.9129686 | AF7: 0.89443749 | AG7: 0.89443749 | AH7: 1.8851264 | AI7: 0.90459006 | AJ7: 0.90459006 | AK7: 1.8937668 | AL7: 0.9036581 | AM7: 0.9036581 | AN7: 1.8834067 | AO7: 0.91865159 | AP7: 0.91865159 | AQ7: 1.917911 | AR7: 0.8996383 | AS7: 0.8996383 | AT7: 1.9102882 | AU7: 0.90742116 | AV7: 0.90742116 | AW7: 1.8884462 | AX7: 0.90386376 | AY7: 0.90386376 | AZ7: 1.8837521 | BA7: 0.90999158 | BB7: 0.90999158 | BC7: 1.8901252 | BD7: 0.90560316 | BE7: 0.90560316 | BF7: 1.8876324 | BG7: 0.89538597 | BH7: 0.89538597 | BI7: 1.8916161 | BJ7: 0.90832198 | BK7: 0.90832198 | BL7: 1.8836567 | BM7: 0.90894248 | BN7: 0.90894248 | BO7: 1.8850738 | BP7: 0.90295164 | BQ7: 0.90295164 | BR7: 1.8807238 | BS7: 0.91118908 | BT7: 0.91118908 | BU7: 1.8973294 | BV7: 0.91536123 | BW7: 0.91536123 | BX7: 1.9019803 | BY7: 0.90497353 | BZ7: 0.90497353 | CA7: 1.8886759 | CB7: 0.90253985 | CC7: 0.90253985 | CD7: 1.8843506 | CE7: 0.91240539 | CF7: 0.91240539 | CG7: 1.8910887 | CH7: 0.90920827 | CI7: 0.90920827 | CJ7: 1.8904333 | CK7: 0.90971239 | CL7: 0.90971239 | CM7: 1.8905906 | CN7: 0.91713287 | CO7: 0.91713287 | CP7: 1.8952024 | CQ7: 0.91269054 | CR7: 0.91269054 | CS7: 1.892438
A8: BF | B8: 0.77247994 | C8: 0.77247994 | D8: 1.4444191 | E8: 0.75966232 | F8: 0.75966232 | G8: 1.4375948 | H8: 0.7532669 | I8: 0.7532669 | J8: 1.4383296 | K8: 0.7582629 | L8: 0.7582629 | M8: 1.4395646 | N8: 0.75319992 | O8: 0.75319992 | P8: 1.4369398 | Q8: 0.75492184 | R8: 0.75492184 | S8: 1.4374046 | T8: 0.75191561 | U8: 0.75191561 | V8: 1.4361565 | W8: 0.75668546 | X8: 0.75668546 | Y8: 1.4378281 | Z8: 0.76635438 | AA8: 0.76635438 | AB8: 1.4422996 | AC8: 0.75197917 | AD8: 0.75197917 | AE8: 1.4408906 | AF8: 0.74378129 | AG8: 0.74378129 | AH8: 1.4366986 | AI8: 0.74865263 | AJ8: 0.74865263 | AK8: 1.4375306 | AL8: 0.74953525 | AM8: 0.74953525 | AN8: 1.4386869 | AO8: 0.75746057 | AP8: 0.75746057 | AQ8: 1.4462153 | AR8: 0.74475882 | AS8: 0.74475882 | AT8: 1.4446815 | AU8: 0.75085899 | AV8: 0.75085899 | AW8: 1.438264 | AX8: 0.75154119 | AY8: 0.75154119 | AZ8: 1.4385424 | BA8: 0.75297427 | BB8: 0.75297427 | BC8: 1.4395486 | BD8: 0.74875902 | BE8: 0.74875902 | BF8: 1.438072 | BG8: 0.73876643 | BH8: 0.73876643 | BI8: 1.4426937 | BJ8: 0.74975485 | BK8: 0.74975485 | BL8: 1.4367377 | BM8: 0.75058665 | BN8: 0.75058665 | BO8: 1.4383892 | BP8: 0.74778317 | BQ8: 0.74778317 | BR8: 1.4365209 | BS8: 0.74963089 | BT8: 0.74963089 | BU8: 1.4405094 | BV8: 0.75258274 | BW8: 0.75258274 | BX8: 1.4380334 | BY8: 0.74780803 | BZ8: 0.74780803 | CA8: 1.4387325 | CB8: 0.74970527 | CC8: 0.74970527 | CD8: 1.4387135 | CE8: 0.75320697 | CF8: 0.75320697 | CG8: 1.4407064 | CH8: 0.74939707 | CI8: 0.74939707 | CJ8: 1.4396531 | CK8: 0.75174255 | CL8: 0.75174255 | CM8: 1.4410043 | CN8: 0.75547034 | CO8: 0.75547034 | CP8: 1.4391603 | CQ8: 0.75067862 | CR8: 0.75067862 | CS8: 1.4385298
A9: BH2 | B9: 0.87257331 | C9: 1.1208751 | D9: 1.4474003 | E9: 0.85805283 | F9: 1.1003279 | G9: 1.4354672 | H9: 0.84424532 | I9: 1.089979 | J9: 1.4352489 | K9: 0.85069341 | L9: 1.0958837 | M9: 1.4402022 | N9: 0.84489297 | O9: 1.0901286 | P9: 1.4332902 | Q9: 0.84737209 | R9: 1.0920414 | S9: 1.4347826 | T9: 0.85344818 | U9: 1.1044484 | V9: 1.4394645 | W9: 0.84991897 | X9: 1.0947161 | Y9: 1.4354598 | Z9: 0.86072235 | AA9: 1.0978932 | AB9: 1.4412858 | AC9: 0.84779188 | AD9: 1.0981017 | AE9: 1.4444438 | AF9: 0.82663759 | AG9: 1.0769512 | AH9: 1.4315626 | AI9: 0.83771591 | AJ9: 1.085949 | AK9: 1.4353007 | AL9: 0.83755741 | AM9: 1.0869707 | AN9: 1.4309689 | AO9: 0.85203451 | AP9: 1.1048814 | AQ9: 1.4521696 | AR9: 0.83117993 | AS9: 1.0856539 | AT9: 1.4427552 | AU9: 0.83992542 | AV9: 1.0862001 | AW9: 1.4333384 | AX9: 0.84039948 | AY9: 1.0880124 | AZ9: 1.4333495 | BA9: 0.84568457 | BB9: 1.0911962 | BC9: 1.4370349 | BD9: 0.84101852 | BE9: 1.0889133 | BF9: 1.431978 | BG9: 0.83287134 | BH9: 1.0815834 | BI9: 1.4313288 | BJ9: 0.84789837 | BK9: 1.0902305 | BL9: 1.435075 | BM9: 0.84379859 | BN9: 1.0895058 | BO9: 1.4325823 | BP9: 0.84423274 | BQ9: 1.0888175 | BR9: 1.4352304 | BS9: 0.84991897 | BT9: 1.0913214 | BU9: 1.438505 | BV9: 0.85402045 | BW9: 1.0955661 | BX9: 1.4422435 | BY9: 0.83870426 | BZ9: 1.0845393 | CA9: 1.4324118 | CB9: 0.83904611 | CC9: 1.0866144 | CD9: 1.4325601 | CE9: 0.84754129 | CF9: 1.0917128 | CG9: 1.4370534 | CH9: 0.84245068 | CI9: 1.0897051 | CJ9: 1.4331012 | CK9: 0.84633112 | CL9: 1.0935931 | CM9: 1.4353969 | CN9: 0.85655376 | CO9: 1.0997194 | CP9: 1.4410869 | CQ9: 0.84548988 | CR9: 1.0886792 | CS9: 1.4346086
A10: BH2F | B10: 0.73159988 | C10: 1.056076 | D10: 1.6248068 | E10: 0.72188754 | F10: 1.0469018 | G10: 1.6196385 | H10: 0.7133174 | I10: 1.0464445 | J10: 1.6194735 | K10: 0.71858751 | L10: 1.050044 | M10: 1.6217286 | N10: 0.71476211 | O10: 1.0453605 | P10: 1.6187842 | Q10: 0.71618443 | R10: 1.0463024 | S10: 1.6193772 | T10: 0.71148454 | U10: 1.0436455 | V10: 1.6186134 | W10: 0.71788232 | X10: 1.0471903 | Y10: 1.6198321 | Z10: 0.72072151 | AA10: 1.0493291 | AB10: 1.6212545 | AC10: 0.71211451 | AD10: 1.0503825 | AE10: 1.6212465 | AF10: 0.70502212 | AG10: 1.0435542 | AH10: 1.6175295 | AI10: 0.70968951 | AJ10: 1.0455294 | AK10: 1.6184859 | AL10: 0.71143882 | AM10: 1.0438592 | AN10: 1.6174539 | AO10: 0.7151813 | AP10: 1.05509 | AQ10: 1.6235938 | AR10: 0.70754194 | AS10: 1.0511873 | AT10: 1.6214473 | AU10: 0.71165759 | AV10: 1.0443621 | AW10: 1.6181887 | AX10: 0.71300465 | AY10: 1.045296 | AZ10: 1.6185764 | BA10: 0.7142711 | BB10: 1.0464157 | BC10: 1.6200569 | BD10: 0.71008553 | BE10: 1.0428928 | BF10: 1.6178738 | BG10: 0.70209297 | BH10: 1.0381971 | BI10: 1.6166039 | BJ10: 0.71196768 | BK10: 1.0436099 | BL10: 1.6186659 | BM10: 0.71259069 | BN10: 1.0433917 | BO10: 1.6182027 | BP10: 0.70950288 | BQ10: 1.0441262 | BR10: 1.6182771 | BS10: 0.71398155 | BT10: 1.0461847 | BU10: 1.6207075 | BV10: 0.71364955 | BW10: 1.0468996 | BX10: 1.6197556 | BY10: 0.70932275 | BZ10: 1.0423535 | CA10: 1.617581 | CB10: 0.71145189 | CC10: 1.044084 | CD10: 1.618115 | CE10: 0.71578205 | CF10: 1.0465156 | CG10: 1.6202595 | CH10: 0.71090958 | CI10: 1.0430175 | CJ10: 1.6180471 | CK10: 0.7384748 | CL10: 1.065409 | CM10: 1.6308994 | CN10: 0.73919806 | CO10: 1.0664966 | CP10: 1.6311311 | CQ10: 0.71308611 | CR10: 1.0450315 | CS10: 1.6194391
A11: BH3 | B11: 1.3609008 | C11: 1.3608807 | D11: 0.84338232 | E11: 1.3490351 | F11: 1.3490148 | G11: 0.82963951 | H11: 1.3488594 | I11: 1.3488391 | J11: 0.81659324 | K11: 1.3520319 | L11: 1.3520116 | M11: 0.82146674 | N11: 1.3458555 | O11: 1.3458352 | P11: 0.81682082 | Q11: 1.3472497 | R11: 1.3472293 | S11: 0.81900808 | T11: 1.348346 | U11: 1.3483257 | V11: 0.81779871 | W11: 1.3482357 | X11: 1.3482189 | Y11: 0.82131965 | Z11: 1.3532549 | AA11: 1.3532381 | AB11: 0.83059671 | AC11: 1.3538556 | AD11: 1.3538354 | AE11: 0.81576772 | AF11: 1.3433258 | AG11: 1.3433054 | AH11: 0.8037804 | AI11: 1.3479221 | AJ11: 1.3478914 | AK11: 0.81189082 | AL11: 1.3443735 | AM11: 1.3443359 | AN11: 0.81150727 | AO11: 1.3615733 | AP11: 1.3615532 | AQ11: 0.82106502 | AR11: 1.3541954 | AS11: 1.3541752 | AT11: 0.80793781 | AU11: 1.3461559 | AV11: 1.3461562 | AW11: 0.81421689 | AX11: 1.3462283 | AY11: 1.3462115 | AZ11: 0.81278317 | BA11: 1.3492762 | BB11: 1.3492559 | BC11: 0.81815092 | BD11: 1.345303 | BE11: 1.3452826 | BF11: 0.81369168 | BG11: 1.3444496 | BH11: 1.3444292 | BI11: 0.80978763 | BJ11: 1.3471013 | BK11: 1.347081 | BL11: 0.81863922 | BM11: 1.3456483 | BN11: 1.3456314 | BO11: 0.81707109 | BP11: 1.345707 | BQ11: 1.3456867 | BR11: 0.81412558 | BS11: 1.3500061 | BT11: 1.3499823 | BU11: 0.82137057 | BV11: 1.3514578 | BW11: 1.3514376 | BX11: 0.82013636 | BY11: 1.3453824 | BZ11: 1.3453793 | CA11: 0.81376591 | CB11: 1.3455517 | CC11: 1.3455347 | CD11: 0.81210828 | CE11: 1.3499751 | CF11: 1.3499548 | CG11: 0.8211782 | CH11: 1.3458797 | CI11: 1.3458628 | CJ11: 0.81538599 | CK11: 1.3685889 | CL11: 1.3685689 | CM11: 0.84519855 | CN11: 1.3523034 | CO11: 1.3522831 | CP11: 0.82443112 | CQ11: 1.3480875 | CR11: 1.3480706 | CS11: 0.81932007
A12: BO | B12: 0.78698471 | C12: 0.78698471 | D12: 1.3564866 | E12: 0.77789565 | F12: 0.77789565 | G12: 1.3490207 | H12: 0.77286166 | I12: 0.77286166 | J12: 1.3478662 | K12: 0.77766403 | L12: 0.77766403 | M12: 1.3495621 | N12: 0.77295415 | O12: 0.77295415 | P12: 1.3466995 | Q12: 0.77433652 | R12: 0.77433652 | S12: 1.3474993 | T12: 0.77205836 | U12: 0.77205836 | V12: 1.3457379 | W12: 0.7758528 | X12: 0.7758528 | Y12: 1.3484466 | Z12: 0.77639441 | AA12: 0.77639441 | AB12: 1.3528709 | AC12: 0.77424788 | AD12: 0.77424788 | AE12: 1.3459615 | AF12: 0.76392275 | AG12: 0.76392275 | AH12: 1.3436147 | AI12: 0.76836055 | AJ12: 0.76836055 | AK12: 1.3433437 | AL12: 0.77021167 | AM12: 0.77021167 | AN12: 1.3455 | AO12: 0.77783684 | AP12: 0.77783684 | AQ12: 1.3475969 | AR12: 0.76673248 | AS12: 0.76673248 | AT12: 1.3447858 | AU12: 0.77079434 | AV12: 0.77079434 | AW12: 1.343494 | AX12: 0.77275805 | AY12: 0.77275805 | AZ12: 1.3470988 | BA12: 0.77371587 | BB12: 0.77371587 | BC12: 1.3459127 | BD12: 0.76979203 | BE12: 0.76979203 | BF12: 1.3447558 | BG12: 0.76316625 | BH12: 0.76316625 | BI12: 1.3363395 | BJ12: 0.77259522 | BK12: 0.77259522 | BL12: 1.3422314 | BM12: 0.77141363 | BN12: 0.77141363 | BO12: 1.3442355 | BP12: 0.76851684 | BQ12: 0.76851684 | BR12: 1.3444831 | BS12: 0.77440668 | BT12: 0.77440668 | BU12: 1.3440784 | BV12: 0.77451376 | BW12: 0.77451376 | BX12: 1.3423694 | BY12: 0.76901899 | BZ12: 0.76901899 | CA12: 1.3411026 | CB12: 0.77136173 | CC12: 0.77136173 | CD12: 1.3455392 | CE12: 0.77432913 | CF12: 0.77432913 | CG12: 1.3456458 | CH12: 0.77053089 | CI12: 0.77053089 | CJ12: 1.3434275 | CK12: 0.7739967 | CL12: 0.7739967 | CM12: 1.3459736 | CN12: 0.77820438 | CO12: 0.77820438 | CP12: 1.3455695 | CQ12: 0.77227685 | CR12: 0.77227685 | CS12: 1.3436768
A13: BS | B13: 0.83499403 | C13: 0.83499403 | D13: 1.5164507 | E13: 0.82525736 | F13: 0.82525736 | G13: 1.5101725 | H13: 0.82161999 | I13: 0.82161999 | J13: 1.5088705 | K13: 0.8260292 | L13: 0.8260292 | M13: 1.510934 | N13: 0.82091301 | O13: 0.82091301 | P13: 1.5073817 | Q13: 0.82229408 | R13: 0.82229408 | S13: 1.5082435 | T13: 0.81995503 | U13: 0.81995503 | V13: 1.5065793 | W13: 0.82352237 | X13: 0.82352237 | Y13: 1.509216 | Z13: 0.83227388 | AA13: 0.83227388 | AB13: 1.5143921 | AC13: 0.82412187 | AD13: 0.82412187 | AE13: 1.5070707 | AF13: 0.81487239 | AG13: 0.81487239 | AH13: 1.5041364 | AI13: 0.81797511 | AJ13: 0.81797511 | AK13: 1.5036399 | AL13: 0.81964841 | AM13: 0.81964841 | AN13: 1.5055985 | AO13: 0.83141842 | AP13: 0.83141842 | AQ13: 1.5081547 | AR13: 0.81861976 | AS13: 0.81861976 | AT13: 1.5050028 | AU13: 0.82170186 | AV13: 0.82170186 | AW13: 1.5045637 | AX13: 0.82138512 | AY13: 0.82138512 | AZ13: 1.5077407 | BA13: 0.82521232 | BB13: 0.82521232 | BC13: 1.5070735 | BD13: 0.82114587 | BE13: 0.82114587 | BF13: 1.5054685 | BG13: 0.82612135 | BH13: 0.82612135 | BI13: 1.4962545 | BJ13: 0.82543752 | BK13: 0.82543752 | BL13: 1.5040098 | BM13: 0.82305579 | BN13: 0.82305579 | BO13: 1.5048568 | BP13: 0.82020974 | BQ13: 0.82020974 | BR13: 1.5048948 | BS13: 0.82774397 | BT13: 0.82774397 | BU13: 1.5056627 | BV13: 0.82520803 | BW13: 0.82520803 | BX13: 1.5032026 | BY13: 0.82291168 | BZ13: 0.82291168 | CA13: 1.5022308 | CB13: 0.82146916 | CC13: 0.82146916 | CD13: 1.506218 | CE13: 0.82613849 | CF13: 0.82613849 | CG13: 1.5054245 | CH13: 0.82301063 | CI13: 0.82301063 | CJ13: 1.5031525 | CK13: 0.82530455 | CL13: 0.82530455 | CM13: 1.5043921 | CN13: 0.8293997 | CO13: 0.8293997 | CP13: 1.5059323 | CQ13: 0.82472094 | CR13: 0.82472094 | CS13: 1.5046366
A14: C2H | B14: 0.87268425 | C14: 0.87268425 | D14: 1.5542355 | E14: 0.8607774 | F14: 0.8607774 | G14: 1.5476206 | H14: 0.85644454 | I14: 0.85644454 | J14: 1.5465062 | K14: 0.86110954 | L14: 0.86110954 | M14: 1.5502138 | N14: 0.8555125 | O14: 0.8555125 | P14: 1.5458932 | Q14: 0.8570987 | R14: 0.8570987 | S14: 1.5468959 | T14: 0.85641783 | U14: 0.85641783 | V14: 1.5461646 | W14: 0.85859539 | X14: 0.85859539 | Y14: 1.5475259 | Z14: 0.86166061 | AA14: 0.86166061 | AB14: 1.5557421 | AC14: 0.85928785 | AD14: 0.85928785 | AE14: 1.5449144 | AF14: 0.84767864 | AG14: 0.84767864 | AH14: 1.5427839 | AI14: 0.85298185 | AJ14: 0.85298185 | AK14: 1.5428353 | AL14: 0.85478353 | AM14: 0.85478353 | AN14: 1.5436219 | AO14: 0.86863468 | AP14: 0.86863468 | AQ14: 1.5474372 | AR14: 0.85254257 | AS14: 0.85254257 | AT14: 1.5424924 | AU14: 0.85613063 | AV14: 0.85613063 | AW14: 1.542885 | AX14: 0.85648461 | AY14: 0.85648461 | AZ14: 1.5455952 | BA14: 0.86024239 | BB14: 0.86024239 | BC14: 1.5464047 | BD14: 0.85603377 | BE14: 0.85603377 | BF14: 1.5430787 | BG14: 0.86045511 | BH14: 0.86045511 | BI14: 1.5366674 | BJ14: 0.86057806 | BK14: 0.86057806 | BL14: 1.5440491 | BM14: 0.85803569 | BN14: 0.85803569 | BO14: 1.5433064 | BP14: 0.85318632 | BQ14: 0.85318632 | BR14: 1.5458059 | BS14: 0.8617668 | BT14: 0.8617668 | BU14: 1.5444026 | BV14: 0.85944091 | BW14: 0.85944091 | BX14: 1.5463041 | BY14: 0.85723548 | BZ14: 0.85723548 | CA14: 1.5411847 | CB14: 0.85651131 | CC14: 0.85651131 | CD14: 1.5441558 | CE14: 0.86152786 | CF14: 0.86152786 | CG14: 1.5455975 | CH14: 0.85749896 | CI14: 0.85749896 | CJ14: 1.5420896 | CK14: 0.86076744 | CL14: 0.86076744 | CM14: 1.5442492 | CN14: 0.86443384 | CO14: 0.86443384 | CP14: 1.5464392 | CQ14: 0.85826561 | CR14: 0.85826561 | CS14: 1.5438975
A15: C2H2 | B15: 0.86817721 | C15: 0.86817721 | D15: 1.7087401 | E15: 0.85557672 | F15: 0.85557672 | G15: 1.7027797 | H15: 0.85132679 | I15: 0.85132679 | J15: 1.7037743 | K15: 0.85569464 | L15: 0.85569464 | M15: 1.7073643 | N15: 0.84986898 | O15: 0.84986898 | P15: 1.7026144 | Q15: 0.85158875 | R15: 0.85158875 | S15: 1.7035685 | T15: 0.8504905 | U15: 0.8504905 | V15: 1.7026939 | W15: 0.85314634 | X15: 0.85314634 | Y15: 1.7040392 | Z15: 0.8552539 | AA15: 0.8552539 | AB15: 1.7109965 | AC15: 0.8531619 | AD15: 0.8531619 | AE15: 1.7022728 | AF15: 0.8420976 | AG15: 0.8420976 | AH15: 1.7005998 | AI15: 0.8480925 | AJ15: 0.8480925 | AK15: 1.7009058 | AL15: 0.84978774 | AM15: 0.84978774 | AN15: 1.7009136 | AO15: 0.86242971 | AP15: 0.86242971 | AQ15: 1.7052838 | AR15: 0.84664166 | AS15: 0.84664166 | AT15: 1.7011665 | AU15: 0.85101172 | AV15: 0.85101172 | AW15: 1.6991628 | AX15: 0.85097428 | AY15: 0.85097428 | AZ15: 1.7025317 | BA15: 0.85500238 | BB15: 0.85500238 | BC15: 1.7032256 | BD15: 0.85069965 | BE15: 0.85069965 | BF15: 1.699669 | BG15: 0.85740582 | BH15: 0.85740582 | BI15: 1.6917802 | BJ15: 0.85449291 | BK15: 0.85449291 | BL15: 1.6998252 | BM15: 0.85285061 | BN15: 0.85285061 | BO15: 1.6995534 | BP15: 0.84797039 | BQ15: 0.84797039 | BR15: 1.7027937 | BS15: 0.85548982 | BT15: 0.85548982 | BU15: 1.6999346 | BV15: 0.85336728 | BW15: 0.85336728 | BX15: 1.7033051 | BY15: 0.85267002 | BZ15: 0.85267002 | CA15: 1.6970362 | CB15: 0.8511178 | CC15: 0.8511178 | CD15: 1.7009417 | CE15: 0.85644836 | CF15: 0.85644836 | CG15: 1.7018984 | CH15: 0.85203139 | CI15: 0.85203139 | CJ15: 1.6981811 | CK15: 0.85509865 | CL15: 0.85509865 | CM15: 1.7001501 | CN15: 0.85864059 | CO15: 0.85864059 | CP15: 1.7020341 | CQ15: 0.85254856 | CR15: 0.85254856 | CS15: 1.7002891
... A95: SH- | B95: 1.0219 | C95: 1.0219 | D95: 1.0690301 | E95: 0.97355708 | F95: 0.97355708 | G95: 1.0426407 | H95: 0.97223461 | I95: 0.97223461 | J95: 1.0400129 | K95: 0.98398684 | L95: 0.98398684 | M95: 1.0491578 | N95: 0.96712311 | O95: 0.96712311 | P95: 1.0372544 | Q95: 0.97184155 | R95: 0.97184155 | S95: 1.0412166 | T95: 0.97976966 | U95: 0.97976966 | V95: 1.0446997 | W95: 0.97462775 | X95: 0.97462775 | Y95: 1.0428923 | Z95: 0.97153337 | AA95: 0.97153337 | AB95: 1.0576547 | AC95: 0.97072101 | AD95: 0.97072101 | AE95: 1.0388744 | AF95: 0.94241896 | AG95: 0.94241896 | AH95: 1.0218323 | AI95: 0.94908571 | AJ95: 0.94908571 | AK95: 1.0269711 | AL95: 0.9581835 | AM95: 0.9581835 | AN95: 1.0311991 | AO95: 0.97332159 | AP95: 0.97332159 | AQ95: 1.0401092 | AR95: 0.94348557 | AS95: 0.94348557 | AT95: 1.0216157 | AU95: 0.95835591 | AV95: 0.95835591 | AW95: 1.0304466 | AX95: 0.96607405 | AY95: 0.96607405 | AZ95: 1.0367388 | BA95: 0.96413317 | BB95: 0.96413317 | BC95: 1.0378523 | BD95: 0.95436308 | BE95: 0.95436308 | BF95: 1.0300997 | BG95: 0.93137757 | BH95: 0.93137757 | BI95: 1.0166462 | BJ95: 0.94841527 | BK95: 0.94841527 | BL95: 1.0307798 | BM95: 0.95482822 | BN95: 0.95482822 | BO95: 1.0310747 | BP95: 0.95548768 | BQ95: 0.95548768 | BR95: 1.0335355 | BS95: 0.95417047 | BT95: 0.95417047 | BU95: 1.0347302 | BV95: 0.95133087 | BW95: 0.95133087 | BX95: 1.0310337 | BY95: 0.94903566 | BZ95: 0.94903566 | CA95: 1.0260596 | CB95: 0.95874157 | CC95: 0.95874157 | CD95: 1.0326024 | CE95: 0.95420943 | CF95: 0.95420943 | CG95: 1.0330773 | CH95: 0.95093135 | CI95: 0.95093135 | CJ95: 1.0281745 | CK95: 0.94601039 | CL95: 0.94601039 | CM95: 1.027378 | CN95: 0.95655051 | CO95: 0.95655051 | CP95: 1.0355264 | CQ95: 0.94799709 | CR95: 0.94799709 | CS95: 1.0280696

Sheet combine_values
A1: method | B1: CCSD\(T\) | C1: CCSD\(T\) | D1: CCSD\(T\) | F1: HF | G1: HF | H1: HF | I1: MP2 | J1: MP2 | K1: MP2 | L1: CCSD | M1: CCSD | N1: CCSD | O1: Slater | P1: Slater | Q1: Slater | R1: SPW92 | S1: SPW92 | T1: SPW92 | U1: B97-D3 | V1: B97-D3 | W1: B97-D3 | X1: BLYP | Y1: BLYP | Z1: BLYP | AA1: BPBE | AB1: BPBE | AC1: BPBE | AD1: mPW91 | AE1: mPW91 | AF1: mPW91 | AG1: N12 | AH1: N12 | AI1: N12 | AJ1: PBE | AK1: PBE | AL1: PBE | AM1: SOGGA11 | AN1: SOGGA11 | AO1: SOGGA11 | AP1: B97M-V | AQ1: B97M-V | AR1: B97M-V | AS1: M06-L | AT1: M06-L | AU1: M06-L | AV1: mBEEF | AW1: mBEEF | AX1: mBEEF | AY1: MGGA_MS2 | AZ1: MGGA_MS2 | BA1: MGGA_MS2 | BB1: MN15-L | BC1: MN15-L | BD1: MN15-L | BE1: revM06-L | BF1: revM06-L | BG1: revM06-L | BH1: SCAN | BI1: SCAN | BJ1: SCAN | BK1: TPSS | BL1: TPSS | BM1: TPSS | BN1: B3LYP | BO1: B3LYP | BP1: B3LYP | BQ1: B97-2 | BR1: B97-2 | BS1: B97-2 | BT1: HFLYP | BU1: HFLYP | BV1: HFLYP | BW1: M06-2X | BX1: M06-2X | BY1: M06-2X | BZ1: PBE0 | CA1: PBE0 | CB1: PBE0 | CC1: M06 | CD1: M06 | CE1: M06 | CF1: M08-HX | CG1: M08-HX | CH1: M08-HX | CI1: MN15 | CJ1: MN15 | CK1: MN15 | CL1: SCAN0 | CM1: SCAN0 | CN1: SCAN0 | CO1: TPSSh | CP1: TPSSh | CQ1: TPSSh | CR1: CAM-B3LYP | CS1: CAM-B3LYP | CT1: CAM-B3LYP | CU1: wB97X-D | CV1: wB97X-D | CW1: wB97X-D | CX1: wB97X-V | CY1: wB97X-V | CZ1: wB97X-V | DA1: wB97M-V | DB1: wB97M-V | DC1: wB97M-V | DD1: wM05-D | DE1: wM05-D | DF1: wM05-D
A2: component | B2: XX | C2: YY | D2: ZZ | F2: XX | G2: YY | H2: ZZ | I2: XX | J2: YY | K2: ZZ | L2: XX | M2: YY | N2: ZZ | O2: XX | P2: YY | Q2: ZZ | R2: XX | S2: YY | T2: ZZ | U2: XX | V2: YY | W2: ZZ | X2: XX | Y2: YY | Z2: ZZ | AA2: XX | AB2: YY | AC2: ZZ | AD2: XX | AE2: YY | AF2: ZZ | AG2: XX | AH2: YY | AI2: ZZ | AJ2: XX | AK2: YY | AL2: ZZ | AM2: XX | AN2: YY | AO2: ZZ | AP2: XX | AQ2: YY | AR2: ZZ | AS2: XX | AT2: YY | AU2: ZZ | AV2: XX | AW2: YY | AX2: ZZ | AY2: XX | AZ2: YY | BA2: ZZ | BB2: XX | BC2: YY | BD2: ZZ | BE2: XX | BF2: YY | BG2: ZZ | BH2: XX | BI2: YY | BJ2: ZZ | BK2: XX | BL2: YY | BM2: ZZ | BN2: XX | BO2: YY | BP2: ZZ | BQ2: XX | BR2: YY | BS2: ZZ | BT2: XX | BU2: YY | BV2: ZZ | BW2: XX | BX2: YY | BY2: ZZ | BZ2: XX | CA2: YY | CB2: ZZ | CC2: XX | CD2: YY | CE2: ZZ | CF2: XX | CG2: YY | CH2: ZZ | CI2: XX | CJ2: YY | CK2: ZZ | CL2: XX | CM2: YY | CN2: ZZ | CO2: XX | CP2: YY | CQ2: ZZ | CR2: XX | CS2: YY | CT2: ZZ | CU2: XX | CV2: YY | CW2: ZZ | CX2: XX | CY2: YY | CZ2: ZZ | DA2: XX | DB2: YY | DC2: ZZ | DD2: XX | DE2: YY | DF2: ZZ
A3: molecule
A4: AlF | B4: =OFFSET(wft_table!L$7,(ROW(wft_table!L1)-1)*4,0) -> 0.72880654 | C4: =OFFSET(wft_table!M$7,(ROW(wft_table!M1)-1)*4,0) -> 0.72880654 | D4: =OFFSET(wft_table!N$7,(ROW(wft_table!N1)-1)*4,0) -> 1.750396 | F4: =OFFSET(wft_table!C$7,(ROW(wft_table!C1)-1)*4,0) -> 0.72854306 | G4: =OFFSET(wft_table!D$7,(ROW(wft_table!D1)-1)*4,0) -> 0.72854306 | H4: =OFFSET(wft_table!E$7,(ROW(wft_table!E1)-1)*4,0) -> 1.7621938 | I4: =OFFSET(wft_table!F$7,(ROW(wft_table!F1)-1)*4,0) -> 0.73036575 | J4: =OFFSET(wft_table!G$7,(ROW(wft_table!G1)-1)*4,0) -> 0.73036575 | K4: =OFFSET(wft_table!H$7,(ROW(wft_table!H1)-1)*4,0) -> 1.7515945 | L4: =OFFSET(wft_table!I$7,(ROW(wft_table!I1)-1)*4,0) -> 0.72726282 | M4: =OFFSET(wft_table!J$7,(ROW(wft_table!J1)-1)*4,0) -> 0.72726282 | N4: =OFFSET(wft_table!K$7,(ROW(wft_table!K1)-1)*4,0) -> 1.751902 | O4: 0.74836109 | P4: 0.74836109 | Q4: 1.7521481 | R4: 0.73560133 | S4: 0.73560133 | T4: 1.7471144 | U4: 0.73412284 | V4: 0.73412284 | W4: 1.7504678 | X4: 0.73648058 | Y4: 0.73648058 | Z4: 1.7501495 | AA4: 0.73291115 | AB4: 0.73291115 | AC4: 1.7488949 | AD4: 0.7342195 | AE4: 0.7342195 | AF4: 1.7491885 | AG4: 0.7315381 | AH4: 0.7315381 | AI4: 1.750794 | AJ4: 0.735831 | AK4: 0.735831 | AL4: 1.7495727 | AM4: 0.75644808 | AN4: 0.75644808 | AO4: 1.7529771 | AP4: 0.73350342 | AQ4: 0.73350342 | AR4: 1.7538892 | AS4: 0.72483431 | AT4: 0.72483431 | AU4: 1.7488584 | AV4: 0.73059971 | AW4: 0.73059971 | AX4: 1.751904 | AY4: 0.73202531 | AZ4: 0.73202531 | BA4: 1.751487 | BB4: 0.74585289 | BC4: 0.74585289 | BD4: 1.7597504 | BE4: 0.72853378 | BF4: 0.72853378 | BG4: 1.7583675 | BH4: 0.73217302 | BI4: 0.73217302 | BJ4: 1.7510181 | BK4: 0.73362781 | BL4: 0.73362781 | BM4: 1.7512682 | BN4: 0.73206455 | BO4: 0.73206455 | BP4: 1.7512251 | BQ4: 0.73013469 | BR4: 0.73013469 | BS4: 1.7518132 | BT4: 0.7220736 | BU4: 0.7220736 | BV4: 1.7577111 | BW4: 0.72809761 | BX4: 0.72809761 | BY4: 1.7501184 | BZ4: 0.73092111 | CA4: 0.73092111 | CB4: 1.7515189 | CC4: 0.72389424 | CD4: 0.72389424 | CE4: 1.7475937 | CF4: 0.73084482 | CG4: 0.73084482 | CH4: 1.7543406 | CI4: 0.73740003 | CJ4: 0.73740003 | CK4: 1.7509029 | CL4: 0.72929876 | CM4: 0.72929876 | CN4: 1.7523173 | CO4: 0.73192373 | CP4: 0.73192373 | CQ4: 1.7519403 | CR4: 0.73135329 | CS4: 0.73135329 | CT4: 1.7523969 | CU4: 0.7294563 | CV4: 0.7294563 | CW4: 1.7526469 | CX4: 0.7315866 | CY4: 0.7315866 | CZ4: 1.7543901 | DA4: 0.73365545 | DB4: 0.73365545 | DC4: 1.7507439 | DD4: 0.72987313 | DE4: 0.72987313 | DF4: 1.7500091
A5: Ar | B5: =OFFSET(wft_table!L$7,(ROW(wft_table!L2)-1)*4,0) -> 0.69285369 | C5: =OFFSET(wft_table!M$7,(ROW(wft_table!M2)-1)*4,0) -> 0.69285369 | D5: =OFFSET(wft_table!N$7,(ROW(wft_table!N2)-1)*4,0) -> 0.69285369 | F5: =OFFSET(wft_table!C$7,(ROW(wft_table!C2)-1)*4,0) -> 0.69439921 | G5: =OFFSET(wft_table!D$7,(ROW(wft_table!D2)-1)*4,0) -> 0.69439921 | H5: =OFFSET(wft_table!E$7,(ROW(wft_table!E2)-1)*4,0) -> 0.69439921 | I5: =OFFSET(wft_table!F$7,(ROW(wft_table!F2)-1)*4,0) -> 0.69340193 | J5: =OFFSET(wft_table!G$7,(ROW(wft_table!G2)-1)*4,0) -> 0.69340193 | K5: =OFFSET(wft_table!H$7,(ROW(wft_table!H2)-1)*4,0) -> 0.69340193 | L5: =OFFSET(wft_table!I$7,(ROW(wft_table!I2)-1)*4,0) -> 0.69246999 | M5: =OFFSET(wft_table!J$7,(ROW(wft_table!J2)-1)*4,0) -> 0.69246999 | N5: =OFFSET(wft_table!K$7,(ROW(wft_table!K2)-1)*4,0) -> 0.69246999 | O5: 0.70452653 | P5: 0.70452653 | Q5: 0.70452653 | R5: 0.69790575 | S5: 0.69790575 | T5: 0.69790575 | U5: 0.69342004 | V5: 0.69342004 | W5: 0.69342004 | X5: 0.6990825 | Y5: 0.6990825 | Z5: 0.6990825 | AA5: 0.69502052 | AB5: 0.69502052 | AC5: 0.69502052 | AD5: 0.69601821 | AE5: 0.69601821 | AF5: 0.69601821 | AG5: 0.69123948 | AH5: 0.69123948 | AI5: 0.69123948 | AJ5: 0.69692854 | AK5: 0.69692854 | AL5: 0.69692854 | AM5: 0.69470548 | AN5: 0.69470548 | AO5: 0.69470548 | AP5: 0.69387855 | AQ5: 0.69387855 | AR5: 0.69387855 | AS5: 0.69055795 | AT5: 0.69055795 | AU5: 0.69055795 | AV5: 0.69100341 | AW5: 0.69100341 | AX5: 0.69100341 | AY5: 0.6930268 | AZ5: 0.6930268 | BA5: 0.6930268 | BB5: 0.69633563 | BC5: 0.69633563 | BD5: 0.69633563 | BE5: 0.69181586 | BF5: 0.69181586 | BG5: 0.69181586 | BH5: 0.69374758 | BI5: 0.69374758 | BJ5: 0.69374758 | BK5: 0.69509778 | BL5: 0.69509778 | BM5: 0.69509778 | BN5: 0.69678036 | BO5: 0.69678036 | BP5: 0.69678036 | BQ5: 0.69244546 | BR5: 0.69244546 | BS5: 0.69244546 | BT5: 0.69200391 | BU5: 0.69200391 | BV5: 0.69200391 | BW5: 0.69494029 | BX5: 0.69494029 | BY5: 0.69494029 | BZ5: 0.69450627 | CA5: 0.69450627 | CB5: 0.69450627 | CC5: 0.69286288 | CD5: 0.69286288 | CE5: 0.69286288 | CF5: 0.695668 | CG5: 0.695668 | CH5: 0.695668 | CI5: 0.69166957 | CJ5: 0.69166957 | CK5: 0.69166957 | CL5: 0.69312513 | CM5: 0.69312513 | CN5: 0.69312513 | CO5: 0.6943427 | CP5: 0.6943427 | CQ5: 0.6943427 | CR5: 0.69720704 | CS5: 0.69720704 | CT5: 0.69720704 | CU5: 0.69332175 | CV5: 0.69332175 | CW5: 0.69332175 | CX5: 0.69548688 | CY5: 0.69548688 | CZ5: 0.69548688 | DA5: 0.69756536 | DB5: 0.69756536 | DC5: 0.69756536 | DD5: 0.69476196 | DE5: 0.69476196 | DF5: 0.69476196
A6: BeH | B6: =OFFSET(wft_table!L$7,(ROW(wft_table!L3)-1)*4,0) -> 0.99368082 | C6: =OFFSET(wft_table!M$7,(ROW(wft_table!M3)-1)*4,0) -> 0.99368082 | D6: =OFFSET(wft_table!N$7,(ROW(wft_table!N3)-1)*4,0) -> 1.6258257 | F6: =OFFSET(wft_table!C$7,(ROW(wft_table!C3)-1)*4,0) -> 0.98914899 | G6: =OFFSET(wft_table!D$7,(ROW(wft_table!D3)-1)*4,0) -> 0.98914899 | H6: =OFFSET(wft_table!E$7,(ROW(wft_table!E3)-1)*4,0) -> 1.6465447 | I6: =OFFSET(wft_table!F$7,(ROW(wft_table!F3)-1)*4,0) -> 0.98985366 | J6: =OFFSET(wft_table!G$7,(ROW(wft_table!G3)-1)*4,0) -> 0.98985366 | K6: =OFFSET(wft_table!H$7,(ROW(wft_table!H3)-1)*4,0) -> 1.6335688 | L6: =OFFSET(wft_table!I$7,(ROW(wft_table!I3)-1)*4,0) -> 0.99278453 | M6: =OFFSET(wft_table!J$7,(ROW(wft_table!J3)-1)*4,0) -> 0.99278453 | N6: =OFFSET(wft_table!K$7,(ROW(wft_table!K3)-1)*4,0) -> 1.6270783 | O6: 1.0396475 | P6: 1.0396475 | Q6: 1.6487272 | R6: 1.021016 | S6: 1.021016 | T6: 1.6229892 | U6: 1.0119905 | V6: 1.0119905 | W6: 1.6222705 | X6: 1.0097988 | Y6: 1.0097988 | Z6: 1.6220269 | AA6: 1.003358 | AB6: 1.003358 | AC6: 1.6180907 | AD6: 1.0067682 | AE6: 1.0067682 | AF6: 1.6192359 | AG6: 1.018048 | AH6: 1.018048 | AI6: 1.6386547 | AJ6: 1.0102993 | AK6: 1.0102993 | AL6: 1.6202855 | AM6: 1.0312682 | AN6: 1.0312682 | AO6: 1.6218009 | AP6: 1.0273244 | AQ6: 1.0273244 | AR6: 1.6426538 | AS6: 0.98396417 | AT6: 0.98396417 | AU6: 1.6156648 | AV6: 0.99777769 | AW6: 0.99777769 | AX6: 1.6238103 | AY6: 0.99506171 | AZ6: 0.99506171 | BA6: 1.619569 | BB6: 1.022515 | BC6: 1.022515 | BD6: 1.6504464 | BE6: 0.99820977 | BF6: 0.99820977 | BG6: 1.6408482 | BH6: 1.0013182 | BI6: 1.0013182 | BJ6: 1.6198093 | BK6: 1.0007835 | BL6: 1.0007835 | BM6: 1.616571 | BN6: 1.0027428 | BO6: 1.0027428 | BP6: 1.6225195 | BQ6: 1.0021643 | BR6: 1.0021643 | BS6: 1.6267221 | BT6: 0.98478742 | BU6: 0.98478742 | BV6: 1.6290501 | BW6: 1.0068716 | BX6: 1.0068716 | BY6: 1.6161825 | BZ6: 1.0020011 | CA6: 1.0020011 | CB6: 1.6218952 | CC6: 1.0032839 | CD6: 1.0032839 | CE6: 1.6200617 | CF6: 1.0071817 | CG6: 1.0071817 | CH6: 1.6338911 | CI6: 1.0328818 | CJ6: 1.0328818 | CK6: 1.6270494 | CL6: 0.99855977 | CM6: 0.99855977 | CN6: 1.6204713 | CO6: 0.999185 | CP6: 0.999185 | CQ6: 1.6173156 | CR6: 1.0025723 | CS6: 1.0025723 | CT6: 1.6254349 | CU6: 1.0028021 | CV6: 1.0028021 | CW6: 1.6340919 | CX6: 1.0009469 | CY6: 1.0009469 | CZ6: 1.6335338 | DA6: 1.0251655 | DB6: 1.0251655 | DC6: 1.6307032 | DD6: 1.0075581 | DE6: 1.0075581 | DF6: 1.626805
A7: BeH2 | B7: =OFFSET(wft_table!L$7,(ROW(wft_table!L4)-1)*4,0) -> 0.90145481 | C7: =OFFSET(wft_table!M$7,(ROW(wft_table!M4)-1)*4,0) -> 0.90145481 | D7: =OFFSET(wft_table!N$7,(ROW(wft_table!N4)-1)*4,0) -> 1.8867482 | F7: =OFFSET(wft_table!C$7,(ROW(wft_table!C4)-1)*4,0) -> 0.9016951 | G7: =OFFSET(wft_table!D$7,(ROW(wft_table!D4)-1)*4,0) -> 0.9016951 | H7: =OFFSET(wft_table!E$7,(ROW(wft_table!E4)-1)*4,0) -> 1.9001487 | I7: =OFFSET(wft_table!F$7,(ROW(wft_table!F4)-1)*4,0) -> 0.89990146 | J7: =OFFSET(wft_table!G$7,(ROW(wft_table!G4)-1)*4,0) -> 0.89990146 | K7: =OFFSET(wft_table!H$7,(ROW(wft_table!H4)-1)*4,0) -> 1.8900465 | L7: =OFFSET(wft_table!I$7,(ROW(wft_table!I4)-1)*4,0) -> 0.90086783 | M7: =OFFSET(wft_table!J$7,(ROW(wft_table!J4)-1)*4,0) -> 0.90086783 | N7: =OFFSET(wft_table!K$7,(ROW(wft_table!K4)-1)*4,0) -> 1.8875948 | O7: 0.94719506 | P7: 0.94719506 | Q7: 1.893168 | R7: 0.92643523 | S7: 0.92643523 | T7: 1.8818534 | U7: 0.9115222 | V7: 0.9115222 | W7: 1.8912197 | X7: 0.91563193 | Y7: 0.91563193 | Z7: 1.8910035 | AA7: 0.91034555 | AB7: 0.91034555 | AC7: 1.8836271 | AD7: 0.91305704 | AE7: 0.91305704 | AF7: 1.8848141 | AG7: 0.91301632 | AH7: 0.91301632 | AI7: 1.8885512 | AJ7: 0.91599725 | AK7: 0.91599725 | AL7: 1.8846629 | AM7: 0.92397762 | AN7: 0.92397762 | AO7: 1.8975025 | AP7: 0.91207259 | AQ7: 0.91207259 | AR7: 1.9129686 | AS7: 0.89443749 | AT7: 0.89443749 | AU7: 1.8851264 | AV7: 0.90459006 | AW7: 0.90459006 | AX7: 1.8937668 | AY7: 0.9036581 | AZ7: 0.9036581 | BA7: 1.8834067 | BB7: 0.91865159 | BC7: 0.91865159 | BD7: 1.917911 | BE7: 0.8996383 | BF7: 0.8996383 | BG7: 1.9102882 | BH7: 0.90742116 | BI7: 0.90742116 | BJ7: 1.8884462 | BK7: 0.90386376 | BL7: 0.90386376 | BM7: 1.8837521 | BN7: 0.90999158 | BO7: 0.90999158 | BP7: 1.8901252 | BQ7: 0.90560316 | BR7: 0.90560316 | BS7: 1.8876324 | BT7: 0.89538597 | BU7: 0.89538597 | BV7: 1.8916161 | BW7: 0.90832198 | BX7: 0.90832198 | BY7: 1.8836567 | BZ7: 0.90894248 | CA7: 0.90894248 | CB7: 1.8850738 | CC7: 0.90295164 | CD7: 0.90295164 | CE7: 1.8807238 | CF7: 0.91118908 | CG7: 0.91118908 | CH7: 1.8973294 | CI7: 0.91536123 | CJ7: 0.91536123 | CK7: 1.9019803 | CL7: 0.90497353 | CM7: 0.90497353 | CN7: 1.8886759 | CO7: 0.90253985 | CP7: 0.90253985 | CQ7: 1.8843506 | CR7: 0.91240539 | CS7: 0.91240539 | CT7: 1.8910887 | CU7: 0.90920827 | CV7: 0.90920827 | CW7: 1.8904333 | CX7: 0.90971239 | CY7: 0.90971239 | CZ7: 1.8905906 | DA7: 0.91713287 | DB7: 0.91713287 | DC7: 1.8952024 | DD7: 0.91269054 | DE7: 0.91269054 | DF7: 1.892438
A8: BF | B8: =OFFSET(wft_table!L$7,(ROW(wft_table!L5)-1)*4,0) -> 0.74685888 | C8: =OFFSET(wft_table!M$7,(ROW(wft_table!M5)-1)*4,0) -> 0.74685888 | D8: =OFFSET(wft_table!N$7,(ROW(wft_table!N5)-1)*4,0) -> 1.433292 | F8: =OFFSET(wft_table!C$7,(ROW(wft_table!C5)-1)*4,0) -> 0.74345993 | G8: =OFFSET(wft_table!D$7,(ROW(wft_table!D5)-1)*4,0) -> 0.74345993 | H8: =OFFSET(wft_table!E$7,(ROW(wft_table!E5)-1)*4,0) -> 1.4472363 | I8: =OFFSET(wft_table!F$7,(ROW(wft_table!F5)-1)*4,0) -> 0.7499455 | J8: =OFFSET(wft_table!G$7,(ROW(wft_table!G5)-1)*4,0) -> 0.7499455 | K8: =OFFSET(wft_table!H$7,(ROW(wft_table!H5)-1)*4,0) -> 1.4386517 | L8: =OFFSET(wft_table!I$7,(ROW(wft_table!I5)-1)*4,0) -> 0.7450559 | M8: =OFFSET(wft_table!J$7,(ROW(wft_table!J5)-1)*4,0) -> 0.7450559 | N8: =OFFSET(wft_table!K$7,(ROW(wft_table!K5)-1)*4,0) -> 1.4346532 | O8: 0.77247994 | P8: 0.77247994 | Q8: 1.4444191 | R8: 0.75966232 | S8: 0.75966232 | T8: 1.4375948 | U8: 0.7532669 | V8: 0.7532669 | W8: 1.4383296 | X8: 0.7582629 | Y8: 0.7582629 | Z8: 1.4395646 | AA8: 0.75319992 | AB8: 0.75319992 | AC8: 1.4369398 | AD8: 0.75492184 | AE8: 0.75492184 | AF8: 1.4374046 | AG8: 0.75191561 | AH8: 0.75191561 | AI8: 1.4361565 | AJ8: 0.75668546 | AK8: 0.75668546 | AL8: 1.4378281 | AM8: 0.76635438 | AN8: 0.76635438 | AO8: 1.4422996 | AP8: 0.75197917 | AQ8: 0.75197917 | AR8: 1.4408906 | AS8: 0.74378129 | AT8: 0.74378129 | AU8: 1.4366986 | AV8: 0.74865263 | AW8: 0.74865263 | AX8: 1.4375306 | AY8: 0.74953525 | AZ8: 0.74953525 | BA8: 1.4386869 | BB8: 0.75746057 | BC8: 0.75746057 | BD8: 1.4462153 | BE8: 0.74475882 | BF8: 0.74475882 | BG8: 1.4446815 | BH8: 0.75085899 | BI8: 0.75085899 | BJ8: 1.438264 | BK8: 0.75154119 | BL8: 0.75154119 | BM8: 1.4385424 | BN8: 0.75297427 | BO8: 0.75297427 | BP8: 1.4395486 | BQ8: 0.74875902 | BR8: 0.74875902 | BS8: 1.438072 | BT8: 0.73876643 | BU8: 0.73876643 | BV8: 1.4426937 | BW8: 0.74975485 | BX8: 0.74975485 | BY8: 1.4367377 | BZ8: 0.75058665 | CA8: 0.75058665 | CB8: 1.4383892 | CC8: 0.74778317 | CD8: 0.74778317 | CE8: 1.4365209 | CF8: 0.74963089 | CG8: 0.74963089 | CH8: 1.4405094 | CI8: 0.75258274 | CJ8: 0.75258274 | CK8: 1.4380334 | CL8: 0.74780803 | CM8: 0.74780803 | CN8: 1.4387325 | CO8: 0.74970527 | CP8: 0.74970527 | CQ8: 1.4387135 | CR8: 0.75320697 | CS8: 0.75320697 | CT8: 1.4407064 | CU8: 0.74939707 | CV8: 0.74939707 | CW8: 1.4396531 | CX8: 0.75174255 | CY8: 0.75174255 | CZ8: 1.4410043 | DA8: 0.75547034 | DB8: 0.75547034 | DC8: 1.4391603 | DD8: 0.75067862 | DE8: 0.75067862 | DF8: 1.4385298
A9: BH2 | B9: =OFFSET(wft_table!L$7,(ROW(wft_table!L6)-1)*4,0) -> 0.83980428 | C9: =OFFSET(wft_table!M$7,(ROW(wft_table!M6)-1)*4,0) -> 1.0858154 | D9: =OFFSET(wft_table!N$7,(ROW(wft_table!N6)-1)*4,0) -> 1.4313086 | F9: =OFFSET(wft_table!C$7,(ROW(wft_table!C6)-1)*4,0) -> 0.83593901 | G9: =OFFSET(wft_table!D$7,(ROW(wft_table!D6)-1)*4,0) -> 1.0905731 | H9: =OFFSET(wft_table!E$7,(ROW(wft_table!E6)-1)*4,0) -> 1.4378514 | I9: =OFFSET(wft_table!F$7,(ROW(wft_table!F6)-1)*4,0) -> 0.8383993 | J9: =OFFSET(wft_table!G$7,(ROW(wft_table!G6)-1)*4,0) -> 1.0872283 | K9: =OFFSET(wft_table!H$7,(ROW(wft_table!H6)-1)*4,0) -> 1.4323084 | L9: =OFFSET(wft_table!I$7,(ROW(wft_table!I6)-1)*4,0) -> 0.83882565 | M9: =OFFSET(wft_table!J$7,(ROW(wft_table!J6)-1)*4,0) -> 1.0855037 | N9: =OFFSET(wft_table!K$7,(ROW(wft_table!K6)-1)*4,0) -> 1.4313894 | O9: 0.87257331 | P9: 1.1208751 | Q9: 1.4474003 | R9: 0.85805283 | S9: 1.1003279 | T9: 1.4354672 | U9: 0.84424532 | V9: 1.089979 | W9: 1.4352489 | X9: 0.85069341 | Y9: 1.0958837 | Z9: 1.4402022 | AA9: 0.84489297 | AB9: 1.0901286 | AC9: 1.4332902 | AD9: 0.84737209 | AE9: 1.0920414 | AF9: 1.4347826 | AG9: 0.85344818 | AH9: 1.1044484 | AI9: 1.4394645 | AJ9: 0.84991897 | AK9: 1.0947161 | AL9: 1.4354598 | AM9: 0.86072235 | AN9: 1.0978932 | AO9: 1.4412858 | AP9: 0.84779188 | AQ9: 1.0981017 | AR9: 1.4444438 | AS9: 0.82663759 | AT9: 1.0769512 | AU9: 1.4315626 | AV9: 0.83771591 | AW9: 1.085949 | AX9: 1.4353007 | AY9: 0.83755741 | AZ9: 1.0869707 | BA9: 1.4309689 | BB9: 0.85203451 | BC9: 1.1048814 | BD9: 1.4521696 | BE9: 0.83117993 | BF9: 1.0856539 | BG9: 1.4427552 | BH9: 0.83992542 | BI9: 1.0862001 | BJ9: 1.4333384 | BK9: 0.84039948 | BL9: 1.0880124 | BM9: 1.4333495 | BN9: 0.84568457 | BO9: 1.0911962 | BP9: 1.4370349 | BQ9: 0.84101852 | BR9: 1.0889133 | BS9: 1.431978 | BT9: 0.83287134 | BU9: 1.0815834 | BV9: 1.4313288 | BW9: 0.84789837 | BX9: 1.0902305 | BY9: 1.435075 | BZ9: 0.84379859 | CA9: 1.0895058 | CB9: 1.4325823 | CC9: 0.84423274 | CD9: 1.0888175 | CE9: 1.4352304 | CF9: 0.84991897 | CG9: 1.0913214 | CH9: 1.438505 | CI9: 0.85402045 | CJ9: 1.0955661 | CK9: 1.4422435 | CL9: 0.83870426 | CM9: 1.0845393 | CN9: 1.4324118 | CO9: 0.83904611 | CP9: 1.0866144 | CQ9: 1.4325601 | CR9: 0.84754129 | CS9: 1.0917128 | CT9: 1.4370534 | CU9: 0.84245068 | CV9: 1.0897051 | CW9: 1.4331012 | CX9: 0.84633112 | CY9: 1.0935931 | CZ9: 1.4353969 | DA9: 0.85655376 | DB9: 1.0997194 | DC9: 1.4410869 | DD9: 0.84548988 | DE9: 1.0886792 | DF9: 1.4346086
A10: BH2F | B10: =OFFSET(wft_table!L$7,(ROW(wft_table!L7)-1)*4,0) -> 0.71030281 | C10: =OFFSET(wft_table!M$7,(ROW(wft_table!M7)-1)*4,0) -> 1.0424695 | D10: =OFFSET(wft_table!N$7,(ROW(wft_table!N7)-1)*4,0) -> 1.6173207 | F10: =OFFSET(wft_table!C$7,(ROW(wft_table!C7)-1)*4,0) -> 0.70462986 | G10: =OFFSET(wft_table!D$7,(ROW(wft_table!D7)-1)*4,0) -> 1.0430242 | H10: =OFFSET(wft_table!E$7,(ROW(wft_table!E7)-1)*4,0) -> 1.6194996 | I10: =OFFSET(wft_table!F$7,(ROW(wft_table!F7)-1)*4,0) -> 0.71151499 | J10: =OFFSET(wft_table!G$7,(ROW(wft_table!G7)-1)*4,0) -> 1.0438336 | K10: =OFFSET(wft_table!H$7,(ROW(wft_table!H7)-1)*4,0) -> 1.6180727 | L10: =OFFSET(wft_table!I$7,(ROW(wft_table!I7)-1)*4,0) -> 0.70877714 | M10: =OFFSET(wft_table!J$7,(ROW(wft_table!J7)-1)*4,0) -> 1.041721 | N10: =OFFSET(wft_table!K$7,(ROW(wft_table!K7)-1)*4,0) -> 1.6172764 | O10: 0.73159988 | P10: 1.056076 | Q10: 1.6248068 | R10: 0.72188754 | S10: 1.0469018 | T10: 1.6196385 | U10: 0.7133174 | V10: 1.0464445 | W10: 1.6194735 | X10: 0.71858751 | Y10: 1.050044 | Z10: 1.6217286 | AA10: 0.71476211 | AB10: 1.0453605 | AC10: 1.6187842 | AD10: 0.71618443 | AE10: 1.0463024 | AF10: 1.6193772 | AG10: 0.71148454 | AH10: 1.0436455 | AI10: 1.6186134 | AJ10: 0.71788232 | AK10: 1.0471903 | AL10: 1.6198321 | AM10: 0.72072151 | AN10: 1.0493291 | AO10: 1.6212545 | AP10: 0.71211451 | AQ10: 1.0503825 | AR10: 1.6212465 | AS10: 0.70502212 | AT10: 1.0435542 | AU10: 1.6175295 | AV10: 0.70968951 | AW10: 1.0455294 | AX10: 1.6184859 | AY10: 0.71143882 | AZ10: 1.0438592 | BA10: 1.6174539 | BB10: 0.7151813 | BC10: 1.05509 | BD10: 1.6235938 | BE10: 0.70754194 | BF10: 1.0511873 | BG10: 1.6214473 | BH10: 0.71165759 | BI10: 1.0443621 | BJ10: 1.6181887 | BK10: 0.71300465 | BL10: 1.045296 | BM10: 1.6185764 | BN10: 0.7142711 | BO10: 1.0464157 | BP10: 1.6200569 | BQ10: 0.71008553 | BR10: 1.0428928 | BS10: 1.6178738 | BT10: 0.70209297 | BU10: 1.0381971 | BV10: 1.6166039 | BW10: 0.71196768 | BX10: 1.0436099 | BY10: 1.6186659 | BZ10: 0.71259069 | CA10: 1.0433917 | CB10: 1.6182027 | CC10: 0.70950288 | CD10: 1.0441262 | CE10: 1.6182771 | CF10: 0.71398155 | CG10: 1.0461847 | CH10: 1.6207075 | CI10: 0.71364955 | CJ10: 1.0468996 | CK10: 1.6197556 | CL10: 0.70932275 | CM10: 1.0423535 | CN10: 1.617581 | CO10: 0.71145189 | CP10: 1.044084 | CQ10: 1.618115 | CR10: 0.71578205 | CS10: 1.0465156 | CT10: 1.6202595 | CU10: 0.71090958 | CV10: 1.0430175 | CW10: 1.6180471 | CX10: 0.7384748 | CY10: 1.065409 | CZ10: 1.6308994 | DA10: 0.73919806 | DB10: 1.0664966 | DC10: 1.6311311 | DD10: 0.71308611 | DE10: 1.0450315 | DF10: 1.6194391
A11: BH3 | B11: =OFFSET(wft_table!L$7,(ROW(wft_table!L8)-1)*4,0) -> 1.3443331 | C11: =OFFSET(wft_table!M$7,(ROW(wft_table!M8)-1)*4,0) -> 1.3443115 | D11: =OFFSET(wft_table!N$7,(ROW(wft_table!N8)-1)*4,0) -> 0.81380583 | F11: =OFFSET(wft_table!C$7,(ROW(wft_table!C8)-1)*4,0) -> 1.3505532 | G11: =OFFSET(wft_table!D$7,(ROW(wft_table!D8)-1)*4,0) -> 1.3505364 | H11: =OFFSET(wft_table!E$7,(ROW(wft_table!E8)-1)*4,0) -> 0.81298896 | I11: =OFFSET(wft_table!F$7,(ROW(wft_table!F8)-1)*4,0) -> 1.3453047 | J11: =OFFSET(wft_table!G$7,(ROW(wft_table!G8)-1)*4,0) -> 1.3452855 | K11: =OFFSET(wft_table!H$7,(ROW(wft_table!H8)-1)*4,0) -> 0.81353896 | L11: =OFFSET(wft_table!I$7,(ROW(wft_table!I8)-1)*4,0) -> 1.3443245 | M11: =OFFSET(wft_table!J$7,(ROW(wft_table!J8)-1)*4,0) -> 1.3442981 | N11: =OFFSET(wft_table!K$7,(ROW(wft_table!K8)-1)*4,0) -> 0.81302242 | O11: 1.3609008 | P11: 1.3608807 | Q11: 0.84338232 | R11: 1.3490351 | S11: 1.3490148 | T11: 0.82963951 | U11: 1.3488594 | V11: 1.3488391 | W11: 0.81659324 | X11: 1.3520319 | Y11: 1.3520116 | Z11: 0.82146674 | AA11: 1.3458555 | AB11: 1.3458352 | AC11: 0.81682082 | AD11: 1.3472497 | AE11: 1.3472293 | AF11: 0.81900808 | AG11: 1.348346 | AH11: 1.3483257 | AI11: 0.81779871 | AJ11: 1.3482357 | AK11: 1.3482189 | AL11: 0.82131965 | AM11: 1.3532549 | AN11: 1.3532381 | AO11: 0.83059671 | AP11: 1.3538556 | AQ11: 1.3538354 | AR11: 0.81576772 | AS11: 1.3433258 | AT11: 1.3433054 | AU11: 0.8037804 | AV11: 1.3479221 | AW11: 1.3478914 | AX11: 0.81189082 | AY11: 1.3443735 | AZ11: 1.3443359 | BA11: 0.81150727 | BB11: 1.3615733 | BC11: 1.3615532 | BD11: 0.82106502 | BE11: 1.3541954 | BF11: 1.3541752 | BG11: 0.80793781 | BH11: 1.3461559 | BI11: 1.3461562 | BJ11: 0.81421689 | BK11: 1.3462283 | BL11: 1.3462115 | BM11: 0.81278317 | BN11: 1.3492762 | BO11: 1.3492559 | BP11: 0.81815092 | BQ11: 1.345303 | BR11: 1.3452826 | BS11: 0.81369168 | BT11: 1.3444496 | BU11: 1.3444292 | BV11: 0.80978763 | BW11: 1.3471013 | BX11: 1.347081 | BY11: 0.81863922 | BZ11: 1.3456483 | CA11: 1.3456314 | CB11: 0.81707109 | CC11: 1.345707 | CD11: 1.3456867 | CE11: 0.81412558 | CF11: 1.3500061 | CG11: 1.3499823 | CH11: 0.82137057 | CI11: 1.3514578 | CJ11: 1.3514376 | CK11: 0.82013636 | CL11: 1.3453824 | CM11: 1.3453793 | CN11: 0.81376591 | CO11: 1.3455517 | CP11: 1.3455347 | CQ11: 0.81210828 | CR11: 1.3499751 | CS11: 1.3499548 | CT11: 0.8211782 | CU11: 1.3458797 | CV11: 1.3458628 | CW11: 0.81538599 | CX11: 1.3685889 | CY11: 1.3685689 | CZ11: 0.84519855 | DA11: 1.3523034 | DB11: 1.3522831 | DC11: 0.82443112 | DD11: 1.3480875 | DE11: 1.3480706 | DF11: 0.81932007
A12: BO | B12: =OFFSET(wft_table!L$7,(ROW(wft_table!L9)-1)*4,0) -> 0.77081205 | C12: =OFFSET(wft_table!M$7,(ROW(wft_table!M9)-1)*4,0) -> 0.77081205 | D12: =OFFSET(wft_table!N$7,(ROW(wft_table!N9)-1)*4,0) -> 1.3452128 | F12: =OFFSET(wft_table!C$7,(ROW(wft_table!C9)-1)*4,0) -> 0.76742958 | G12: =OFFSET(wft_table!D$7,(ROW(wft_table!D9)-1)*4,0) -> 0.76742958 | H12: =OFFSET(wft_table!E$7,(ROW(wft_table!E9)-1)*4,0) -> 1.341349 | I12: =OFFSET(wft_table!F$7,(ROW(wft_table!F9)-1)*4,0) -> 0.77130955 | J12: =OFFSET(wft_table!G$7,(ROW(wft_table!G9)-1)*4,0) -> 0.77130955 | K12: =OFFSET(wft_table!H$7,(ROW(wft_table!H9)-1)*4,0) -> 1.3457156 | L12: =OFFSET(wft_table!I$7,(ROW(wft_table!I9)-1)*4,0) -> 0.76969276 | M12: =OFFSET(wft_table!J$7,(ROW(wft_table!J9)-1)*4,0) -> 0.76969276 | N12: =OFFSET(wft_table!K$7,(ROW(wft_table!K9)-1)*4,0) -> 1.3435791 | O12: 0.78698471 | P12: 0.78698471 | Q12: 1.3564866 | R12: 0.77789565 | S12: 0.77789565 | T12: 1.3490207 | U12: 0.77286166 | V12: 0.77286166 | W12: 1.3478662 | X12: 0.77766403 | Y12: 0.77766403 | Z12: 1.3495621 | AA12: 0.77295415 | AB12: 0.77295415 | AC12: 1.3466995 | AD12: 0.77433652 | AE12: 0.77433652 | AF12: 1.3474993 | AG12: 0.77205836 | AH12: 0.77205836 | AI12: 1.3457379 | AJ12: 0.7758528 | AK12: 0.7758528 | AL12: 1.3484466 | AM12: 0.77639441 | AN12: 0.77639441 | AO12: 1.3528709 | AP12: 0.77424788 | AQ12: 0.77424788 | AR12: 1.3459615 | AS12: 0.76392275 | AT12: 0.76392275 | AU12: 1.3436147 | AV12: 0.76836055 | AW12: 0.76836055 | AX12: 1.3433437 | AY12: 0.77021167 | AZ12: 0.77021167 | BA12: 1.3455 | BB12: 0.77783684 | BC12: 0.77783684 | BD12: 1.3475969 | BE12: 0.76673248 | BF12: 0.76673248 | BG12: 1.3447858 | BH12: 0.77079434 | BI12: 0.77079434 | BJ12: 1.343494 | BK12: 0.77275805 | BL12: 0.77275805 | BM12: 1.3470988 | BN12: 0.77371587 | BO12: 0.77371587 | BP12: 1.3459127 | BQ12: 0.76979203 | BR12: 0.76979203 | BS12: 1.3447558 | BT12: 0.76316625 | BU12: 0.76316625 | BV12: 1.3363395 | BW12: 0.77259522 | BX12: 0.77259522 | BY12: 1.3422314 | BZ12: 0.77141363 | CA12: 0.77141363 | CB12: 1.3442355 | CC12: 0.76851684 | CD12: 0.76851684 | CE12: 1.3444831 | CF12: 0.77440668 | CG12: 0.77440668 | CH12: 1.3440784 | CI12: 0.77451376 | CJ12: 0.77451376 | CK12: 1.3423694 | CL12: 0.76901899 | CM12: 0.76901899 | CN12: 1.3411026 | CO12: 0.77136173 | CP12: 0.77136173 | CQ12: 1.3455392 | CR12: 0.77432913 | CS12: 0.77432913 | CT12: 1.3456458 | CU12: 0.77053089 | CV12: 0.77053089 | CW12: 1.3434275 | CX12: 0.7739967 | CY12: 0.7739967 | CZ12: 1.3459736 | DA12: 0.77820438 | DB12: 0.77820438 | DC12: 1.3455695 | DD12: 0.77227685 | DE12: 0.77227685 | DF12: 1.3436768
A13: BS | B13: =OFFSET(wft_table!L$7,(ROW(wft_table!L10)-1)*4,0) -> 0.8222529 | C13: =OFFSET(wft_table!M$7,(ROW(wft_table!M10)-1)*4,0) -> 0.8222529 | D13: =OFFSET(wft_table!N$7,(ROW(wft_table!N10)-1)*4,0) -> 1.5060146 | F13: =OFFSET(wft_table!C$7,(ROW(wft_table!C10)-1)*4,0) -> 0.82972192 | G13: =OFFSET(wft_table!D$7,(ROW(wft_table!D10)-1)*4,0) -> 0.82972192 | H13: =OFFSET(wft_table!E$7,(ROW(wft_table!E10)-1)*4,0) -> 1.501898 | I13: =OFFSET(wft_table!F$7,(ROW(wft_table!F10)-1)*4,0) -> 0.82535449 | J13: =OFFSET(wft_table!G$7,(ROW(wft_table!G10)-1)*4,0) -> 0.82535449 | K13: =OFFSET(wft_table!H$7,(ROW(wft_table!H10)-1)*4,0) -> 1.469877 | L13: =OFFSET(wft_table!I$7,(ROW(wft_table!I10)-1)*4,0) -> 0.82273115 | M13: =OFFSET(wft_table!J$7,(ROW(wft_table!J10)-1)*4,0) -> 0.82273115 | N13: =OFFSET(wft_table!K$7,(ROW(wft_table!K10)-1)*4,0) -> 1.5040148 | O13: 0.83499403 | P13: 0.83499403 | Q13: 1.5164507 | R13: 0.82525736 | S13: 0.82525736 | T13: 1.5101725 | U13: 0.82161999 | V13: 0.82161999 | W13: 1.5088705 | X13: 0.8260292 | Y13: 0.8260292 | Z13: 1.510934 | AA13: 0.82091301 | AB13: 0.82091301 | AC13: 1.5073817 | AD13: 0.82229408 | AE13: 0.82229408 | AF13: 1.5082435 | AG13: 0.81995503 | AH13: 0.81995503 | AI13: 1.5065793 | AJ13: 0.82352237 | AK13: 0.82352237 | AL13: 1.509216 | AM13: 0.83227388 | AN13: 0.83227388 | AO13: 1.5143921 | AP13: 0.82412187 | AQ13: 0.82412187 | AR13: 1.5070707 | AS13: 0.81487239 | AT13: 0.81487239 | AU13: 1.5041364 | AV13: 0.81797511 | AW13: 0.81797511 | AX13: 1.5036399 | AY13: 0.81964841 | AZ13: 0.81964841 | BA13: 1.5055985 | BB13: 0.83141842 | BC13: 0.83141842 | BD13: 1.5081547 | BE13: 0.81861976 | BF13: 0.81861976 | BG13: 1.5050028 | BH13: 0.82170186 | BI13: 0.82170186 | BJ13: 1.5045637 | BK13: 0.82138512 | BL13: 0.82138512 | BM13: 1.5077407 | BN13: 0.82521232 | BO13: 0.82521232 | BP13: 1.5070735 | BQ13: 0.82114587 | BR13: 0.82114587 | BS13: 1.5054685 | BT13: 0.82612135 | BU13: 0.82612135 | BV13: 1.4962545 | BW13: 0.82543752 | BX13: 0.82543752 | BY13: 1.5040098 | BZ13: 0.82305579 | CA13: 0.82305579 | CB13: 1.5048568 | CC13: 0.82020974 | CD13: 0.82020974 | CE13: 1.5048948 | CF13: 0.82774397 | CG13: 0.82774397 | CH13: 1.5056627 | CI13: 0.82520803 | CJ13: 0.82520803 | CK13: 1.5032026 | CL13: 0.82291168 | CM13: 0.82291168 | CN13: 1.5022308 | CO13: 0.82146916 | CP13: 0.82146916 | CQ13: 1.506218 | CR13: 0.82613849 | CS13: 0.82613849 | CT13: 1.5054245 | CU13: 0.82301063 | CV13: 0.82301063 | CW13: 1.5031525 | CX13: 0.82530455 | CY13: 0.82530455 | CZ13: 1.5043921 | DA13: 0.8293997 | DB13: 0.8293997 | DC13: 1.5059323 | DD13: 0.82472094 | DE13: 0.82472094 | DF13: 1.5046366
A14: C2H | B14: =OFFSET(wft_table!L$7,(ROW(wft_table!L11)-1)*4,0) -> 0.85471404 | C14: =OFFSET(wft_table!M$7,(ROW(wft_table!M11)-1)*4,0) -> 0.85471404 | D14: =OFFSET(wft_table!N$7,(ROW(wft_table!N11)-1)*4,0) -> 1.557618 | F14: =OFFSET(wft_table!C$7,(ROW(wft_table!C11)-1)*4,0) -> 0.86049831 | G14: =OFFSET(wft_table!D$7,(ROW(wft_table!D11)-1)*4,0) -> 0.86049831 | H14: =OFFSET(wft_table!E$7,(ROW(wft_table!E11)-1)*4,0) -> 1.5450047 | I14: =OFFSET(wft_table!F$7,(ROW(wft_table!F11)-1)*4,0) -> 0.86967383 | J14: =OFFSET(wft_table!G$7,(ROW(wft_table!G11)-1)*4,0) -> 0.86967383 | K14: =OFFSET(wft_table!H$7,(ROW(wft_table!H11)-1)*4,0) -> 1.5467306 | L14: =OFFSET(wft_table!I$7,(ROW(wft_table!I11)-1)*4,0) -> 0.85457572 | M14: =OFFSET(wft_table!J$7,(ROW(wft_table!J11)-1)*4,0) -> 0.85457572 | N14: =OFFSET(wft_table!K$7,(ROW(wft_table!K11)-1)*4,0) -> 1.5565775 | O14: 0.87268425 | P14: 0.87268425 | Q14: 1.5542355 | R14: 0.8607774 | S14: 0.8607774 | T14: 1.5476206 | U14: 0.85644454 | V14: 0.85644454 | W14: 1.5465062 | X14: 0.86110954 | Y14: 0.86110954 | Z14: 1.5502138 | AA14: 0.8555125 | AB14: 0.8555125 | AC14: 1.5458932 | AD14: 0.8570987 | AE14: 0.8570987 | AF14: 1.5468959 | AG14: 0.85641783 | AH14: 0.85641783 | AI14: 1.5461646 | AJ14: 0.85859539 | AK14: 0.85859539 | AL14: 1.5475259 | AM14: 0.86166061 | AN14: 0.86166061 | AO14: 1.5557421 | AP14: 0.85928785 | AQ14: 0.85928785 | AR14: 1.5449144 | AS14: 0.84767864 | AT14: 0.84767864 | AU14: 1.5427839 | AV14: 0.85298185 | AW14: 0.85298185 | AX14: 1.5428353 | AY14: 0.85478353 | AZ14: 0.85478353 | BA14: 1.5436219 | BB14: 0.86863468 | BC14: 0.86863468 | BD14: 1.5474372 | BE14: 0.85254257 | BF14: 0.85254257 | BG14: 1.5424924 | BH14: 0.85613063 | BI14: 0.85613063 | BJ14: 1.542885 | BK14: 0.85648461 | BL14: 0.85648461 | BM14: 1.5455952 | BN14: 0.86024239 | BO14: 0.86024239 | BP14: 1.5464047 | BQ14: 0.85603377 | BR14: 0.85603377 | BS14: 1.5430787 | BT14: 0.86045511 | BU14: 0.86045511 | BV14: 1.5366674 | BW14: 0.86057806 | BX14: 0.86057806 | BY14: 1.5440491 | BZ14: 0.85803569 | CA14: 0.85803569 | CB14: 1.5433064 | CC14: 0.85318632 | CD14: 0.85318632 | CE14: 1.5458059 | CF14: 0.8617668 | CG14: 0.8617668 | CH14: 1.5444026 | CI14: 0.85944091 | CJ14: 0.85944091 | CK14: 1.5463041 | CL14: 0.85723548 | CM14: 0.85723548 | CN14: 1.5411847 | CO14: 0.85651131 | CP14: 0.85651131 | CQ14: 1.5441558 | CR14: 0.86152786 | CS14: 0.86152786 | CT14: 1.5455975 | CU14: 0.85749896 | CV14: 0.85749896 | CW14: 1.5420896 | CX14: 0.86076744 | CY14: 0.86076744 | CZ14: 1.5442492 | DA14: 0.86443384 | DB14: 0.86443384 | DC14: 1.5464392 | DD14: 0.85826561 | DE14: 0.85826561 | DF14: 1.5438975
A15: C2H2 | B15: =OFFSET(wft_table!L$7,(ROW(wft_table!L12)-1)*4,0) -> 0.84973194 | C15: =OFFSET(wft_table!M$7,(ROW(wft_table!M12)-1)*4,0) -> 0.84973194 | D15: =OFFSET(wft_table!N$7,(ROW(wft_table!N12)-1)*4,0) -> 1.7008991 | F15: =OFFSET(wft_table!C$7,(ROW(wft_table!C12)-1)*4,0) -> 0.86279294 | G15: =OFFSET(wft_table!D$7,(ROW(wft_table!D12)-1)*4,0) -> 0.86279294 | H15: =OFFSET(wft_table!E$7,(ROW(wft_table!E12)-1)*4,0) -> 1.6954771 | I15: =OFFSET(wft_table!F$7,(ROW(wft_table!F12)-1)*4,0) -> 0.85055742 | J15: =OFFSET(wft_table!G$7,(ROW(wft_table!G12)-1)*4,0) -> 0.85055742 | K15: =OFFSET(wft_table!H$7,(ROW(wft_table!H12)-1)*4,0) -> 1.7016466 | L15: =OFFSET(wft_table!I$7,(ROW(wft_table!I12)-1)*4,0) -> 0.84977093 | M15: =OFFSET(wft_table!J$7,(ROW(wft_table!J12)-1)*4,0) -> 0.84977093 | N15: =OFFSET(wft_table!K$7,(ROW(wft_table!K12)-1)*4,0) -> 1.6995015 | O15: 0.86817721 | P15: 0.86817721 | Q15: 1.7087401 | R15: 0.85557672 | S15: 0.85557672 | T15: 1.7027797 | U15: 0.85132679 | V15: 0.85132679 | W15: 1.7037743 | X15: 0.85569464 | Y15: 0.85569464 | Z15: 1.7073643 | AA15: 0.84986898 | AB15: 0.84986898 | AC15: 1.7026144 | AD15: 0.85158875 | AE15: 0.85158875 | AF15: 1.7035685 | AG15: 0.8504905 | AH15: 0.8504905 | AI15: 1.7026939 | AJ15: 0.85314634 | AK15: 0.85314634 | AL15: 1.7040392 | AM15: 0.8552539 | AN15: 0.8552539 | AO15: 1.7109965 | AP15: 0.8531619 | AQ15: 0.8531619 | AR15: 1.7022728 | AS15: 0.8420976 | AT15: 0.8420976 | AU15: 1.7005998 | AV15: 0.8480925 | AW15: 0.8480925 | AX15: 1.7009058 | AY15: 0.84978774 | AZ15: 0.84978774 | BA15: 1.7009136 | BB15: 0.86242971 | BC15: 0.86242971 | BD15: 1.7052838 | BE15: 0.84664166 | BF15: 0.84664166 | BG15: 1.7011665 | BH15: 0.85101172 | BI15: 0.85101172 | BJ15: 1.6991628 | BK15: 0.85097428 | BL15: 0.85097428 | BM15: 1.7025317 | BN15: 0.85500238 | BO15: 0.85500238 | BP15: 1.7032256 | BQ15: 0.85069965 | BR15: 0.85069965 | BS15: 1.699669 | BT15: 0.85740582 | BU15: 0.85740582 | BV15: 1.6917802 | BW15: 0.85449291 | BX15: 0.85449291 | BY15: 1.6998252 | BZ15: 0.85285061 | CA15: 0.85285061 | CB15: 1.6995534 | CC15: 0.84797039 | CD15: 0.84797039 | CE15: 1.7027937 | CF15: 0.85548982 | CG15: 0.85548982 | CH15: 1.6999346 | CI15: 0.85336728 | CJ15: 0.85336728 | CK15: 1.7033051 | CL15: 0.85267002 | CM15: 0.85267002 | CN15: 1.6970362 | CO15: 0.8511178 | CP15: 0.8511178 | CQ15: 1.7009417 | CR15: 0.85644836 | CS15: 0.85644836 | CT15: 1.7018984 | CU15: 0.85203139 | CV15: 0.85203139 | CW15: 1.6981811 | CX15: 0.85509865 | CY15: 0.85509865 | CZ15: 1.7001501 | DA15: 0.85864059 | DB15: 0.85864059 | DC15: 1.7020341 | DD15: 0.85254856 | DE15: 0.85254856 | DF15: 1.7002891
... A95: SH- | B95: =OFFSET(wft_table!L$7,(ROW(wft_table!L92)-1)*4,0) -> 0.94448821 | C95: =OFFSET(wft_table!M$7,(ROW(wft_table!M92)-1)*4,0) -> 0.94448821 | D95: =OFFSET(wft_table!N$7,(ROW(wft_table!N92)-1)*4,0) -> 1.0275513 | F95: =OFFSET(wft_table!C$7,(ROW(wft_table!C92)-1)*4,0) -> 0.94415295 | G95: =OFFSET(wft_table!D$7,(ROW(wft_table!D92)-1)*4,0) -> 0.94415295 | H95: =OFFSET(wft_table!E$7,(ROW(wft_table!E92)-1)*4,0) -> 1.0240412 | I95: =OFFSET(wft_table!F$7,(ROW(wft_table!F92)-1)*4,0) -> 0.94919751 | J95: =OFFSET(wft_table!G$7,(ROW(wft_table!G92)-1)*4,0) -> 0.94919751 | K95: =OFFSET(wft_table!H$7,(ROW(wft_table!H92)-1)*4,0) -> 1.0291363 | L95: =OFFSET(wft_table!I$7,(ROW(wft_table!I92)-1)*4,0) -> 0.94093955 | M95: =OFFSET(wft_table!J$7,(ROW(wft_table!J92)-1)*4,0) -> 0.94093955 | N95: =OFFSET(wft_table!K$7,(ROW(wft_table!K92)-1)*4,0) -> 1.0248991 | O95: 1.0219 | P95: 1.0219 | Q95: 1.0690301 | R95: 0.97355708 | S95: 0.97355708 | T95: 1.0426407 | U95: 0.97223461 | V95: 0.97223461 | W95: 1.0400129 | X95: 0.98398684 | Y95: 0.98398684 | Z95: 1.0491578 | AA95: 0.96712311 | AB95: 0.96712311 | AC95: 1.0372544 | AD95: 0.97184155 | AE95: 0.97184155 | AF95: 1.0412166 | AG95: 0.97976966 | AH95: 0.97976966 | AI95: 1.0446997 | AJ95: 0.97462775 | AK95: 0.97462775 | AL95: 1.0428923 | AM95: 0.97153337 | AN95: 0.97153337 | AO95: 1.0576547 | AP95: 0.97072101 | AQ95: 0.97072101 | AR95: 1.0388744 | AS95: 0.94241896 | AT95: 0.94241896 | AU95: 1.0218323 | AV95: 0.94908571 | AW95: 0.94908571 | AX95: 1.0269711 | AY95: 0.9581835 | AZ95: 0.9581835 | BA95: 1.0311991 | BB95: 0.97332159 | BC95: 0.97332159 | BD95: 1.0401092 | BE95: 0.94348557 | BF95: 0.94348557 | BG95: 1.0216157 | BH95: 0.95835591 | BI95: 0.95835591 | BJ95: 1.0304466 | BK95: 0.96607405 | BL95: 0.96607405 | BM95: 1.0367388 | BN95: 0.96413317 | BO95: 0.96413317 | BP95: 1.0378523 | BQ95: 0.95436308 | BR95: 0.95436308 | BS95: 1.0300997 | BT95: 0.93137757 | BU95: 0.93137757 | BV95: 1.0166462 | BW95: 0.94841527 | BX95: 0.94841527 | BY95: 1.0307798 | BZ95: 0.95482822 | CA95: 0.95482822 | CB95: 1.0310747 | CC95: 0.95548768 | CD95: 0.95548768 | CE95: 1.0335355 | CF95: 0.95417047 | CG95: 0.95417047 | CH95: 1.0347302 | CI95: 0.95133087 | CJ95: 0.95133087 | CK95: 1.0310337 | CL95: 0.94903566 | CM95: 0.94903566 | CN95: 1.0260596 | CO95: 0.95874157 | CP95: 0.95874157 | CQ95: 1.0326024 | CR95: 0.95420943 | CS95: 0.95420943 | CT95: 1.0330773 | CU95: 0.95093135 | CV95: 0.95093135 | CW95: 1.0281745 | CX95: 0.94601039 | CY95: 0.94601039 | CZ95: 1.027378 | DA95: 0.95655051 | DB95: 0.95655051 | DC95: 1.0355264 | DD95: 0.94799709 | DE95: 0.94799709 | DF95: 1.0280696

Sheet relative_error
A1: method | B1: CCSD\(T\) | C1: CCSD\(T\) | D1: CCSD\(T\) | E1: Error: | F1: HF | G1: HF | H1: HF | I1: MP2 | J1: MP2 | K1: MP2 | L1: CCSD | M1: CCSD | N1: CCSD | O1: Slater | P1: Slater | Q1: Slater | R1: SPW92 | S1: SPW92 | T1: SPW92 | U1: B97-D3 | V1: B97-D3 | W1: B97-D3 | X1: BLYP | Y1: BLYP | Z1: BLYP | AA1: BPBE | AB1: BPBE | AC1: BPBE | AD1: mPW91 | AE1: mPW91 | AF1: mPW91 | AG1: N12 | AH1: N12 | AI1: N12 | AJ1: PBE | AK1: PBE | AL1: PBE | AM1: SOGGA11 | AN1: SOGGA11 | AO1: SOGGA11 | AP1: B97M-V | AQ1: B97M-V | AR1: B97M-V | AS1: M06-L | AT1: M06-L | AU1: M06-L | AV1: mBEEF | AW1: mBEEF | AX1: mBEEF | AY1: MGGA_MS2 | AZ1: MGGA_MS2 | BA1: MGGA_MS2 | BB1: MN15-L | BC1: MN15-L | BD1: MN15-L | BE1: revM06-L | BF1: revM06-L | BG1: revM06-L | BH1: SCAN | BI1: SCAN | BJ1: SCAN | BK1: TPSS | BL1: TPSS | BM1: TPSS | BN1: B3LYP | BO1: B3LYP | BP1: B3LYP | BQ1: B97-2 | BR1: B97-2 | BS1: B97-2 | BT1: HFLYP | BU1: HFLYP | BV1: HFLYP | BW1: M06-2X | BX1: M06-2X | BY1: M06-2X | BZ1: PBE0 | CA1: PBE0 | CB1: PBE0 | CC1: M06 | CD1: M06 | CE1: M06 | CF1: M08-HX | CG1: M08-HX | CH1: M08-HX | CI1: MN15 | CJ1: MN15 | CK1: MN15 | CL1: SCAN0 | CM1: SCAN0 | CN1: SCAN0 | CO1: TPSSh | CP1: TPSSh | CQ1: TPSSh | CR1: CAM-B3LYP | CS1: CAM-B3LYP | CT1: CAM-B3LYP | CU1: wB97X-D | CV1: wB97X-D | CW1: wB97X-D | CX1: wB97X-V | CY1: wB97X-V | CZ1: wB97X-V | DA1: wB97M-V | DB1: wB97M-V | DC1: wB97M-V | DD1: wM05-D | DE1: wM05-D | DF1: wM05-D | DG1: B2GPPLYP | DH1: B2GPPLYP | DI1: B2GPPLYP | DJ1: DSDPBE | DK1: DSDPBE | DL1: DSDPBE
A2: component | B2: XX | C2: YY | D2: ZZ | F2: XX | G2: YY | H2: ZZ | I2: XX | J2: YY | K2: ZZ | L2: XX | M2: YY | N2: ZZ | O2: XX | P2: YY | Q2: ZZ | R2: XX | S2: YY | T2: ZZ | U2: XX | V2: YY | W2: ZZ | X2: XX | Y2: YY | Z2: ZZ | AA2: XX | AB2: YY | AC2: ZZ | AD2: XX | AE2: YY | AF2: ZZ | AG2: XX | AH2: YY | AI2: ZZ | AJ2: XX | AK2: YY | AL2: ZZ | AM2: XX | AN2: YY | AO2: ZZ | AP2: XX | AQ2: YY | AR2: ZZ | AS2: XX | AT2: YY | AU2: ZZ | AV2: XX | AW2: YY | AX2: ZZ | AY2: XX | AZ2: YY | BA2: ZZ | BB2: XX | BC2: YY | BD2: ZZ | BE2: XX | BF2: YY | BG2: ZZ | BH2: XX | BI2: YY | BJ2: ZZ | BK2: XX | BL2: YY | BM2: ZZ | BN2: XX | BO2: YY | BP2: ZZ | BQ2: XX | BR2: YY | BS2: ZZ | BT2: XX | BU2: YY | BV2: ZZ | BW2: XX | BX2: YY | BY2: ZZ | BZ2: XX | CA2: YY | CB2: ZZ | CC2: XX | CD2: YY | CE2: ZZ | CF2: XX | CG2: YY | CH2: ZZ | CI2: XX | CJ2: YY | CK2: ZZ | CL2: XX | CM2: YY | CN2: ZZ | CO2: XX | CP2: YY | CQ2: ZZ | CR2: XX | CS2: YY | CT2: ZZ | CU2: XX | CV2: YY | CW2: ZZ | CX2: XX | CY2: YY | CZ2: ZZ | DA2: XX | DB2: YY | DC2: ZZ | DD2: XX | DE2: YY | DF2: ZZ | DG2: XX | DH2: YY | DI2: ZZ | DJ2: XX | DK2: YY | DL2: ZZ
A3: molecule
A4: AlF | B4: =OFFSET(wft_table!L$7,(ROW(wft_table!L1)-1)*4,0) -> 0.72880654 | C4: =OFFSET(wft_table!M$7,(ROW(wft_table!M1)-1)*4,0) -> 0.72880654 | D4: =OFFSET(wft_table!N$7,(ROW(wft_table!N1)-1)*4,0) -> 1.750396 | F4: =(combine_values!F4-combine_values!$B4)/combine_values!$B4*100 -> -0.036152784 | G4: =(combine_values!G4-combine_values!$C4)/combine_values!$C4*100 -> -0.036152784 | H4: =(combine_values!H4-combine_values!$D4)/combine_values!$D4*100 -> 0.67400825 | I4: =(combine_values!I4-combine_values!$B4)/combine_values!$B4*100 -> 0.21394001 | J4: =(combine_values!J4-combine_values!$C4)/combine_values!$C4*100 -> 0.21394001 | K4: =(combine_values!K4-combine_values!$D4)/combine_values!$D4*100 -> 0.068469341 | L4: =(combine_values!L4-combine_values!$B4)/combine_values!$B4*100 -> -0.21181581 | M4: =(combine_values!M4-combine_values!$C4)/combine_values!$C4*100 -> -0.21181581 | N4: =(combine_values!N4-combine_values!$D4)/combine_values!$D4*100 -> 0.08603925 | O4: =(combine_values!O4-combine_values!$B4)/combine_values!$B4*100 -> 2.6830921 | P4: =(combine_values!P4-combine_values!$C4)/combine_values!$C4*100 -> 2.6830921 | Q4: =(combine_values!Q4-combine_values!$D4)/combine_values!$D4*100 -> 0.10010061 | R4: =(combine_values!R4-combine_values!$B4)/combine_values!$B4*100 -> 0.9323172 | S4: =(combine_values!S4-combine_values!$C4)/combine_values!$C4*100 -> 0.9323172 | T4: =(combine_values!T4-combine_values!$D4)/combine_values!$D4*100 -> -0.18747938 | U4: =(combine_values!U4-combine_values!$B4)/combine_values!$B4*100 -> 0.72945192 | V4: =(combine_values!V4-combine_values!$C4)/combine_values!$C4*100 -> 0.72945192 | W4: =(combine_values!W4-combine_values!$D4)/combine_values!$D4*100 -> 0.0041006897 | X4: =(combine_values!X4-combine_values!$B4)/combine_values!$B4*100 -> 1.0529594 | Y4: =(combine_values!Y4-combine_values!$C4)/combine_values!$C4*100 -> 1.0529594 | Z4: =(combine_values!Z4-combine_values!$D4)/combine_values!$D4*100 -> -0.014084231 | AA4: =(combine_values!AA4-combine_values!$B4)/combine_values!$B4*100 -> 0.5631956 | AB4: =(combine_values!AB4-combine_values!$C4)/combine_values!$C4*100 -> 0.5631956 | AC4: =(combine_values!AC4-combine_values!$D4)/combine_values!$D4*100 -> -0.085757909 | AD4: =(combine_values!AD4-combine_values!$B4)/combine_values!$B4*100 -> 0.74271531 | AE4: =(combine_values!AE4-combine_values!$C4)/combine_values!$C4*100 -> 0.74271531 | AF4: =(combine_values!AF4-combine_values!$D4)/combine_values!$D4*100 -> -0.068982555 | AG4: =(combine_values!AG4-combine_values!$B4)/combine_values!$B4*100 -> 0.37479806 | AH4: =(combine_values!AH4-combine_values!$C4)/combine_values!$C4*100 -> 0.37479806 | AI4: =(combine_values!AI4-combine_values!$D4)/combine_values!$D4*100 -> 0.02273915 | AJ4: =(combine_values!AJ4-combine_values!$B4)/combine_values!$B4*100 -> 0.96383039 | AK4: =(combine_values!AK4-combine_values!$C4)/combine_values!$C4*100 -> 0.96383039 | AL4: =(combine_values!AL4-combine_values!$D4)/combine_values!$D4*100 -> -0.047034342 | AM4: =(combine_values!AM4-combine_values!$B4)/combine_values!$B4*100 -> 3.7927121 | AN4: =(combine_values!AN4-combine_values!$C4)/combine_values!$C4*100 -> 3.7927121 | AO4: =(combine_values!AO4-combine_values!$D4)/combine_values!$D4*100 -> 0.14746029 | AP4: =(combine_values!AP4-combine_values!$B4)/combine_values!$B4*100 -> 0.64446161 | AQ4: =(combine_values!AQ4-combine_values!$C4)/combine_values!$C4*100 -> 0.64446161 | AR4: =(combine_values!AR4-combine_values!$D4)/combine_values!$D4*100 -> 0.19956399 | AS4: =(combine_values!AS4-combine_values!$B4)/combine_values!$B4*100 -> -0.5450322 | AT4: =(combine_values!AT4-combine_values!$C4)/combine_values!$C4*100 -> -0.5450322 | AU4: =(combine_values!AU4-combine_values!$D4)/combine_values!$D4*100 -> -0.08784127 | AV4: =(combine_values!AV4-combine_values!$B4)/combine_values!$B4*100 -> 0.24604121 | AW4: =(combine_values!AW4-combine_values!$C4)/combine_values!$C4*100 -> 0.24604121 | AX4: =(combine_values!AX4-combine_values!$D4)/combine_values!$D4*100 -> 0.08615096 | AY4: =(combine_values!AY4-combine_values!$B4)/combine_values!$B4*100 -> 0.44164838 | AZ4: =(combine_values!AZ4-combine_values!$C4)/combine_values!$C4*100 -> 0.44164838 | BA4: =(combine_values!BA4-combine_values!$D4)/combine_values!$D4*100 -> 0.062328503 | BB4: =(combine_values!BB4-combine_values!$B4)/combine_values!$B4*100 -> 2.3389393 | BC4: =(combine_values!BC4-combine_values!$C4)/combine_values!$C4*100 -> 2.3389393 | BD4: =(combine_values!BD4-combine_values!$D4)/combine_values!$D4*100 -> 0.5344163 | BE4: =(combine_values!BE4-combine_values!$B4)/combine_values!$B4*100 -> -0.037425731 | BF4: =(combine_values!BF4-combine_values!$C4)/combine_values!$C4*100 -> -0.037425731 | BG4: =(combine_values!BG4-combine_values!$D4)/combine_values!$D4*100 -> 0.45541076 | BH4: =(combine_values!BH4-combine_values!$B4)/combine_values!$B4*100 -> 0.46191646 | BI4: =(combine_values!BI4-combine_values!$C4)/combine_values!$C4*100 -> 0.46191646 | BJ4: =(combine_values!BJ4-combine_values!$D4)/combine_values!$D4*100 -> 0.035538256 | BK4: =(combine_values!BK4-combine_values!$B4)/combine_values!$B4*100 -> 0.66152862 | BL4: =(combine_values!BL4-combine_values!$C4)/combine_values!$C4*100 -> 0.66152862 | BM4: =(combine_values!BM4-combine_values!$D4)/combine_values!$D4*100 -> 0.04982825 | BN4: =(combine_values!BN4-combine_values!$B4)/combine_values!$B4*100 -> 0.44703249 | BO4: =(combine_values!BO4-combine_values!$C4)/combine_values!$C4*100 -> 0.44703249 | BP4: =(combine_values!BP4-combine_values!$D4)/combine_values!$D4*100 -> 0.047366765 | BQ4: =(combine_values!BQ4-combine_values!$B4)/combine_values!$B4*100 -> 0.18223582 | BR4: =(combine_values!BR4-combine_values!$C4)/combine_values!$C4*100 -> 0.18223582 | BS4: =(combine_values!BS4-combine_values!$D4)/combine_values!$D4*100 -> 0.080962538 | BT4: =(combine_values!BT4-combine_values!$B4)/combine_values!$B4*100 -> -0.92383151 | BU4: =(combine_values!BU4-combine_values!$C4)/combine_values!$C4*100 -> -0.92383151 | BV4: =(combine_values!BV4-combine_values!$D4)/combine_values!$D4*100 -> 0.4179116 | BW4: =(combine_values!BW4-combine_values!$B4)/combine_values!$B4*100 -> -0.097272509 | BX4: =(combine_values!BX4-combine_values!$C4)/combine_values!$C4*100 -> -0.097272509 | BY4: =(combine_values!BY4-combine_values!$D4)/combine_values!$D4*100 -> -0.015859158 | BZ4: =(combine_values!BZ4-combine_values!$B4)/combine_values!$B4*100 -> 0.2901416 | CA4: =(combine_values!CA4-combine_values!$C4)/combine_values!$C4*100 -> 0.2901416 | CB4: =(combine_values!CB4-combine_values!$D4)/combine_values!$D4*100 -> 0.064154322 | CC4: =(combine_values!CC4-combine_values!$B4)/combine_values!$B4*100 -> -0.67402059 | CD4: =(combine_values!CD4-combine_values!$C4)/combine_values!$C4*100 -> -0.67402059 | CE4: =(combine_values!CE4-combine_values!$D4)/combine_values!$D4*100 -> -0.16009523 | CF4: =(combine_values!CF4-combine_values!$B4)/combine_values!$B4*100 -> 0.27967348 | CG4: =(combine_values!CG4-combine_values!$C4)/combine_values!$C4*100 -> 0.27967348 | CH4: =(combine_values!CH4-combine_values!$D4)/combine_values!$D4*100 -> 0.22535607 | CI4: =(combine_values!CI4-combine_values!$B4)/combine_values!$B4*100 -> 1.1791174 | CJ4: =(combine_values!CJ4-combine_values!$C4)/combine_values!$C4*100 -> 1.1791174 | CK4: =(combine_values!CK4-combine_values!$D4)/combine_values!$D4*100 -> 0.028961044 | CL4: =(combine_values!CL4-combine_values!$B4)/combine_values!$B4*100 -> 0.067537912 | CM4: =(combine_values!CM4-combine_values!$C4)/combine_values!$C4*100 -> 0.067537912 | CN4: =(combine_values!CN4-combine_values!$D4)/combine_values!$D4*100 -> 0.10976266 | CO4: =(combine_values!CO4-combine_values!$B4)/combine_values!$B4*100 -> 0.4277117 | CP4: =(combine_values!CP4-combine_values!$C4)/combine_values!$C4*100 -> 0.4277117 | CQ4: =(combine_values!CQ4-combine_values!$D4)/combine_values!$D4*100 -> 0.088227669 | CR4: =(combine_values!CR4-combine_values!$B4)/combine_values!$B4*100 -> 0.34944032 | CS4: =(combine_values!CS4-combine_values!$C4)/combine_values!$C4*100 -> 0.34944032 | CT4: =(combine_values!CT4-combine_values!$D4)/combine_values!$D4*100 -> 0.11431438 | CU4: =(combine_values!CU4-combine_values!$B4)/combine_values!$B4*100 -> 0.089153105 | CV4: =(combine_values!CV4-combine_values!$C4)/combine_values!$C4*100 -> 0.089153105 | CW4: =(combine_values!CW4-combine_values!$D4)/combine_values!$D4*100 -> 0.12859265 | CX4: =(combine_values!CX4-combine_values!$B4)/combine_values!$B4*100 -> 0.3814534 | CY4: =(combine_values!CY4-combine_values!$C4)/combine_values!$C4*100 -> 0.3814534 | CZ4: =(combine_values!CZ4-combine_values!$D4)/combine_values!$D4*100 -> 0.22818152 | DA4: =(combine_values!DA4-combine_values!$B4)/combine_values!$B4*100 -> 0.6653209 | DB4: =(combine_values!DB4-combine_values!$C4)/combine_values!$C4*100 -> 0.6653209 | DC4: =(combine_values!DC4-combine_values!$D4)/combine_values!$D4*100 -> 0.019878566 | DD4: =(combine_values!DD4-combine_values!$B4)/combine_values!$B4*100 -> 0.14634727 | DE4: =(combine_values!DE4-combine_values!$C4)/combine_values!$C4*100 -> 0.14634727 | DF4: =(combine_values!DF4-combine_values!$D4)/combine_values!$D4*100 -> -0.022100492 | DG4: =(ABS(OFFSET(B2GPPLYP_extrap!F$7,(ROW(B2GPPLYP_extrap!F1)-1)*4,0)-$B4)/$B4) -> 0.0024348961 | DH4: =(ABS(OFFSET(B2GPPLYP_extrap!G$7,(ROW(B2GPPLYP_extrap!G1)-1)*4,0)-$C4)/$C4) -> 0.0024348961 | DI4: =(ABS(OFFSET(B2GPPLYP_extrap!H$7,(ROW(B2GPPLYP_extrap!H1)-1)*4,0)-$D4)/$D4) -> 0.0012940502 | DJ4: =(ABS(OFFSET(DSDPBE_extrap!F$7,(ROW(DSDPBE_extrap!F1)-1)*4,0)-$B4)/$B4) -> 0.0018272083 | DK4: =(ABS(OFFSET(DSDPBE_extrap!G$7,(ROW(DSDPBE_extrap!G1)-1)*4,0)-$C4)/$C4) -> 0.0018272083 | DL4: =(ABS(OFFSET(DSDPBE_extrap!H$7,(ROW(DSDPBE_extrap!H1)-1)*4,0)-$D4)/$D4) -> 0.00093972148
A5: Ar | B5: =OFFSET(wft_table!L$7,(ROW(wft_table!L2)-1)*4,0) -> 0.69285369 | C5: =OFFSET(wft_table!M$7,(ROW(wft_table!M2)-1)*4,0) -> 0.69285369 | D5: =OFFSET(wft_table!N$7,(ROW(wft_table!N2)-1)*4,0) -> 0.69285369 | F5: =(combine_values!F5-combine_values!$B5)/combine_values!$B5*100 -> 0.22306699 | G5: =(combine_values!G5-combine_values!$C5)/combine_values!$C5*100 -> 0.22306699 | H5: =(combine_values!H5-combine_values!$D5)/combine_values!$D5*100 -> 0.22306699 | I5: =(combine_values!I5-combine_values!$B5)/combine_values!$B5*100 -> 0.079128483 | J5: =(combine_values!J5-combine_values!$C5)/combine_values!$C5*100 -> 0.079128483 | K5: =(combine_values!K5-combine_values!$D5)/combine_values!$D5*100 -> 0.079128483 | L5: =(combine_values!L5-combine_values!$B5)/combine_values!$B5*100 -> -0.055379464 | M5: =(combine_values!M5-combine_values!$C5)/combine_values!$C5*100 -> -0.055379464 | N5: =(combine_values!N5-combine_values!$D5)/combine_values!$D5*100 -> -0.055379464 | O5: =(combine_values!O5-combine_values!$B5)/combine_values!$B5*100 -> 1.6847492 | P5: =(combine_values!P5-combine_values!$C5)/combine_values!$C5*100 -> 1.6847492 | Q5: =(combine_values!Q5-combine_values!$D5)/combine_values!$D5*100 -> 1.6847492 | R5: =(combine_values!R5-combine_values!$B5)/combine_values!$B5*100 -> 0.7291673 | S5: =(combine_values!S5-combine_values!$C5)/combine_values!$C5*100 -> 0.7291673 | T5: =(combine_values!T5-combine_values!$D5)/combine_values!$D5*100 -> 0.7291673 | U5: =(combine_values!U5-combine_values!$B5)/combine_values!$B5*100 -> 0.081742802 | V5: =(combine_values!V5-combine_values!$C5)/combine_values!$C5*100 -> 0.081742802 | W5: =(combine_values!W5-combine_values!$D5)/combine_values!$D5*100 -> 0.081742802 | X5: =(combine_values!X5-combine_values!$B5)/combine_values!$B5*100 -> 0.8990088 | Y5: =(combine_values!Y5-combine_values!$C5)/combine_values!$C5*100 -> 0.8990088 | Z5: =(combine_values!Z5-combine_values!$D5)/combine_values!$D5*100 -> 0.8990088 | AA5: =(combine_values!AA5-combine_values!$B5)/combine_values!$B5*100 -> 0.31274094 | AB5: =(combine_values!AB5-combine_values!$C5)/combine_values!$C5*100 -> 0.31274094 | AC5: =(combine_values!AC5-combine_values!$D5)/combine_values!$D5*100 -> 0.31274094 | AD5: =(combine_values!AD5-combine_values!$B5)/combine_values!$B5*100 -> 0.45673798 | AE5: =(combine_values!AE5-combine_values!$C5)/combine_values!$C5*100 -> 0.45673798 | AF5: =(combine_values!AF5-combine_values!$D5)/combine_values!$D5*100 -> 0.45673798 | AG5: =(combine_values!AG5-combine_values!$B5)/combine_values!$B5*100 -> -0.23297976 | AH5: =(combine_values!AH5-combine_values!$C5)/combine_values!$C5*100 -> -0.23297976 | AI5: =(combine_values!AI5-combine_values!$D5)/combine_values!$D5*100 -> -0.23297976 | AJ5: =(combine_values!AJ5-combine_values!$B5)/combine_values!$B5*100 -> 0.58812648 | AK5: =(combine_values!AK5-combine_values!$C5)/combine_values!$C5*100 -> 0.58812648 | AL5: =(combine_values!AL5-combine_values!$D5)/combine_values!$D5*100 -> 0.58812648 | AM5: =(combine_values!AM5-combine_values!$B5)/combine_values!$B5*100 -> 0.26727039 | AN5: =(combine_values!AN5-combine_values!$C5)/combine_values!$C5*100 -> 0.26727039 | AO5: =(combine_values!AO5-combine_values!$D5)/combine_values!$D5*100 -> 0.26727039 | AP5: =(combine_values!AP5-combine_values!$B5)/combine_values!$B5*100 -> 0.14791937 | AQ5: =(combine_values!AQ5-combine_values!$C5)/combine_values!$C5*100 -> 0.14791937 | AR5: =(combine_values!AR5-combine_values!$D5)/combine_values!$D5*100 -> 0.14791937 | AS5: =(combine_values!AS5-combine_values!$B5)/combine_values!$B5*100 -> -0.33134553 | AT5: =(combine_values!AT5-combine_values!$C5)/combine_values!$C5*100 -> -0.33134553 | AU5: =(combine_values!AU5-combine_values!$D5)/combine_values!$D5*100 -> -0.33134553 | AV5: =(combine_values!AV5-combine_values!$B5)/combine_values!$B5*100 -> -0.26705165 | AW5: =(combine_values!AW5-combine_values!$C5)/combine_values!$C5*100 -> -0.26705165 | AX5: =(combine_values!AX5-combine_values!$D5)/combine_values!$D5*100 -> -0.26705165 | AY5: =(combine_values!AY5-combine_values!$B5)/combine_values!$B5*100 -> 0.024985177 | AZ5: =(combine_values!AZ5-combine_values!$C5)/combine_values!$C5*100 -> 0.024985177 | BA5: =(combine_values!BA5-combine_values!$D5)/combine_values!$D5*100 -> 0.024985177 | BB5: =(combine_values!BB5-combine_values!$B5)/combine_values!$B5*100 -> 0.50255086 | BC5: =(combine_values!BC5-combine_values!$C5)/combine_values!$C5*100 -> 0.50255086 | BD5: =(combine_values!BD5-combine_values!$D5)/combine_values!$D5*100 -> 0.50255086 | BE5: =(combine_values!BE5-combine_values!$B5)/combine_values!$B5*100 -> -0.14978974 | BF5: =(combine_values!BF5-combine_values!$C5)/combine_values!$C5*100 -> -0.14978974 | BG5: =(combine_values!BG5-combine_values!$D5)/combine_values!$D5*100 -> -0.14978974 | BH5: =(combine_values!BH5-combine_values!$B5)/combine_values!$B5*100 -> 0.12901625 | BI5: =(combine_values!BI5-combine_values!$C5)/combine_values!$C5*100 -> 0.12901625 | BJ5: =(combine_values!BJ5-combine_values!$D5)/combine_values!$D5*100 -> 0.12901625 | BK5: =(combine_values!BK5-combine_values!$B5)/combine_values!$B5*100 -> 0.32389095 | BL5: =(combine_values!BL5-combine_values!$C5)/combine_values!$C5*100 -> 0.32389095 | BM5: =(combine_values!BM5-combine_values!$D5)/combine_values!$D5*100 -> 0.32389095 | BN5: =(combine_values!BN5-combine_values!$B5)/combine_values!$B5*100 -> 0.5667394 | BO5: =(combine_values!BO5-combine_values!$C5)/combine_values!$C5*100 -> 0.5667394 | BP5: =(combine_values!BP5-combine_values!$D5)/combine_values!$D5*100 -> 0.5667394 | BQ5: =(combine_values!BQ5-combine_values!$B5)/combine_values!$B5*100 -> -0.058920294 | BR5: =(combine_values!BR5-combine_values!$C5)/combine_values!$C5*100 -> -0.058920294 | BS5: =(combine_values!BS5-combine_values!$D5)/combine_values!$D5*100 -> -0.058920294 | BT5: =(combine_values!BT5-combine_values!$B5)/combine_values!$B5*100 -> -0.12264945 | BU5: =(combine_values!BU5-combine_values!$C5)/combine_values!$C5*100 -> -0.12264945 | BV5: =(combine_values!BV5-combine_values!$D5)/combine_values!$D5*100 -> -0.12264945 | BW5: =(combine_values!BW5-combine_values!$B5)/combine_values!$B5*100 -> 0.30116078 | BX5: =(combine_values!BX5-combine_values!$C5)/combine_values!$C5*100 -> 0.30116078 | BY5: =(combine_values!BY5-combine_values!$D5)/combine_values!$D5*100 -> 0.30116078 | BZ5: =(combine_values!BZ5-combine_values!$B5)/combine_values!$B5*100 -> 0.23851894 | CA5: =(combine_values!CA5-combine_values!$C5)/combine_values!$C5*100 -> 0.23851894 | CB5: =(combine_values!CB5-combine_values!$D5)/combine_values!$D5*100 -> 0.23851894 | CC5: =(combine_values!CC5-combine_values!$B5)/combine_values!$B5*100 -> 0.0013266596 | CD5: =(combine_values!CD5-combine_values!$C5)/combine_values!$C5*100 -> 0.0013266596 | CE5: =(combine_values!CE5-combine_values!$D5)/combine_values!$D5*100 -> 0.0013266596 | CF5: =(combine_values!CF5-combine_values!$B5)/combine_values!$B5*100 -> 0.40619112 | CG5: =(combine_values!CG5-combine_values!$C5)/combine_values!$C5*100 -> 0.40619112 | CH5: =(combine_values!CH5-combine_values!$D5)/combine_values!$D5*100 -> 0.40619112 | CI5: =(combine_values!CI5-combine_values!$B5)/combine_values!$B5*100 -> -0.17090396 | CJ5: =(combine_values!CJ5-combine_values!$C5)/combine_values!$C5*100 -> -0.17090396 | CK5: =(combine_values!CK5-combine_values!$D5)/combine_values!$D5*100 -> -0.17090396 | CL5: =(combine_values!CL5-combine_values!$B5)/combine_values!$B5*100 -> 0.039177602 | CM5: =(combine_values!CM5-combine_values!$C5)/combine_values!$C5*100 -> 0.039177602 | CN5: =(combine_values!CN5-combine_values!$D5)/combine_values!$D5*100 -> 0.039177602 | CO5: =(combine_values!CO5-combine_values!$B5)/combine_values!$B5*100 -> 0.21491083 | CP5: =(combine_values!CP5-combine_values!$C5)/combine_values!$C5*100 -> 0.21491083 | CQ5: =(combine_values!CQ5-combine_values!$D5)/combine_values!$D5*100 -> 0.21491083 | CR5: =(combine_values!CR5-combine_values!$B5)/combine_values!$B5*100 -> 0.62832188 | CS5: =(combine_values!CS5-combine_values!$C5)/combine_values!$C5*100 -> 0.62832188 | CT5: =(combine_values!CT5-combine_values!$D5)/combine_values!$D5*100 -> 0.62832188 | CU5: =(combine_values!CU5-combine_values!$B5)/combine_values!$B5*100 -> 0.067556413 | CV5: =(combine_values!CV5-combine_values!$C5)/combine_values!$C5*100 -> 0.067556413 | CW5: =(combine_values!CW5-combine_values!$D5)/combine_values!$D5*100 -> 0.067556413 | CX5: =(combine_values!CX5-combine_values!$B5)/combine_values!$B5*100 -> 0.38005098 | CY5: =(combine_values!CY5-combine_values!$C5)/combine_values!$C5*100 -> 0.38005098 | CZ5: =(combine_values!CZ5-combine_values!$D5)/combine_values!$D5*100 -> 0.38005098 | DA5: =(combine_values!DA5-combine_values!$B5)/combine_values!$B5*100 -> 0.68003914 | DB5: =(combine_values!DB5-combine_values!$C5)/combine_values!$C5*100 -> 0.68003914 | DC5: =(combine_values!DC5-combine_values!$D5)/combine_values!$D5*100 -> 0.68003914 | DD5: =(combine_values!DD5-combine_values!$B5)/combine_values!$B5*100 -> 0.27542229 | DE5: =(combine_values!DE5-combine_values!$C5)/combine_values!$C5*100 -> 0.27542229 | DF5: =(combine_values!DF5-combine_values!$D5)/combine_values!$D5*100 -> 0.27542229 | DG5: =(ABS(OFFSET(B2GPPLYP_extrap!F$7,(ROW(B2GPPLYP_extrap!F2)-1)*4,0)-$B5)/$B5) -> 0.0030770849 | DH5: =(ABS(OFFSET(B2GPPLYP_extrap!G$7,(ROW(B2GPPLYP_extrap!G2)-1)*4,0)-$C5)/$C5) -> 0.0030770849 | DI5: =(ABS(OFFSET(B2GPPLYP_extrap!H$7,(ROW(B2GPPLYP_extrap!H2)-1)*4,0)-$D5)/$D5) -> 0.003258868 | DJ5: =(ABS(OFFSET(DSDPBE_extrap!F$7,(ROW(DSDPBE_extrap!F2)-1)*4,0)-$B5)/$B5) -> 0.0013214483 | DK5: =(ABS(OFFSET(DSDPBE_extrap!G$7,(ROW(DSDPBE_extrap!G2)-1)*4,0)-$C5)/$C5) -> 0.0013214483 | DL5: =(ABS(OFFSET(DSDPBE_extrap!H$7,(ROW(DSDPBE_extrap!H2)-1)*4,0)-$D5)/$D5) -> 0.0013214483
A6: BeH | B6: =OFFSET(wft_table!L$7,(ROW(wft_table!L3)-1)*4,0) -> 0.99368082 | C6: =OFFSET(wft_table!M$7,(ROW(wft_table!M3)-1)*4,0) -> 0.99368082 | D6: =OFFSET(wft_table!N$7,(ROW(wft_table!N3)-1)*4,0) -> 1.6258257 | F6: =(combine_values!F6-combine_values!$B6)/combine_values!$B6*100 -> -0.45606419 | G6: =(combine_values!G6-combine_values!$C6)/combine_values!$C6*100 -> -0.45606419 | H6: =(combine_values!H6-combine_values!$D6)/combine_values!$D6*100 -> 1.2743672 | I6: =(combine_values!I6-combine_values!$B6)/combine_values!$B6*100 -> -0.38514911 | J6: =(combine_values!J6-combine_values!$C6)/combine_values!$C6*100 -> -0.38514911 | K6: =(combine_values!K6-combine_values!$D6)/combine_values!$D6*100 -> 0.47625608 | L6: =(combine_values!L6-combine_values!$B6)/combine_values!$B6*100 -> -0.090198874 | M6: =(combine_values!M6-combine_values!$C6)/combine_values!$C6*100 -> -0.090198874 | N6: =(combine_values!N6-combine_values!$D6)/combine_values!$D6*100 -> 0.077043888 | O6: =(combine_values!O6-combine_values!$B6)/combine_values!$B6*100 -> 4.6258973 | P6: =(combine_values!P6-combine_values!$C6)/combine_values!$C6*100 -> 4.6258973 | Q6: =(combine_values!Q6-combine_values!$D6)/combine_values!$D6*100 -> 1.4086087 | R6: =(combine_values!R6-combine_values!$B6)/combine_values!$B6*100 -> 2.7509037 | S6: =(combine_values!S6-combine_values!$C6)/combine_values!$C6*100 -> 2.7509037 | T6: =(combine_values!T6-combine_values!$D6)/combine_values!$D6*100 -> -0.17446383 | U6: =(combine_values!U6-combine_values!$B6)/combine_values!$B6*100 -> 1.8426085 | V6: =(combine_values!V6-combine_values!$C6)/combine_values!$C6*100 -> 1.8426085 | W6: =(combine_values!W6-combine_values!$D6)/combine_values!$D6*100 -> -0.21867315 | X6: =(combine_values!X6-combine_values!$B6)/combine_values!$B6*100 -> 1.6220463 | Y6: =(combine_values!Y6-combine_values!$C6)/combine_values!$C6*100 -> 1.6220463 | Z6: =(combine_values!Z6-combine_values!$D6)/combine_values!$D6*100 -> -0.23365379 | AA6: =(combine_values!AA6-combine_values!$B6)/combine_values!$B6*100 -> 0.97387547 | AB6: =(combine_values!AB6-combine_values!$C6)/combine_values!$C6*100 -> 0.97387547 | AC6: =(combine_values!AC6-combine_values!$D6)/combine_values!$D6*100 -> -0.47575895 | AD6: =(combine_values!AD6-combine_values!$B6)/combine_values!$B6*100 -> 1.3170604 | AE6: =(combine_values!AE6-combine_values!$C6)/combine_values!$C6*100 -> 1.3170604 | AF6: =(combine_values!AF6-combine_values!$D6)/combine_values!$D6*100 -> -0.40532137 | AG6: =(combine_values!AG6-combine_values!$B6)/combine_values!$B6*100 -> 2.4522182 | AH6: =(combine_values!AH6-combine_values!$C6)/combine_values!$C6*100 -> 2.4522182 | AI6: =(combine_values!AI6-combine_values!$D6)/combine_values!$D6*100 -> 0.7890745 | AJ6: =(combine_values!AJ6-combine_values!$B6)/combine_values!$B6*100 -> 1.6724181 | AK6: =(combine_values!AK6-combine_values!$C6)/combine_values!$C6*100 -> 1.6724181 | AL6: =(combine_values!AL6-combine_values!$D6)/combine_values!$D6*100 -> -0.34075987 | AM6: =(combine_values!AM6-combine_values!$B6)/combine_values!$B6*100 -> 3.782642 | AN6: =(combine_values!AN6-combine_values!$C6)/combine_values!$C6*100 -> 3.782642 | AO6: =(combine_values!AO6-combine_values!$D6)/combine_values!$D6*100 -> -0.24755706 | AP6: =(combine_values!AP6-combine_values!$B6)/combine_values!$B6*100 -> 3.3857496 | AQ6: =(combine_values!AQ6-combine_values!$C6)/combine_values!$C6*100 -> 3.3857496 | AR6: =(combine_values!AR6-combine_values!$D6)/combine_values!$D6*100 -> 1.0350495 | AS6: =(combine_values!AS6-combine_values!$B6)/combine_values!$B6*100 -> -0.97784376 | AT6: =(combine_values!AT6-combine_values!$C6)/combine_values!$C6*100 -> -0.97784376 | AU6: =(combine_values!AU6-combine_values!$D6)/combine_values!$D6*100 -> -0.62496901 | AV6: =(combine_values!AV6-combine_values!$B6)/combine_values!$B6*100 -> 0.41229238 | AW6: =(combine_values!AW6-combine_values!$C6)/combine_values!$C6*100 -> 0.41229238 | AX6: =(combine_values!AX6-combine_values!$D6)/combine_values!$D6*100 -> -0.12396129 | AY6: =(combine_values!AY6-combine_values!$B6)/combine_values!$B6*100 -> 0.13896716 | AZ6: =(combine_values!AZ6-combine_values!$C6)/combine_values!$C6*100 -> 0.13896716 | BA6: =(combine_values!BA6-combine_values!$D6)/combine_values!$D6*100 -> -0.38483335 | BB6: =(combine_values!BB6-combine_values!$B6)/combine_values!$B6*100 -> 2.9017507 | BC6: =(combine_values!BC6-combine_values!$C6)/combine_values!$C6*100 -> 2.9017507 | BD6: =(combine_values!BD6-combine_values!$D6)/combine_values!$D6*100 -> 1.5143509 | BE6: =(combine_values!BE6-combine_values!$B6)/combine_values!$B6*100 -> 0.45577551 | BF6: =(combine_values!BF6-combine_values!$C6)/combine_values!$C6*100 -> 0.45577551 | BG6: =(combine_values!BG6-combine_values!$D6)/combine_values!$D6*100 -> 0.92399163 | BH6: =(combine_values!BH6-combine_values!$B6)/combine_values!$B6*100 -> 0.76859904 | BI6: =(combine_values!BI6-combine_values!$C6)/combine_values!$C6*100 -> 0.76859904 | BJ6: =(combine_values!BJ6-combine_values!$D6)/combine_values!$D6*100 -> -0.37005004 | BK6: =(combine_values!BK6-combine_values!$B6)/combine_values!$B6*100 -> 0.71478483 | BL6: =(combine_values!BL6-combine_values!$C6)/combine_values!$C6*100 -> 0.71478483 | BM6: =(combine_values!BM6-combine_values!$D6)/combine_values!$D6*100 -> -0.56923082 | BN6: =(combine_values!BN6-combine_values!$B6)/combine_values!$B6*100 -> 0.91196331 | BO6: =(combine_values!BO6-combine_values!$C6)/combine_values!$C6*100 -> 0.91196331 | BP6: =(combine_values!BP6-combine_values!$D6)/combine_values!$D6*100 -> -0.20335383 | BQ6: =(combine_values!BQ6-combine_values!$B6)/combine_values!$B6*100 -> 0.85374615 | BR6: =(combine_values!BR6-combine_values!$C6)/combine_values!$C6*100 -> 0.85374615 | BS6: =(combine_values!BS6-combine_values!$D6)/combine_values!$D6*100 -> 0.055135025 | BT6: =(combine_values!BT6-combine_values!$B6)/combine_values!$B6*100 -> -0.89499496 | BU6: =(combine_values!BU6-combine_values!$C6)/combine_values!$C6*100 -> -0.89499496 | BV6: =(combine_values!BV6-combine_values!$D6)/combine_values!$D6*100 -> 0.19832078 | BW6: =(combine_values!BW6-combine_values!$B6)/combine_values!$B6*100 -> 1.3274643 | BX6: =(combine_values!BX6-combine_values!$C6)/combine_values!$C6*100 -> 1.3274643 | BY6: =(combine_values!BY6-combine_values!$D6)/combine_values!$D6*100 -> -0.59312436 | BZ6: =(combine_values!BZ6-combine_values!$B6)/combine_values!$B6*100 -> 0.83731986 | CA6: =(combine_values!CA6-combine_values!$C6)/combine_values!$C6*100 -> 0.83731986 | CB6: =(combine_values!CB6-combine_values!$D6)/combine_values!$D6*100 -> -0.24175588 | CC6: =(combine_values!CC6-combine_values!$B6)/combine_values!$B6*100 -> 0.96641818 | CD6: =(combine_values!CD6-combine_values!$C6)/combine_values!$C6*100 -> 0.96641818 | CE6: =(combine_values!CE6-combine_values!$D6)/combine_values!$D6*100 -> -0.35453024 | CF6: =(combine_values!CF6-combine_values!$B6)/combine_values!$B6*100 -> 1.3586697 | CG6: =(combine_values!CG6-combine_values!$C6)/combine_values!$C6*100 -> 1.3586697 | CH6: =(combine_values!CH6-combine_values!$D6)/combine_values!$D6*100 -> 0.49607854 | CI6: =(combine_values!CI6-combine_values!$B6)/combine_values!$B6*100 -> 3.9450313 | CJ6: =(combine_values!CJ6-combine_values!$C6)/combine_values!$C6*100 -> 3.9450313 | CK6: =(combine_values!CK6-combine_values!$D6)/combine_values!$D6*100 -> 0.075266736 | CL6: =(combine_values!CL6-combine_values!$B6)/combine_values!$B6*100 -> 0.49099804 | CM6: =(combine_values!CM6-combine_values!$C6)/combine_values!$C6*100 -> 0.49099804 | CN6: =(combine_values!CN6-combine_values!$D6)/combine_values!$D6*100 -> -0.32933635 | CO6: =(combine_values!CO6-combine_values!$B6)/combine_values!$B6*100 -> 0.55391821 | CP6: =(combine_values!CP6-combine_values!$C6)/combine_values!$C6*100 -> 0.55391821 | CQ6: =(combine_values!CQ6-combine_values!$D6)/combine_values!$D6*100 -> -0.52343419 | CR6: =(combine_values!CR6-combine_values!$B6)/combine_values!$B6*100 -> 0.8948002 | CS6: =(combine_values!CS6-combine_values!$C6)/combine_values!$C6*100 -> 0.8948002 | CT6: =(combine_values!CT6-combine_values!$D6)/combine_values!$D6*100 -> -0.024038236 | CU6: =(combine_values!CU6-combine_values!$B6)/combine_values!$B6*100 -> 0.9179324 | CV6: =(combine_values!CV6-combine_values!$C6)/combine_values!$C6*100 -> 0.9179324 | CW6: =(combine_values!CW6-combine_values!$D6)/combine_values!$D6*100 -> 0.50842828 | CX6: =(combine_values!CX6-combine_values!$B6)/combine_values!$B6*100 -> 0.73123111 | CY6: =(combine_values!CY6-combine_values!$C6)/combine_values!$C6*100 -> 0.73123111 | CZ6: =(combine_values!CZ6-combine_values!$D6)/combine_values!$D6*100 -> 0.47410301 | DA6: =(combine_values!DA6-combine_values!$B6)/combine_values!$B6*100 -> 3.1684865 | DB6: =(combine_values!DB6-combine_values!$C6)/combine_values!$C6*100 -> 3.1684865 | DC6: =(combine_values!DC6-combine_values!$D6)/combine_values!$D6*100 -> 0.2999986 | DD6: =(combine_values!DD6-combine_values!$B6)/combine_values!$B6*100 -> 1.396549 | DE6: =(combine_values!DE6-combine_values!$C6)/combine_values!$C6*100 -> 1.396549 | DF6: =(combine_values!DF6-combine_values!$D6)/combine_values!$D6*100 -> 0.060235396 | DG6: =(ABS(OFFSET(B2GPPLYP_extrap!F$7,(ROW(B2GPPLYP_extrap!F3)-1)*4,0)-$B6)/$B6) -> 0.00149478 | DH6: =(ABS(OFFSET(B2GPPLYP_extrap!G$7,(ROW(B2GPPLYP_extrap!G3)-1)*4,0)-$C6)/$C6) -> 0.00149478 | DI6: =(ABS(OFFSET(B2GPPLYP_extrap!H$7,(ROW(B2GPPLYP_extrap!H3)-1)*4,0)-$D6)/$D6) -> 0.0052203813 | DJ6: =(ABS(OFFSET(DSDPBE_extrap!F$7,(ROW(DSDPBE_extrap!F3)-1)*4,0)-$B6)/$B6) -> 0.00067617669 | DK6: =(ABS(OFFSET(DSDPBE_extrap!G$7,(ROW(DSDPBE_extrap!G3)-1)*4,0)-$C6)/$C6) -> 0.00067617669 | DL6: =(ABS(OFFSET(DSDPBE_extrap!H$7,(ROW(DSDPBE_extrap!H3)-1)*4,0)-$D6)/$D6) -> 0.0015199653
A7: BeH2 | B7: =OFFSET(wft_table!L$7,(ROW(wft_table!L4)-1)*4,0) -> 0.90145481 | C7: =OFFSET(wft_table!M$7,(ROW(wft_table!M4)-1)*4,0) -> 0.90145481 | D7: =OFFSET(wft_table!N$7,(ROW(wft_table!N4)-1)*4,0) -> 1.8867482 | F7: =(combine_values!F7-combine_values!$B7)/combine_values!$B7*100 -> 0.02665568 | G7: =(combine_values!G7-combine_values!$C7)/combine_values!$C7*100 -> 0.02665568 | H7: =(combine_values!H7-combine_values!$D7)/combine_values!$D7*100 -> 0.71024465 | I7: =(combine_values!I7-combine_values!$B7)/combine_values!$B7*100 -> -0.17231618 | J7: =(combine_values!J7-combine_values!$C7)/combine_values!$C7*100 -> -0.17231618 | K7: =(combine_values!K7-combine_values!$D7)/combine_values!$D7*100 -> 0.17481693 | L7: =(combine_values!L7-combine_values!$B7)/combine_values!$B7*100 -> -0.065115487 | M7: =(combine_values!M7-combine_values!$C7)/combine_values!$C7*100 -> -0.065115487 | N7: =(combine_values!N7-combine_values!$D7)/combine_values!$D7*100 -> 0.044869912 | O7: =(combine_values!O7-combine_values!$B7)/combine_values!$B7*100 -> 5.0740475 | P7: =(combine_values!P7-combine_values!$C7)/combine_values!$C7*100 -> 5.0740475 | Q7: =(combine_values!Q7-combine_values!$D7)/combine_values!$D7*100 -> 0.34025654 | R7: =(combine_values!R7-combine_values!$B7)/combine_values!$B7*100 -> 2.7711228 | S7: =(combine_values!S7-combine_values!$C7)/combine_values!$C7*100 -> 2.7711228 | T7: =(combine_values!T7-combine_values!$D7)/combine_values!$D7*100 -> -0.25942989 | U7: =(combine_values!U7-combine_values!$B7)/combine_values!$B7*100 -> 1.1167934 | V7: =(combine_values!V7-combine_values!$C7)/combine_values!$C7*100 -> 1.1167934 | W7: =(combine_values!W7-combine_values!$D7)/combine_values!$D7*100 -> 0.23699854 | X7: =(combine_values!X7-combine_values!$B7)/combine_values!$B7*100 -> 1.5726936 | Y7: =(combine_values!Y7-combine_values!$C7)/combine_values!$C7*100 -> 1.5726936 | Z7: =(combine_values!Z7-combine_values!$D7)/combine_values!$D7*100 -> 0.22553816 | AA7: =(combine_values!AA7-combine_values!$B7)/combine_values!$B7*100 -> 0.98626601 | AB7: =(combine_values!AB7-combine_values!$C7)/combine_values!$C7*100 -> 0.98626601 | AC7: =(combine_values!AC7-combine_values!$D7)/combine_values!$D7*100 -> -0.16542061 | AD7: =(combine_values!AD7-combine_values!$B7)/combine_values!$B7*100 -> 1.2870555 | AE7: =(combine_values!AE7-combine_values!$C7)/combine_values!$C7*100 -> 1.2870555 | AF7: =(combine_values!AF7-combine_values!$D7)/combine_values!$D7*100 -> -0.10250654 | AG7: =(combine_values!AG7-combine_values!$B7)/combine_values!$B7*100 -> 1.282539 | AH7: =(combine_values!AH7-combine_values!$C7)/combine_values!$C7*100 -> 1.282539 | AI7: =(combine_values!AI7-combine_values!$D7)/combine_values!$D7*100 -> 0.095562117 | AJ7: =(combine_values!AJ7-combine_values!$B7)/combine_values!$B7*100 -> 1.6132191 | AK7: =(combine_values!AK7-combine_values!$C7)/combine_values!$C7*100 -> 1.6132191 | AL7: =(combine_values!AL7-combine_values!$D7)/combine_values!$D7*100 -> -0.11052109 | AM7: =(combine_values!AM7-combine_values!$B7)/combine_values!$B7*100 -> 2.4984953 | AN7: =(combine_values!AN7-combine_values!$C7)/combine_values!$C7*100 -> 2.4984953 | AO7: =(combine_values!AO7-combine_values!$D7)/combine_values!$D7*100 -> 0.56999295 | AP7: =(combine_values!AP7-combine_values!$B7)/combine_values!$B7*100 -> 1.1778495 | AQ7: =(combine_values!AQ7-combine_values!$C7)/combine_values!$C7*100 -> 1.1778495 | AR7: =(combine_values!AR7-combine_values!$D7)/combine_values!$D7*100 -> 1.3897129 | AS7: =(combine_values!AS7-combine_values!$B7)/combine_values!$B7*100 -> -0.77844403 | AT7: =(combine_values!AT7-combine_values!$C7)/combine_values!$C7*100 -> -0.77844403 | AU7: =(combine_values!AU7-combine_values!$D7)/combine_values!$D7*100 -> -0.085956789 | AV7: =(combine_values!AV7-combine_values!$B7)/combine_values!$B7*100 -> 0.34779868 | AW7: =(combine_values!AW7-combine_values!$C7)/combine_values!$C7*100 -> 0.34779868 | AX7: =(combine_values!AX7-combine_values!$D7)/combine_values!$D7*100 -> 0.37199352 | AY7: =(combine_values!AY7-combine_values!$B7)/combine_values!$B7*100 -> 0.24441471 | AZ7: =(combine_values!AZ7-combine_values!$C7)/combine_values!$C7*100 -> 0.24441471 | BA7: =(combine_values!BA7-combine_values!$D7)/combine_values!$D7*100 -> -0.17710155 | BB7: =(combine_values!BB7-combine_values!$B7)/combine_values!$B7*100 -> 1.9076693 | BC7: =(combine_values!BC7-combine_values!$C7)/combine_values!$C7*100 -> 1.9076693 | BD7: =(combine_values!BD7-combine_values!$D7)/combine_values!$D7*100 -> 1.6516683 | BE7: =(combine_values!BE7-combine_values!$B7)/combine_values!$B7*100 -> -0.20150952 | BF7: =(combine_values!BF7-combine_values!$C7)/combine_values!$C7*100 -> -0.20150952 | BG7: =(combine_values!BG7-combine_values!$D7)/combine_values!$D7*100 -> 1.2476521 | BH7: =(combine_values!BH7-combine_values!$B7)/combine_values!$B7*100 -> 0.66185807 | BI7: =(combine_values!BI7-combine_values!$C7)/combine_values!$C7*100 -> 0.66185807 | BJ7: =(combine_values!BJ7-combine_values!$D7)/combine_values!$D7*100 -> 0.08999788 | BK7: =(combine_values!BK7-combine_values!$B7)/combine_values!$B7*100 -> 0.26722916 | BL7: =(combine_values!BL7-combine_values!$C7)/combine_values!$C7*100 -> 0.26722916 | BM7: =(combine_values!BM7-combine_values!$D7)/combine_values!$D7*100 -> -0.15879621 | BN7: =(combine_values!BN7-combine_values!$B7)/combine_values!$B7*100 -> 0.94699936 | BO7: =(combine_values!BO7-combine_values!$C7)/combine_values!$C7*100 -> 0.94699936 | BP7: =(combine_values!BP7-combine_values!$D7)/combine_values!$D7*100 -> 0.17898859 | BQ7: =(combine_values!BQ7-combine_values!$B7)/combine_values!$B7*100 -> 0.46018388 | BR7: =(combine_values!BR7-combine_values!$C7)/combine_values!$C7*100 -> 0.46018388 | BS7: =(combine_values!BS7-combine_values!$D7)/combine_values!$D7*100 -> 0.046864548 | BT7: =(combine_values!BT7-combine_values!$B7)/combine_values!$B7*100 -> -0.67322781 | BU7: =(combine_values!BU7-combine_values!$C7)/combine_values!$C7*100 -> -0.67322781 | BV7: =(combine_values!BV7-combine_values!$D7)/combine_values!$D7*100 -> 0.25800584 | BW7: =(combine_values!BW7-combine_values!$B7)/combine_values!$B7*100 -> 0.76178714 | BX7: =(combine_values!BX7-combine_values!$C7)/combine_values!$C7*100 -> 0.76178714 | BY7: =(combine_values!BY7-combine_values!$D7)/combine_values!$D7*100 -> -0.16385164 | BZ7: =(combine_values!BZ7-combine_values!$B7)/combine_values!$B7*100 -> 0.83061997 | CA7: =(combine_values!CA7-combine_values!$C7)/combine_values!$C7*100 -> 0.83061997 | CB7: =(combine_values!CB7-combine_values!$D7)/combine_values!$D7*100 -> -0.088743923 | CC7: =(combine_values!CC7-combine_values!$B7)/combine_values!$B7*100 -> 0.16604555 | CD7: =(combine_values!CD7-combine_values!$C7)/combine_values!$C7*100 -> 0.16604555 | CE7: =(combine_values!CE7-combine_values!$D7)/combine_values!$D7*100 -> -0.31930014 | CF7: =(combine_values!CF7-combine_values!$B7)/combine_values!$B7*100 -> 1.0798403 | CG7: =(combine_values!CG7-combine_values!$C7)/combine_values!$C7*100 -> 1.0798403 | CH7: =(combine_values!CH7-combine_values!$D7)/combine_values!$D7*100 -> 0.5608205 | CI7: =(combine_values!CI7-combine_values!$B7)/combine_values!$B7*100 -> 1.5426642 | CJ7: =(combine_values!CJ7-combine_values!$C7)/combine_values!$C7*100 -> 1.5426642 | CK7: =(combine_values!CK7-combine_values!$D7)/combine_values!$D7*100 -> 0.80732064 | CL7: =(combine_values!CL7-combine_values!$B7)/combine_values!$B7*100 -> 0.39033761 | CM7: =(combine_values!CM7-combine_values!$C7)/combine_values!$C7*100 -> 0.39033761 | CN7: =(combine_values!CN7-combine_values!$D7)/combine_values!$D7*100 -> 0.10216925 | CO7: =(combine_values!CO7-combine_values!$B7)/combine_values!$B7*100 -> 0.12036534 | CP7: =(combine_values!CP7-combine_values!$C7)/combine_values!$C7*100 -> 0.12036534 | CQ7: =(combine_values!CQ7-combine_values!$D7)/combine_values!$D7*100 -> -0.12707491 | CR7: =(combine_values!CR7-combine_values!$B7)/combine_values!$B7*100 -> 1.2147668 | CS7: =(combine_values!CS7-combine_values!$C7)/combine_values!$C7*100 -> 1.2147668 | CT7: =(combine_values!CT7-combine_values!$D7)/combine_values!$D7*100 -> 0.23005301 | CU7: =(combine_values!CU7-combine_values!$B7)/combine_values!$B7*100 -> 0.86010537 | CV7: =(combine_values!CV7-combine_values!$C7)/combine_values!$C7*100 -> 0.86010537 | CW7: =(combine_values!CW7-combine_values!$D7)/combine_values!$D7*100 -> 0.19531814 | CX7: =(combine_values!CX7-combine_values!$B7)/combine_values!$B7*100 -> 0.91602834 | CY7: =(combine_values!CY7-combine_values!$C7)/combine_values!$C7*100 -> 0.91602834 | CZ7: =(combine_values!CZ7-combine_values!$D7)/combine_values!$D7*100 -> 0.20365561 | DA7: =(combine_values!DA7-combine_values!$B7)/combine_values!$B7*100 -> 1.7391952 | DB7: =(combine_values!DB7-combine_values!$C7)/combine_values!$C7*100 -> 1.7391952 | DC7: =(combine_values!DC7-combine_values!$D7)/combine_values!$D7*100 -> 0.44808671 | DD7: =(combine_values!DD7-combine_values!$B7)/combine_values!$B7*100 -> 1.2463994 | DE7: =(combine_values!DE7-combine_values!$C7)/combine_values!$C7*100 -> 1.2463994 | DF7: =(combine_values!DF7-combine_values!$D7)/combine_values!$D7*100 -> 0.30156894 | DG7: =(ABS(OFFSET(B2GPPLYP_extrap!F$7,(ROW(B2GPPLYP_extrap!F4)-1)*4,0)-$B7)/$B7) -> 0.0027319085 | DH7: =(ABS(OFFSET(B2GPPLYP_extrap!G$7,(ROW(B2GPPLYP_extrap!G4)-1)*4,0)-$C7)/$C7) -> 0.0027319085 | DI7: =(ABS(OFFSET(B2GPPLYP_extrap!H$7,(ROW(B2GPPLYP_extrap!H4)-1)*4,0)-$D7)/$D7) -> 0.0026310174 | DJ7: =(ABS(OFFSET(DSDPBE_extrap!F$7,(ROW(DSDPBE_extrap!F4)-1)*4,0)-$B7)/$B7) -> 0.0017717978 | DK7: =(ABS(OFFSET(DSDPBE_extrap!G$7,(ROW(DSDPBE_extrap!G4)-1)*4,0)-$C7)/$C7) -> 0.0017717978 | DL7: =(ABS(OFFSET(DSDPBE_extrap!H$7,(ROW(DSDPBE_extrap!H4)-1)*4,0)-$D7)/$D7) -> 0.00029890588
A8: BF | B8: =OFFSET(wft_table!L$7,(ROW(wft_table!L5)-1)*4,0) -> 0.74685888 | C8: =OFFSET(wft_table!M$7,(ROW(wft_table!M5)-1)*4,0) -> 0.74685888 | D8: =OFFSET(wft_table!N$7,(ROW(wft_table!N5)-1)*4,0) -> 1.433292 | F8: =(combine_values!F8-combine_values!$B8)/combine_values!$B8*100 -> -0.45509913 | G8: =(combine_values!G8-combine_values!$C8)/combine_values!$C8*100 -> -0.45509913 | H8: =(combine_values!H8-combine_values!$D8)/combine_values!$D8*100 -> 0.97288763 | I8: =(combine_values!I8-combine_values!$B8)/combine_values!$B8*100 -> 0.41328031 | J8: =(combine_values!J8-combine_values!$C8)/combine_values!$C8*100 -> 0.41328031 | K8: =(combine_values!K8-combine_values!$D8)/combine_values!$D8*100 -> 0.37394531 | L8: =(combine_values!L8-combine_values!$B8)/combine_values!$B8*100 -> -0.24140741 | M8: =(combine_values!M8-combine_values!$C8)/combine_values!$C8*100 -> -0.24140741 | N8: =(combine_values!N8-combine_values!$D8)/combine_values!$D8*100 -> 0.094973584 | O8: =(combine_values!O8-combine_values!$B8)/combine_values!$B8*100 -> 3.4305096 | P8: =(combine_values!P8-combine_values!$C8)/combine_values!$C8*100 -> 3.4305096 | Q8: =(combine_values!Q8-combine_values!$D8)/combine_values!$D8*100 -> 0.77632994 | R8: =(combine_values!R8-combine_values!$B8)/combine_values!$B8*100 -> 1.7143062 | S8: =(combine_values!S8-combine_values!$C8)/combine_values!$C8*100 -> 1.7143062 | T8: =(combine_values!T8-combine_values!$D8)/combine_values!$D8*100 -> 0.30020135 | U8: =(combine_values!U8-combine_values!$B8)/combine_values!$B8*100 -> 0.85799678 | V8: =(combine_values!V8-combine_values!$C8)/combine_values!$C8*100 -> 0.85799678 | W8: =(combine_values!W8-combine_values!$D8)/combine_values!$D8*100 -> 0.35147239 | X8: =(combine_values!X8-combine_values!$B8)/combine_values!$B8*100 -> 1.5269317 | Y8: =(combine_values!Y8-combine_values!$C8)/combine_values!$C8*100 -> 1.5269317 | Z8: =(combine_values!Z8-combine_values!$D8)/combine_values!$D8*100 -> 0.43763256 | AA8: =(combine_values!AA8-combine_values!$B8)/combine_values!$B8*100 -> 0.8490288 | AB8: =(combine_values!AB8-combine_values!$C8)/combine_values!$C8*100 -> 0.8490288 | AC8: =(combine_values!AC8-combine_values!$D8)/combine_values!$D8*100 -> 0.25450771 | AD8: =(combine_values!AD8-combine_values!$B8)/combine_values!$B8*100 -> 1.0795832 | AE8: =(combine_values!AE8-combine_values!$C8)/combine_values!$C8*100 -> 1.0795832 | AF8: =(combine_values!AF8-combine_values!$D8)/combine_values!$D8*100 -> 0.28693151 | AG8: =(combine_values!AG8-combine_values!$B8)/combine_values!$B8*100 -> 0.67706679 | AH8: =(combine_values!AH8-combine_values!$C8)/combine_values!$C8*100 -> 0.67706679 | AI8: =(combine_values!AI8-combine_values!$D8)/combine_values!$D8*100 -> 0.19985169 | AJ8: =(combine_values!AJ8-combine_values!$B8)/combine_values!$B8*100 -> 1.3157211 | AK8: =(combine_values!AK8-combine_values!$C8)/combine_values!$C8*100 -> 1.3157211 | AL8: =(combine_values!AL8-combine_values!$D8)/combine_values!$D8*100 -> 0.31647878 | AM8: =(combine_values!AM8-combine_values!$B8)/combine_values!$B8*100 -> 2.6103329 | AN8: =(combine_values!AN8-combine_values!$C8)/combine_values!$C8*100 -> 2.6103329 | AO8: =(combine_values!AO8-combine_values!$D8)/combine_values!$D8*100 -> 0.62845489 | AP8: =(combine_values!AP8-combine_values!$B8)/combine_values!$B8*100 -> 0.68557731 | AQ8: =(combine_values!AQ8-combine_values!$C8)/combine_values!$C8*100 -> 0.68557731 | AR8: =(combine_values!AR8-combine_values!$D8)/combine_values!$D8*100 -> 0.53014895 | AS8: =(combine_values!AS8-combine_values!$B8)/combine_values!$B8*100 -> -0.41207005 | AT8: =(combine_values!AT8-combine_values!$C8)/combine_values!$C8*100 -> -0.41207005 | AU8: =(combine_values!AU8-combine_values!$D8)/combine_values!$D8*100 -> 0.23767534 | AV8: =(combine_values!AV8-combine_values!$B8)/combine_values!$B8*100 -> 0.24017275 | AW8: =(combine_values!AW8-combine_values!$C8)/combine_values!$C8*100 -> 0.24017275 | AX8: =(combine_values!AX8-combine_values!$D8)/combine_values!$D8*100 -> 0.29572761 | AY8: =(combine_values!AY8-combine_values!$B8)/combine_values!$B8*100 -> 0.35835004 | AZ8: =(combine_values!AZ8-combine_values!$C8)/combine_values!$C8*100 -> 0.35835004 | BA8: =(combine_values!BA8-combine_values!$D8)/combine_values!$D8*100 -> 0.37640247 | BB8: =(combine_values!BB8-combine_values!$B8)/combine_values!$B8*100 -> 1.4195039 | BC8: =(combine_values!BC8-combine_values!$C8)/combine_values!$C8*100 -> 1.4195039 | BD8: =(combine_values!BD8-combine_values!$D8)/combine_values!$D8*100 -> 0.90165037 | BE8: =(combine_values!BE8-combine_values!$B8)/combine_values!$B8*100 -> -0.28118472 | BF8: =(combine_values!BF8-combine_values!$C8)/combine_values!$C8*100 -> -0.28118472 | BG8: =(combine_values!BG8-combine_values!$D8)/combine_values!$D8*100 -> 0.79463647 | BH8: =(combine_values!BH8-combine_values!$B8)/combine_values!$B8*100 -> 0.53559225 | BI8: =(combine_values!BI8-combine_values!$C8)/combine_values!$C8*100 -> 0.53559225 | BJ8: =(combine_values!BJ8-combine_values!$D8)/combine_values!$D8*100 -> 0.34689609 | BK8: =(combine_values!BK8-combine_values!$B8)/combine_values!$B8*100 -> 0.6269347 | BL8: =(combine_values!BL8-combine_values!$C8)/combine_values!$C8*100 -> 0.6269347 | BM8: =(combine_values!BM8-combine_values!$D8)/combine_values!$D8*100 -> 0.36631428 | BN8: =(combine_values!BN8-combine_values!$B8)/combine_values!$B8*100 -> 0.81881497 | BO8: =(combine_values!BO8-combine_values!$C8)/combine_values!$C8*100 -> 0.81881497 | BP8: =(combine_values!BP8-combine_values!$D8)/combine_values!$D8*100 -> 0.43652084 | BQ8: =(combine_values!BQ8-combine_values!$B8)/combine_values!$B8*100 -> 0.25441835 | BR8: =(combine_values!BR8-combine_values!$C8)/combine_values!$C8*100 -> 0.25441835 | BS8: =(combine_values!BS8-combine_values!$D8)/combine_values!$D8*100 -> 0.33349769 | BT8: =(combine_values!BT8-combine_values!$B8)/combine_values!$B8*100 -> -1.0835303 | BU8: =(combine_values!BU8-combine_values!$C8)/combine_values!$C8*100 -> -1.0835303 | BV8: =(combine_values!BV8-combine_values!$D8)/combine_values!$D8*100 -> 0.65595342 | BW8: =(combine_values!BW8-combine_values!$B8)/combine_values!$B8*100 -> 0.38775407 | BX8: =(combine_values!BX8-combine_values!$C8)/combine_values!$C8*100 -> 0.38775407 | BY8: =(combine_values!BY8-combine_values!$D8)/combine_values!$D8*100 -> 0.24040468 | BZ8: =(combine_values!BZ8-combine_values!$B8)/combine_values!$B8*100 -> 0.49912676 | CA8: =(combine_values!CA8-combine_values!$C8)/combine_values!$C8*100 -> 0.49912676 | CB8: =(combine_values!CB8-combine_values!$D8)/combine_values!$D8*100 -> 0.35562665 | CC8: =(combine_values!CC8-combine_values!$B8)/combine_values!$B8*100 -> 0.12375774 | CD8: =(combine_values!CD8-combine_values!$C8)/combine_values!$C8*100 -> 0.12375774 | CE8: =(combine_values!CE8-combine_values!$D8)/combine_values!$D8*100 -> 0.22527607 | CF8: =(combine_values!CF8-combine_values!$B8)/combine_values!$B8*100 -> 0.37115608 | CG8: =(combine_values!CG8-combine_values!$C8)/combine_values!$C8*100 -> 0.37115608 | CH8: =(combine_values!CH8-combine_values!$D8)/combine_values!$D8*100 -> 0.50355267 | CI8: =(combine_values!CI8-combine_values!$B8)/combine_values!$B8*100 -> 0.76639138 | CJ8: =(combine_values!CJ8-combine_values!$C8)/combine_values!$C8*100 -> 0.76639138 | CK8: =(combine_values!CK8-combine_values!$D8)/combine_values!$D8*100 -> 0.33080224 | CL8: =(combine_values!CL8-combine_values!$B8)/combine_values!$B8*100 -> 0.12708576 | CM8: =(combine_values!CM8-combine_values!$C8)/combine_values!$C8*100 -> 0.12708576 | CN8: =(combine_values!CN8-combine_values!$D8)/combine_values!$D8*100 -> 0.37957992 | CO8: =(combine_values!CO8-combine_values!$B8)/combine_values!$B8*100 -> 0.3811152 | CP8: =(combine_values!CP8-combine_values!$C8)/combine_values!$C8*100 -> 0.3811152 | CQ8: =(combine_values!CQ8-combine_values!$D8)/combine_values!$D8*100 -> 0.37825271 | CR8: =(combine_values!CR8-combine_values!$B8)/combine_values!$B8*100 -> 0.84997283 | CS8: =(combine_values!CS8-combine_values!$C8)/combine_values!$C8*100 -> 0.84997283 | CT8: =(combine_values!CT8-combine_values!$D8)/combine_values!$D8*100 -> 0.51730139 | CU8: =(combine_values!CU8-combine_values!$B8)/combine_values!$B8*100 -> 0.33984953 | CV8: =(combine_values!CV8-combine_values!$C8)/combine_values!$C8*100 -> 0.33984953 | CW8: =(combine_values!CW8-combine_values!$D8)/combine_values!$D8*100 -> 0.44381095 | CX8: =(combine_values!CX8-combine_values!$B8)/combine_values!$B8*100 -> 0.65389562 | CY8: =(combine_values!CY8-combine_values!$C8)/combine_values!$C8*100 -> 0.65389562 | CZ8: =(combine_values!CZ8-combine_values!$D8)/combine_values!$D8*100 -> 0.53808279 | DA8: =(combine_values!DA8-combine_values!$B8)/combine_values!$B8*100 -> 1.1530237 | DB8: =(combine_values!DB8-combine_values!$C8)/combine_values!$C8*100 -> 1.1530237 | DC8: =(combine_values!DC8-combine_values!$D8)/combine_values!$D8*100 -> 0.40942671 | DD8: =(combine_values!DD8-combine_values!$B8)/combine_values!$B8*100 -> 0.51144126 | DE8: =(combine_values!DE8-combine_values!$C8)/combine_values!$C8*100 -> 0.51144126 | DF8: =(combine_values!DF8-combine_values!$D8)/combine_values!$D8*100 -> 0.36543995 | DG8: =(ABS(OFFSET(B2GPPLYP_extrap!F$7,(ROW(B2GPPLYP_extrap!F5)-1)*4,0)-$B8)/$B8) -> 0.0046751115 | DH8: =(ABS(OFFSET(B2GPPLYP_extrap!G$7,(ROW(B2GPPLYP_extrap!G5)-1)*4,0)-$C8)/$C8) -> 0.0046751115 | DI8: =(ABS(OFFSET(B2GPPLYP_extrap!H$7,(ROW(B2GPPLYP_extrap!H5)-1)*4,0)-$D8)/$D8) -> 0.0045070736 | DJ8: =(ABS(OFFSET(DSDPBE_extrap!F$7,(ROW(DSDPBE_extrap!F5)-1)*4,0)-$B8)/$B8) -> 0.0029845013 | DK8: =(ABS(OFFSET(DSDPBE_extrap!G$7,(ROW(DSDPBE_extrap!G5)-1)*4,0)-$C8)/$C8) -> 0.0029845013 | DL8: =(ABS(OFFSET(DSDPBE_extrap!H$7,(ROW(DSDPBE_extrap!H5)-1)*4,0)-$D8)/$D8) -> 0.0035022999
A9: BH2 | B9: =OFFSET(wft_table!L$7,(ROW(wft_table!L6)-1)*4,0) -> 0.83980428 | C9: =OFFSET(wft_table!M$7,(ROW(wft_table!M6)-1)*4,0) -> 1.0858154 | D9: =OFFSET(wft_table!N$7,(ROW(wft_table!N6)-1)*4,0) -> 1.4313086 | F9: =(combine_values!F9-combine_values!$B9)/combine_values!$B9*100 -> -0.46025818 | G9: =(combine_values!G9-combine_values!$C9)/combine_values!$C9*100 -> 0.43816766 | H9: =(combine_values!H9-combine_values!$D9)/combine_values!$D9*100 -> 0.45712182 | I9: =(combine_values!I9-combine_values!$B9)/combine_values!$B9*100 -> -0.16729864 | J9: =(combine_values!J9-combine_values!$C9)/combine_values!$C9*100 -> 0.13012805 | K9: =(combine_values!K9-combine_values!$D9)/combine_values!$D9*100 -> 0.069850967 | L9: =(combine_values!L9-combine_values!$B9)/combine_values!$B9*100 -> -0.11653113 | M9: =(combine_values!M9-combine_values!$C9)/combine_values!$C9*100 -> -0.028700638 | N9: =(combine_values!N9-combine_values!$D9)/combine_values!$D9*100 -> 0.0056461896 | O9: =(combine_values!O9-combine_values!$B9)/combine_values!$B9*100 -> 3.9019837 | P9: =(combine_values!P9-combine_values!$C9)/combine_values!$C9*100 -> 3.2288877 | Q9: =(combine_values!Q9-combine_values!$D9)/combine_values!$D9*100 -> 1.1242703 | R9: =(combine_values!R9-combine_values!$B9)/combine_values!$B9*100 -> 2.1729522 | S9: =(combine_values!S9-combine_values!$C9)/combine_values!$C9*100 -> 1.3365534 | T9: =(combine_values!T9-combine_values!$D9)/combine_values!$D9*100 -> 0.29054593 | U9: =(combine_values!U9-combine_values!$B9)/combine_values!$B9*100 -> 0.52881825 | V9: =(combine_values!V9-combine_values!$C9)/combine_values!$C9*100 -> 0.38345484 | W9: =(combine_values!W9-combine_values!$D9)/combine_values!$D9*100 -> 0.27529494 | X9: =(combine_values!X9-combine_values!$B9)/combine_values!$B9*100 -> 1.2966265 | Y9: =(combine_values!Y9-combine_values!$C9)/combine_values!$C9*100 -> 0.92725546 | Z9: =(combine_values!Z9-combine_values!$D9)/combine_values!$D9*100 -> 0.62136101 | AA9: =(combine_values!AA9-combine_values!$B9)/combine_values!$B9*100 -> 0.60593761 | AB9: =(combine_values!AB9-combine_values!$C9)/combine_values!$C9*100 -> 0.39723361 | AC9: =(combine_values!AC9-combine_values!$D9)/combine_values!$D9*100 -> 0.13844925 | AD9: =(combine_values!AD9-combine_values!$B9)/combine_values!$B9*100 -> 0.90114017 | AE9: =(combine_values!AE9-combine_values!$C9)/combine_values!$C9*100 -> 0.57339923 | AF9: =(combine_values!AF9-combine_values!$D9)/combine_values!$D9*100 -> 0.24271726 | AG9: =(combine_values!AG9-combine_values!$B9)/combine_values!$B9*100 -> 1.6246523 | AH9: =(combine_values!AH9-combine_values!$C9)/combine_values!$C9*100 -> 1.7160372 | AI9: =(combine_values!AI9-combine_values!$D9)/combine_values!$D9*100 -> 0.56982343 | AJ9: =(combine_values!AJ9-combine_values!$B9)/combine_values!$B9*100 -> 1.2044102 | AK9: =(combine_values!AK9-combine_values!$C9)/combine_values!$C9*100 -> 0.81972759 | AL9: =(combine_values!AL9-combine_values!$D9)/combine_values!$D9*100 -> 0.29002898 | AM9: =(combine_values!AM9-combine_values!$B9)/combine_values!$B9*100 -> 2.490827 | AN9: =(combine_values!AN9-combine_values!$C9)/combine_values!$C9*100 -> 1.11233 | AO9: =(combine_values!AO9-combine_values!$D9)/combine_values!$D9*100 -> 0.69707336 | AP9: =(combine_values!AP9-combine_values!$B9)/combine_values!$B9*100 -> 0.95112687 | AQ9: =(combine_values!AQ9-combine_values!$C9)/combine_values!$C9*100 -> 1.1315256 | AR9: =(combine_values!AR9-combine_values!$D9)/combine_values!$D9*100 -> 0.91770505 | AS9: =(combine_values!AS9-combine_values!$B9)/combine_values!$B9*100 -> -1.567828 | AT9: =(combine_values!AT9-combine_values!$C9)/combine_values!$C9*100 -> -0.8163622 | AU9: =(combine_values!AU9-combine_values!$D9)/combine_values!$D9*100 -> 0.017745756 | AV9: =(combine_values!AV9-combine_values!$B9)/combine_values!$B9*100 -> -0.24867383 | AW9: =(combine_values!AW9-combine_values!$C9)/combine_values!$C9*100 -> 0.012310223 | AX9: =(combine_values!AX9-combine_values!$D9)/combine_values!$D9*100 -> 0.27891403 | AY9: =(combine_values!AY9-combine_values!$B9)/combine_values!$B9*100 -> -0.26754704 | AZ9: =(combine_values!AZ9-combine_values!$C9)/combine_values!$C9*100 -> 0.10639792 | BA9: =(combine_values!BA9-combine_values!$D9)/combine_values!$D9*100 -> -0.02373111 | BB9: =(combine_values!BB9-combine_values!$B9)/combine_values!$B9*100 -> 1.4563191 | BC9: =(combine_values!BC9-combine_values!$C9)/combine_values!$C9*100 -> 1.7559199 | BD9: =(combine_values!BD9-combine_values!$D9)/combine_values!$D9*100 -> 1.4574769 | BE9: =(combine_values!BE9-combine_values!$B9)/combine_values!$B9*100 -> -1.026948 | BF9: =(combine_values!BF9-combine_values!$C9)/combine_values!$C9*100 -> -0.014870246 | BG9: =(combine_values!BG9-combine_values!$D9)/combine_values!$D9*100 -> 0.79973488 | BH9: =(combine_values!BH9-combine_values!$B9)/combine_values!$B9*100 -> 0.014424277 | BI9: =(combine_values!BI9-combine_values!$C9)/combine_values!$C9*100 -> 0.035429534 | BJ9: =(combine_values!BJ9-combine_values!$D9)/combine_values!$D9*100 -> 0.14181443 | BK9: =(combine_values!BK9-combine_values!$B9)/combine_values!$B9*100 -> 0.070873688 | BL9: =(combine_values!BL9-combine_values!$C9)/combine_values!$C9*100 -> 0.20233508 | BM9: =(combine_values!BM9-combine_values!$D9)/combine_values!$D9*100 -> 0.14259099 | BN9: =(combine_values!BN9-combine_values!$B9)/combine_values!$B9*100 -> 0.70019749 | BO9: =(combine_values!BO9-combine_values!$C9)/combine_values!$C9*100 -> 0.49555433 | BP9: =(combine_values!BP9-combine_values!$D9)/combine_values!$D9*100 -> 0.40007811 | BQ9: =(combine_values!BQ9-combine_values!$B9)/combine_values!$B9*100 -> 0.1445863 | BR9: =(combine_values!BR9-combine_values!$C9)/combine_values!$C9*100 -> 0.28530867 | BS9: =(combine_values!BS9-combine_values!$D9)/combine_values!$D9*100 -> 0.046769332 | BT9: =(combine_values!BT9-combine_values!$B9)/combine_values!$B9*100 -> -0.82554286 | BU9: =(combine_values!BU9-combine_values!$C9)/combine_values!$C9*100 -> -0.38974845 | BV9: =(combine_values!BV9-combine_values!$D9)/combine_values!$D9*100 -> 0.0014162935 | BW9: =(combine_values!BW9-combine_values!$B9)/combine_values!$B9*100 -> 0.96380613 | BX9: =(combine_values!BX9-combine_values!$C9)/combine_values!$C9*100 -> 0.40661558 | BY9: =(combine_values!BY9-combine_values!$D9)/combine_values!$D9*100 -> 0.26314419 | BZ9: =(combine_values!BZ9-combine_values!$B9)/combine_values!$B9*100 -> 0.47562383 | CA9: =(combine_values!CA9-combine_values!$C9)/combine_values!$C9*100 -> 0.33987297 | CB9: =(combine_values!CB9-combine_values!$D9)/combine_values!$D9*100 -> 0.088993962 | CC9: =(combine_values!CC9-combine_values!$B9)/combine_values!$B9*100 -> 0.5273202 | CD9: =(combine_values!CD9-combine_values!$C9)/combine_values!$C9*100 -> 0.27648115 | CE9: =(combine_values!CE9-combine_values!$D9)/combine_values!$D9*100 -> 0.27400238 | CF9: =(combine_values!CF9-combine_values!$B9)/combine_values!$B9*100 -> 1.2044102 | CG9: =(combine_values!CG9-combine_values!$C9)/combine_values!$C9*100 -> 0.50709064 | CH9: =(combine_values!CH9-combine_values!$D9)/combine_values!$D9*100 -> 0.50278507 | CI9: =(combine_values!CI9-combine_values!$B9)/combine_values!$B9*100 -> 1.6927961 | CJ9: =(combine_values!CJ9-combine_values!$C9)/combine_values!$C9*100 -> 0.89800955 | CK9: =(combine_values!CK9-combine_values!$D9)/combine_values!$D9*100 -> 0.76398247 | CL9: =(combine_values!CL9-combine_values!$B9)/combine_values!$B9*100 -> -0.13098557 | CM9: =(combine_values!CM9-combine_values!$C9)/combine_values!$C9*100 -> -0.11752235 | CN9: =(combine_values!CN9-combine_values!$D9)/combine_values!$D9*100 -> 0.077079613 | CO9: =(combine_values!CO9-combine_values!$B9)/combine_values!$B9*100 -> -0.09027963 | CP9: =(combine_values!CP9-combine_values!$C9)/combine_values!$C9*100 -> 0.073589851 | CQ9: =(combine_values!CQ9-combine_values!$D9)/combine_values!$D9*100 -> 0.087439997 | CR9: =(combine_values!CR9-combine_values!$B9)/combine_values!$B9*100 -> 0.92128704 | CS9: =(combine_values!CS9-combine_values!$C9)/combine_values!$C9*100 -> 0.54313093 | CT9: =(combine_values!CT9-combine_values!$D9)/combine_values!$D9*100 -> 0.40136905 | CU9: =(combine_values!CU9-combine_values!$B9)/combine_values!$B9*100 -> 0.31512074 | CV9: =(combine_values!CV9-combine_values!$C9)/combine_values!$C9*100 -> 0.35823436 | CW9: =(combine_values!CW9-combine_values!$D9)/combine_values!$D9*100 -> 0.1252463 | CX9: =(combine_values!CX9-combine_values!$B9)/combine_values!$B9*100 -> 0.7771857 | CY9: =(combine_values!CY9-combine_values!$C9)/combine_values!$C9*100 -> 0.71630316 | CZ9: =(combine_values!CZ9-combine_values!$D9)/combine_values!$D9*100 -> 0.28563485 | DA9: =(combine_values!DA9-combine_values!$B9)/combine_values!$B9*100 -> 1.9944505 | DB9: =(combine_values!DB9-combine_values!$C9)/combine_values!$C9*100 -> 1.2805151 | DC9: =(combine_values!DC9-combine_values!$D9)/combine_values!$D9*100 -> 0.68317128 | DD9: =(combine_values!DD9-combine_values!$B9)/combine_values!$B9*100 -> 0.67701475 | DE9: =(combine_values!DE9-combine_values!$C9)/combine_values!$C9*100 -> 0.26374676 | DF9: =(combine_values!DF9-combine_values!$D9)/combine_values!$D9*100 -> 0.23056256 | DG9: =(ABS(OFFSET(B2GPPLYP_extrap!F$7,(ROW(B2GPPLYP_extrap!F6)-1)*4,0)-$B9)/$B9) -> 0.0017296542 | DH9: =(ABS(OFFSET(B2GPPLYP_extrap!G$7,(ROW(B2GPPLYP_extrap!G6)-1)*4,0)-$C9)/$C9) -> 0.0021985163 | DI9: =(ABS(OFFSET(B2GPPLYP_extrap!H$7,(ROW(B2GPPLYP_extrap!H6)-1)*4,0)-$D9)/$D9) -> 0.0027062908 | DJ9: =(ABS(OFFSET(DSDPBE_extrap!F$7,(ROW(DSDPBE_extrap!F6)-1)*4,0)-$B9)/$B9) -> 0.00048191329 | DK9: =(ABS(OFFSET(DSDPBE_extrap!G$7,(ROW(DSDPBE_extrap!G6)-1)*4,0)-$C9)/$C9) -> 0.0015333717 | DL9: =(ABS(OFFSET(DSDPBE_extrap!H$7,(ROW(DSDPBE_extrap!H6)-1)*4,0)-$D9)/$D9) -> 0.00048283437
A10: BH2F | B10: =OFFSET(wft_table!L$7,(ROW(wft_table!L7)-1)*4,0) -> 0.71030281 | C10: =OFFSET(wft_table!M$7,(ROW(wft_table!M7)-1)*4,0) -> 1.0424695 | D10: =OFFSET(wft_table!N$7,(ROW(wft_table!N7)-1)*4,0) -> 1.6173207 | F10: =(combine_values!F10-combine_values!$B10)/combine_values!$B10*100 -> -0.79866642 | G10: =(combine_values!G10-combine_values!$C10)/combine_values!$C10*100 -> 0.053214623 | H10: =(combine_values!H10-combine_values!$D10)/combine_values!$D10*100 -> 0.1347238 | I10: =(combine_values!I10-combine_values!$B10)/combine_values!$B10*100 -> 0.17065777 | J10: =(combine_values!J10-combine_values!$C10)/combine_values!$C10*100 -> 0.13085355 | K10: =(combine_values!K10-combine_values!$D10)/combine_values!$D10*100 -> 0.046495281 | L10: =(combine_values!L10-combine_values!$B10)/combine_values!$B10*100 -> -0.21479082 | M10: =(combine_values!M10-combine_values!$C10)/combine_values!$C10*100 -> -0.071796174 | N10: =(combine_values!N10-combine_values!$D10)/combine_values!$D10*100 -> -0.0027385291 | O10: =(combine_values!O10-combine_values!$B10)/combine_values!$B10*100 -> 2.9983093 | P10: =(combine_values!P10-combine_values!$C10)/combine_values!$C10*100 -> 1.3052267 | Q10: =(combine_values!Q10-combine_values!$D10)/combine_values!$D10*100 -> 0.46286985 | R10: =(combine_values!R10-combine_values!$B10)/combine_values!$B10*100 -> 1.6309567 | S10: =(combine_values!S10-combine_values!$C10)/combine_values!$C10*100 -> 0.42517766 | T10: =(combine_values!T10-combine_values!$D10)/combine_values!$D10*100 -> 0.14331132 | U10: =(combine_values!U10-combine_values!$B10)/combine_values!$B10*100 -> 0.42441023 | V10: =(combine_values!V10-combine_values!$C10)/combine_values!$C10*100 -> 0.38131345 | W10: =(combine_values!W10-combine_values!$D10)/combine_values!$D10*100 -> 0.1331096 | X10: =(combine_values!X10-combine_values!$B10)/combine_values!$B10*100 -> 1.1663623 | Y10: =(combine_values!Y10-combine_values!$C10)/combine_values!$C10*100 -> 0.72659847 | Z10: =(combine_values!Z10-combine_values!$D10)/combine_values!$D10*100 -> 0.27254004 | AA10: =(combine_values!AA10-combine_values!$B10)/combine_values!$B10*100 -> 0.62780257 | AB10: =(combine_values!AB10-combine_values!$C10)/combine_values!$C10*100 -> 0.27732554 | AC10: =(combine_values!AC10-combine_values!$D10)/combine_values!$D10*100 -> 0.090486007 | AD10: =(combine_values!AD10-combine_values!$B10)/combine_values!$B10*100 -> 0.82804437 | AE10: =(combine_values!AE10-combine_values!$C10)/combine_values!$C10*100 -> 0.36768183 | AF10: =(combine_values!AF10-combine_values!$D10)/combine_values!$D10*100 -> 0.1271515 | AG10: =(combine_values!AG10-combine_values!$B10)/combine_values!$B10*100 -> 0.16637094 | AH10: =(combine_values!AH10-combine_values!$C10)/combine_values!$C10*100 -> 0.11281304 | AI10: =(combine_values!AI10-combine_values!$D10)/combine_values!$D10*100 -> 0.079925157 | AJ10: =(combine_values!AJ10-combine_values!$B10)/combine_values!$B10*100 -> 1.0670818 | AK10: =(combine_values!AK10-combine_values!$C10)/combine_values!$C10*100 -> 0.4528491 | AL10: =(combine_values!AL10-combine_values!$D10)/combine_values!$D10*100 -> 0.1552801 | AM10: =(combine_values!AM10-combine_values!$B10)/combine_values!$B10*100 -> 1.466798 | AN10: =(combine_values!AN10-combine_values!$C10)/combine_values!$C10*100 -> 0.65801853 | AO10: =(combine_values!AO10-combine_values!$D10)/combine_values!$D10*100 -> 0.24323122 | AP10: =(combine_values!AP10-combine_values!$B10)/combine_values!$B10*100 -> 0.25506073 | AQ10: =(combine_values!AQ10-combine_values!$C10)/combine_values!$C10*100 -> 0.75906742 | AR10: =(combine_values!AR10-combine_values!$D10)/combine_values!$D10*100 -> 0.24273513 | AS10: =(combine_values!AS10-combine_values!$B10)/combine_values!$B10*100 -> -0.743441 | AT10: =(combine_values!AT10-combine_values!$C10)/combine_values!$C10*100 -> 0.10405707 | AU10: =(combine_values!AU10-combine_values!$D10)/combine_values!$D10*100 -> 0.012906826 | AV10: =(combine_values!AV10-combine_values!$B10)/combine_values!$B10*100 -> -0.086342946 | AW10: =(combine_values!AW10-combine_values!$C10)/combine_values!$C10*100 -> 0.29352747 | AX10: =(combine_values!AX10-combine_values!$D10)/combine_values!$D10*100 -> 0.07204743 | AY10: =(combine_values!AY10-combine_values!$B10)/combine_values!$B10*100 -> 0.15993442 | AZ10: =(combine_values!AZ10-combine_values!$C10)/combine_values!$C10*100 -> 0.13331182 | BA10: =(combine_values!BA10-combine_values!$D10)/combine_values!$D10*100 -> 0.0082362644 | BB10: =(combine_values!BB10-combine_values!$B10)/combine_values!$B10*100 -> 0.68681927 | BC10: =(combine_values!BC10-combine_values!$C10)/combine_values!$C10*100 -> 1.2106379 | BD10: =(combine_values!BD10-combine_values!$D10)/combine_values!$D10*100 -> 0.38787 | BE10: =(combine_values!BE10-combine_values!$B10)/combine_values!$B10*100 -> -0.38868917 | BF10: =(combine_values!BF10-combine_values!$C10)/combine_values!$C10*100 -> 0.83627177 | BG10: =(combine_values!BG10-combine_values!$D10)/combine_values!$D10*100 -> 0.25515264 | BH10: =(combine_values!BH10-combine_values!$B10)/combine_values!$B10*100 -> 0.19073398 | BI10: =(combine_values!BI10-combine_values!$C10)/combine_values!$C10*100 -> 0.1815528 | BJ10: =(combine_values!BJ10-combine_values!$D10)/combine_values!$D10*100 -> 0.053667082 | BK10: =(combine_values!BK10-combine_values!$B10)/combine_values!$B10*100 -> 0.38037932 | BL10: =(combine_values!BL10-combine_values!$C10)/combine_values!$C10*100 -> 0.27114254 | BM10: =(combine_values!BM10-combine_values!$D10)/combine_values!$D10*100 -> 0.077640619 | BN10: =(combine_values!BN10-combine_values!$B10)/combine_values!$B10*100 -> 0.55867702 | BO10: =(combine_values!BO10-combine_values!$C10)/combine_values!$C10*100 -> 0.37854467 | BP10: =(combine_values!BP10-combine_values!$D10)/combine_values!$D10*100 -> 0.1691819 | BQ10: =(combine_values!BQ10-combine_values!$B10)/combine_values!$B10*100 -> -0.030589739 | BR10: =(combine_values!BR10-combine_values!$C10)/combine_values!$C10*100 -> 0.040606826 | BS10: =(combine_values!BS10-combine_values!$D10)/combine_values!$D10*100 -> 0.03419737 | BT10: =(combine_values!BT10-combine_values!$B10)/combine_values!$B10*100 -> -1.1558214 | BU10: =(combine_values!BU10-combine_values!$C10)/combine_values!$C10*100 -> -0.40982871 | BV10: =(combine_values!BV10-combine_values!$D10)/combine_values!$D10*100 -> -0.044321777 | BW10: =(combine_values!BW10-combine_values!$B10)/combine_values!$B10*100 -> 0.23438878 | BX10: =(combine_values!BX10-combine_values!$C10)/combine_values!$C10*100 -> 0.10939617 | BY10: =(combine_values!BY10-combine_values!$D10)/combine_values!$D10*100 -> 0.083172949 | BZ10: =(combine_values!BZ10-combine_values!$B10)/combine_values!$B10*100 -> 0.3221004 | CA10: =(combine_values!CA10-combine_values!$C10)/combine_values!$C10*100 -> 0.088465286 | CB10: =(combine_values!CB10-combine_values!$D10)/combine_values!$D10*100 -> 0.054531219 | CC10: =(combine_values!CC10-combine_values!$B10)/combine_values!$B10*100 -> -0.11261764 | CD10: =(combine_values!CD10-combine_values!$C10)/combine_values!$C10*100 -> 0.15892939 | CE10: =(combine_values!CE10-combine_values!$D10)/combine_values!$D10*100 -> 0.059132131 | CF10: =(combine_values!CF10-combine_values!$B10)/combine_values!$B10*100 -> 0.51791187 | CG10: =(combine_values!CG10-combine_values!$C10)/combine_values!$C10*100 -> 0.35639174 | CH10: =(combine_values!CH10-combine_values!$D10)/combine_values!$D10*100 -> 0.20940988 | CI10: =(combine_values!CI10-combine_values!$B10)/combine_values!$B10*100 -> 0.47117193 | CJ10: =(combine_values!CJ10-combine_values!$C10)/combine_values!$C10*100 -> 0.42496477 | CK10: =(combine_values!CK10-combine_values!$D10)/combine_values!$D10*100 -> 0.15055262 | CL10: =(combine_values!CL10-combine_values!$B10)/combine_values!$B10*100 -> -0.13797696 | CM10: =(combine_values!CM10-combine_values!$C10)/combine_values!$C10*100 -> -0.011123144 | CN10: =(combine_values!CN10-combine_values!$D10)/combine_values!$D10*100 -> 0.01609652 | CO10: =(combine_values!CO10-combine_values!$B10)/combine_values!$B10*100 -> 0.16177347 | CP10: =(combine_values!CP10-combine_values!$C10)/combine_values!$C10*100 -> 0.15487371 | CQ10: =(combine_values!CQ10-combine_values!$D10)/combine_values!$D10*100 -> 0.04910856 | CR10: =(combine_values!CR10-combine_values!$B10)/combine_values!$B10*100 -> 0.77139529 | CS10: =(combine_values!CS10-combine_values!$C10)/combine_values!$C10*100 -> 0.38812856 | CT10: =(combine_values!CT10-combine_values!$D10)/combine_values!$D10*100 -> 0.18170631 | CU10: =(combine_values!CU10-combine_values!$B10)/combine_values!$B10*100 -> 0.085424684 | CV10: =(combine_values!CV10-combine_values!$C10)/combine_values!$C10*100 -> 0.052573587 | CW10: =(combine_values!CW10-combine_values!$D10)/combine_values!$D10*100 -> 0.044910705 | CX10: =(combine_values!CX10-combine_values!$B10)/combine_values!$B10*100 -> 3.9661946 | CY10: =(combine_values!CY10-combine_values!$C10)/combine_values!$C10*100 -> 2.2005003 | CZ10: =(combine_values!CZ10-combine_values!$D10)/combine_values!$D10*100 -> 0.83957794 | DA10: =(combine_values!DA10-combine_values!$B10)/combine_values!$B10*100 -> 4.0680194 | DB10: =(combine_values!DB10-combine_values!$C10)/combine_values!$C10*100 -> 2.3048321 | DC10: =(combine_values!DC10-combine_values!$D10)/combine_values!$D10*100 -> 0.85390732 | DD10: =(combine_values!DD10-combine_values!$B10)/combine_values!$B10*100 -> 0.39184756 | DE10: =(combine_values!DE10-combine_values!$C10)/combine_values!$C10*100 -> 0.24576691 | DF10: =(combine_values!DF10-combine_values!$D10)/combine_values!$D10*100 -> 0.13098185 | DG10: =(ABS(OFFSET(B2GPPLYP_extrap!F$7,(ROW(B2GPPLYP_extrap!F7)-1)*4,0)-$B10)/$B10) -> 0.0023746814 | DH10: =(ABS(OFFSET(B2GPPLYP_extrap!G$7,(ROW(B2GPPLYP_extrap!G7)-1)*4,0)-$C10)/$C10) -> 0.0020491943 | DI10: =(ABS(OFFSET(B2GPPLYP_extrap!H$7,(ROW(B2GPPLYP_extrap!H7)-1)*4,0)-$D10)/$D10) -> 0.0011525697 | DJ10: =(ABS(OFFSET(DSDPBE_extrap!F$7,(ROW(DSDPBE_extrap!F7)-1)*4,0)-$B10)/$B10) -> 0.0012574916 | DK10: =(ABS(OFFSET(DSDPBE_extrap!G$7,(ROW(DSDPBE_extrap!G7)-1)*4,0)-$C10)/$C10) -> 0.00079215268 | DL10: =(ABS(OFFSET(DSDPBE_extrap!H$7,(ROW(DSDPBE_extrap!H7)-1)*4,0)-$D10)/$D10) -> 0.00039953978
A11: BH3 | B11: =OFFSET(wft_table!L$7,(ROW(wft_table!L8)-1)*4,0) -> 1.3443331 | C11: =OFFSET(wft_table!M$7,(ROW(wft_table!M8)-1)*4,0) -> 1.3443115 | D11: =OFFSET(wft_table!N$7,(ROW(wft_table!N8)-1)*4,0) -> 0.81380583 | F11: =(combine_values!F11-combine_values!$B11)/combine_values!$B11*100 -> 0.46269231 | G11: =(combine_values!G11-combine_values!$C11)/combine_values!$C11*100 -> 0.46305829 | H11: =(combine_values!H11-combine_values!$D11)/combine_values!$D11*100 -> -0.10037673 | I11: =(combine_values!I11-combine_values!$B11)/combine_values!$B11*100 -> 0.07227358 | J11: =(combine_values!J11-combine_values!$C11)/combine_values!$C11*100 -> 0.072456883 | K11: =(combine_values!K11-combine_values!$D11)/combine_values!$D11*100 -> -0.032793046 | L11: =(combine_values!L11-combine_values!$B11)/combine_values!$B11*100 -> -0.00064128368 | M11: =(combine_values!M11-combine_values!$C11)/combine_values!$C11*100 -> -0.00099555967 | N11: =(combine_values!N11-combine_values!$D11)/combine_values!$D11*100 -> -0.096265675 | O11: =(combine_values!O11-combine_values!$B11)/combine_values!$B11*100 -> 1.2324101 | P11: =(combine_values!P11-combine_values!$C11)/combine_values!$C11*100 -> 1.232544 | Q11: =(combine_values!Q11-combine_values!$D11)/combine_values!$D11*100 -> 3.634342 | R11: =(combine_values!R11-combine_values!$B11)/combine_values!$B11*100 -> 0.3497617 | S11: =(combine_values!S11-combine_values!$C11)/combine_values!$C11*100 -> 0.34986822 | T11: =(combine_values!T11-combine_values!$D11)/combine_values!$D11*100 -> 1.9456329 | U11: =(combine_values!U11-combine_values!$B11)/combine_values!$B11*100 -> 0.33669349 | V11: =(combine_values!V11-combine_values!$C11)/combine_values!$C11*100 -> 0.33679961 | W11: =(combine_values!W11-combine_values!$D11)/combine_values!$D11*100 -> 0.34251498 | X11: =(combine_values!X11-combine_values!$B11)/combine_values!$B11*100 -> 0.57268397 | Y11: =(combine_values!Y11-combine_values!$C11)/combine_values!$C11*100 -> 0.57279743 | Z11: =(combine_values!Z11-combine_values!$D11)/combine_values!$D11*100 -> 0.94136783 | AA11: =(combine_values!AA11-combine_values!$B11)/combine_values!$B11*100 -> 0.11324575 | AB11: =(combine_values!AB11-combine_values!$C11)/combine_values!$C11*100 -> 0.11334489 | AC11: =(combine_values!AC11-combine_values!$D11)/combine_values!$D11*100 -> 0.37048034 | AD11: =(combine_values!AD11-combine_values!$B11)/combine_values!$B11*100 -> 0.21695051 | AE11: =(combine_values!AE11-combine_values!$C11)/combine_values!$C11*100 -> 0.21705289 | AF11: =(combine_values!AF11-combine_values!$D11)/combine_values!$D11*100 -> 0.63924961 | AG11: =(combine_values!AG11-combine_values!$B11)/combine_values!$B11*100 -> 0.29850409 | AH11: =(combine_values!AH11-combine_values!$C11)/combine_values!$C11*100 -> 0.29860901 | AI11: =(combine_values!AI11-combine_values!$D11)/combine_values!$D11*100 -> 0.49064272 | AJ11: =(combine_values!AJ11-combine_values!$B11)/combine_values!$B11*100 -> 0.29030044 | AK11: =(combine_values!AK11-combine_values!$C11)/combine_values!$C11*100 -> 0.29066149 | AL11: =(combine_values!AL11-combine_values!$D11)/combine_values!$D11*100 -> 0.92329404 | AM11: =(combine_values!AM11-combine_values!$B11)/combine_values!$B11*100 -> 0.66365588 | AN11: =(combine_values!AN11-combine_values!$C11)/combine_values!$C11*100 -> 0.6640276 | AO11: =(combine_values!AO11-combine_values!$D11)/combine_values!$D11*100 -> 2.0632534 | AP11: =(combine_values!AP11-combine_values!$B11)/combine_values!$B11*100 -> 0.7083451 | AQ11: =(combine_values!AQ11-combine_values!$C11)/combine_values!$C11*100 -> 0.70846277 | AR11: =(combine_values!AR11-combine_values!$D11)/combine_values!$D11*100 -> 0.24107514 | AS11: =(combine_values!AS11-combine_values!$B11)/combine_values!$B11*100 -> -0.074929133 | AT11: =(combine_values!AT11-combine_values!$C11)/combine_values!$C11*100 -> -0.074835874 | AU11: =(combine_values!AU11-combine_values!$D11)/combine_values!$D11*100 -> -1.2319201 | AV11: =(combine_values!AV11-combine_values!$B11)/combine_values!$B11*100 -> 0.26696765 | AW11: =(combine_values!AW11-combine_values!$C11)/combine_values!$C11*100 -> 0.26630225 | AX11: =(combine_values!AX11-combine_values!$D11)/combine_values!$D11*100 -> -0.2353155 | AY11: =(combine_values!AY11-combine_values!$B11)/combine_values!$B11*100 -> 0.0030058767 | AZ11: =(combine_values!AZ11-combine_values!$C11)/combine_values!$C11*100 -> 0.0018159598 | BA11: =(combine_values!BA11-combine_values!$D11)/combine_values!$D11*100 -> -0.28244649 | BB11: =(combine_values!BB11-combine_values!$B11)/combine_values!$B11*100 -> 1.2824335 | BC11: =(combine_values!BC11-combine_values!$C11)/combine_values!$C11*100 -> 1.2825689 | BD11: =(combine_values!BD11-combine_values!$D11)/combine_values!$D11*100 -> 0.89200485 | BE11: =(combine_values!BE11-combine_values!$B11)/combine_values!$B11*100 -> 0.73361764 | BF11: =(combine_values!BF11-combine_values!$C11)/combine_values!$C11*100 -> 0.7337361 | BG11: =(combine_values!BG11-combine_values!$D11)/combine_values!$D11*100 -> -0.72105889 | BH11: =(combine_values!BH11-combine_values!$B11)/combine_values!$B11*100 -> 0.13558728 | BI11: =(combine_values!BI11-combine_values!$C11)/combine_values!$C11*100 -> 0.13722776 | BJ11: =(combine_values!BJ11-combine_values!$D11)/combine_values!$D11*100 -> 0.050510576 | BK11: =(combine_values!BK11-combine_values!$B11)/combine_values!$B11*100 -> 0.14097932 | BL11: =(combine_values!BL11-combine_values!$C11)/combine_values!$C11*100 -> 0.14133609 | BM11: =(combine_values!BM11-combine_values!$D11)/combine_values!$D11*100 -> -0.12566387 | BN11: =(combine_values!BN11-combine_values!$B11)/combine_values!$B11*100 -> 0.36769568 | BO11: =(combine_values!BO11-combine_values!$C11)/combine_values!$C11*100 -> 0.36780276 | BP11: =(combine_values!BP11-combine_values!$D11)/combine_values!$D11*100 -> 0.53392185 | BQ11: =(combine_values!BQ11-combine_values!$B11)/combine_values!$B11*100 -> 0.072144843 | BR11: =(combine_values!BR11-combine_values!$C11)/combine_values!$C11*100 -> 0.072242702 | BS11: =(combine_values!BS11-combine_values!$D11)/combine_values!$D11*100 -> -0.014027286 | BT11: =(combine_values!BT11-combine_values!$B11)/combine_values!$B11*100 -> 0.0086621594 | BU11: =(combine_values!BU11-combine_values!$C11)/combine_values!$C11*100 -> 0.0087580337 | BV11: =(combine_values!BV11-combine_values!$D11)/combine_values!$D11*100 -> -0.49375451 | BW11: =(combine_values!BW11-combine_values!$B11)/combine_values!$B11*100 -> 0.20591773 | BX11: =(combine_values!BX11-combine_values!$C11)/combine_values!$C11*100 -> 0.20601977 | BY11: =(combine_values!BY11-combine_values!$D11)/combine_values!$D11*100 -> 0.59392336 | BZ11: =(combine_values!BZ11-combine_values!$B11)/combine_values!$B11*100 -> 0.097834885 | CA11: =(combine_values!CA11-combine_values!$C11)/combine_values!$C11*100 -> 0.098190421 | CB11: =(combine_values!CB11-combine_values!$D11)/combine_values!$D11*100 -> 0.40123325 | CC11: =(combine_values!CC11-combine_values!$B11)/combine_values!$B11*100 -> 0.10220154 | CD11: =(combine_values!CD11-combine_values!$C11)/combine_values!$C11*100 -> 0.10230033 | CE11: =(combine_values!CE11-combine_values!$D11)/combine_values!$D11*100 -> 0.039289591 | CF11: =(combine_values!CF11-combine_values!$B11)/combine_values!$B11*100 -> 0.42199047 | CG11: =(combine_values!CG11-combine_values!$C11)/combine_values!$C11*100 -> 0.4218432 | CH11: =(combine_values!CH11-combine_values!$D11)/combine_values!$D11*100 -> 0.92955072 | CI11: =(combine_values!CI11-combine_values!$B11)/combine_values!$B11*100 -> 0.52998057 | CJ11: =(combine_values!CJ11-combine_values!$C11)/combine_values!$C11*100 -> 0.5300927 | CK11: =(combine_values!CK11-combine_values!$D11)/combine_values!$D11*100 -> 0.7778909 | CL11: =(combine_values!CL11-combine_values!$B11)/combine_values!$B11*100 -> 0.078054137 | CM11: =(combine_values!CM11-combine_values!$C11)/combine_values!$C11*100 -> 0.079436792 | CN11: =(combine_values!CN11-combine_values!$D11)/combine_values!$D11*100 -> -0.0049052781 | CO11: =(combine_values!CO11-combine_values!$B11)/combine_values!$B11*100 -> 0.090642338 | CP11: =(combine_values!CP11-combine_values!$C11)/combine_values!$C11*100 -> 0.090997668 | CQ11: =(combine_values!CQ11-combine_values!$D11)/combine_values!$D11*100 -> -0.20859439 | CR11: =(combine_values!CR11-combine_values!$B11)/combine_values!$B11*100 -> 0.4196861 | CS11: =(combine_values!CS11-combine_values!$C11)/combine_values!$C11*100 -> 0.4197948 | CT11: =(combine_values!CT11-combine_values!$D11)/combine_values!$D11*100 -> 0.90591236 | CU11: =(combine_values!CU11-combine_values!$B11)/combine_values!$B11*100 -> 0.11504352 | CV11: =(combine_values!CV11-combine_values!$C11)/combine_values!$C11*100 -> 0.11539955 | CW11: =(combine_values!CW11-combine_values!$D11)/combine_values!$D11*100 -> 0.19416825 | CX11: =(combine_values!CX11-combine_values!$B11)/combine_values!$B11*100 -> 1.8043009 | CY11: =(combine_values!CY11-combine_values!$C11)/combine_values!$C11*100 -> 1.8044524 | CZ11: =(combine_values!CZ11-combine_values!$D11)/combine_values!$D11*100 -> 3.8575186 | DA11: =(combine_values!DA11-combine_values!$B11)/combine_values!$B11*100 -> 0.59287866 | DB11: =(combine_values!DB11-combine_values!$C11)/combine_values!$C11*100 -> 0.59299275 | DC11: =(combine_values!DC11-combine_values!$D11)/combine_values!$D11*100 -> 1.3056292 | DD11: =(combine_values!DD11-combine_values!$B11)/combine_values!$B11*100 -> 0.27927573 | DE11: =(combine_values!DE11-combine_values!$C11)/combine_values!$C11*100 -> 0.27963646 | DF11: =(combine_values!DF11-combine_values!$D11)/combine_values!$D11*100 -> 0.67758665 | DG11: =(ABS(OFFSET(B2GPPLYP_extrap!F$7,(ROW(B2GPPLYP_extrap!F8)-1)*4,0)-$B11)/$B11) -> 0.0020976463 | DH11: =(ABS(OFFSET(B2GPPLYP_extrap!G$7,(ROW(B2GPPLYP_extrap!G8)-1)*4,0)-$C11)/$C11) -> 0.0020961054 | DI11: =(ABS(OFFSET(B2GPPLYP_extrap!H$7,(ROW(B2GPPLYP_extrap!H8)-1)*4,0)-$D11)/$D11) -> 0.0023113039 | DJ11: =(ABS(OFFSET(DSDPBE_extrap!F$7,(ROW(DSDPBE_extrap!F8)-1)*4,0)-$B11)/$B11) -> 0.00056382481 | DK11: =(ABS(OFFSET(DSDPBE_extrap!G$7,(ROW(DSDPBE_extrap!G8)-1)*4,0)-$C11)/$C11) -> 0.00056610325 | DL11: =(ABS(OFFSET(DSDPBE_extrap!H$7,(ROW(DSDPBE_extrap!H8)-1)*4,0)-$D11)/$D11) -> 0.00069644079
A12: BO | B12: =OFFSET(wft_table!L$7,(ROW(wft_table!L9)-1)*4,0) -> 0.77081205 | C12: =OFFSET(wft_table!M$7,(ROW(wft_table!M9)-1)*4,0) -> 0.77081205 | D12: =OFFSET(wft_table!N$7,(ROW(wft_table!N9)-1)*4,0) -> 1.3452128 | F12: =(combine_values!F12-combine_values!$B12)/combine_values!$B12*100 -> -0.43881839 | G12: =(combine_values!G12-combine_values!$C12)/combine_values!$C12*100 -> -0.43881839 | H12: =(combine_values!H12-combine_values!$D12)/combine_values!$D12*100 -> -0.28722858 | I12: =(combine_values!I12-combine_values!$B12)/combine_values!$B12*100 -> 0.064542101 | J12: =(combine_values!J12-combine_values!$C12)/combine_values!$C12*100 -> 0.064542101 | K12: =(combine_values!K12-combine_values!$D12)/combine_values!$D12*100 -> 0.037373036 | L12: =(combine_values!L12-combine_values!$B12)/combine_values!$B12*100 -> -0.14520907 | M12: =(combine_values!M12-combine_values!$C12)/combine_values!$C12*100 -> -0.14520907 | N12: =(combine_values!N12-combine_values!$D12)/combine_values!$D12*100 -> -0.12144789 | O12: =(combine_values!O12-combine_values!$B12)/combine_values!$B12*100 -> 2.0981332 | P12: =(combine_values!P12-combine_values!$C12)/combine_values!$C12*100 -> 2.0981332 | Q12: =(combine_values!Q12-combine_values!$D12)/combine_values!$D12*100 -> 0.83806623 | R12: =(combine_values!R12-combine_values!$B12)/combine_values!$B12*100 -> 0.91897972 | S12: =(combine_values!S12-combine_values!$C12)/combine_values!$C12*100 -> 0.91897972 | T12: =(combine_values!T12-combine_values!$D12)/combine_values!$D12*100 -> 0.28307116 | U12: =(combine_values!U12-combine_values!$B12)/combine_values!$B12*100 -> 0.26590254 | V12: =(combine_values!V12-combine_values!$C12)/combine_values!$C12*100 -> 0.26590254 | W12: =(combine_values!W12-combine_values!$D12)/combine_values!$D12*100 -> 0.19724648 | X12: =(combine_values!X12-combine_values!$B12)/combine_values!$B12*100 -> 0.88893075 | Y12: =(combine_values!Y12-combine_values!$C12)/combine_values!$C12*100 -> 0.88893075 | Z12: =(combine_values!Z12-combine_values!$D12)/combine_values!$D12*100 -> 0.32331427 | AA12: =(combine_values!AA12-combine_values!$B12)/combine_values!$B12*100 -> 0.2779019 | AB12: =(combine_values!AB12-combine_values!$C12)/combine_values!$C12*100 -> 0.2779019 | AC12: =(combine_values!AC12-combine_values!$D12)/combine_values!$D12*100 -> 0.1105158 | AD12: =(combine_values!AD12-combine_values!$B12)/combine_values!$B12*100 -> 0.45724117 | AE12: =(combine_values!AE12-combine_values!$C12)/combine_values!$C12*100 -> 0.45724117 | AF12: =(combine_values!AF12-combine_values!$D12)/combine_values!$D12*100 -> 0.16996977 | AG12: =(combine_values!AG12-combine_values!$B12)/combine_values!$B12*100 -> 0.16168774 | AH12: =(combine_values!AH12-combine_values!$C12)/combine_values!$C12*100 -> 0.16168774 | AI12: =(combine_values!AI12-combine_values!$D12)/combine_values!$D12*100 -> 0.039033733 | AJ12: =(combine_values!AJ12-combine_values!$B12)/combine_values!$B12*100 -> 0.65395403 | AK12: =(combine_values!AK12-combine_values!$C12)/combine_values!$C12*100 -> 0.65395403 | AL12: =(combine_values!AL12-combine_values!$D12)/combine_values!$D12*100 -> 0.24039474 | AM12: =(combine_values!AM12-combine_values!$B12)/combine_values!$B12*100 -> 0.72421792 | AN12: =(combine_values!AN12-combine_values!$C12)/combine_values!$C12*100 -> 0.72421792 | AO12: =(combine_values!AO12-combine_values!$D12)/combine_values!$D12*100 -> 0.56928229 | AP12: =(combine_values!AP12-combine_values!$B12)/combine_values!$B12*100 -> 0.44574238 | AQ12: =(combine_values!AQ12-combine_values!$C12)/combine_values!$C12*100 -> 0.44574238 | AR12: =(combine_values!AR12-combine_values!$D12)/combine_values!$D12*100 -> 0.055655826 | AS12: =(combine_values!AS12-combine_values!$B12)/combine_values!$B12*100 -> -0.893771 | AT12: =(combine_values!AT12-combine_values!$C12)/combine_values!$C12*100 -> -0.893771 | AU12: =(combine_values!AU12-combine_values!$D12)/combine_values!$D12*100 -> -0.11880034 | AV12: =(combine_values!AV12-combine_values!$B12)/combine_values!$B12*100 -> -0.3180415 | AW12: =(combine_values!AW12-combine_values!$C12)/combine_values!$C12*100 -> -0.3180415 | AX12: =(combine_values!AX12-combine_values!$D12)/combine_values!$D12*100 -> -0.13894774 | AY12: =(combine_values!AY12-combine_values!$B12)/combine_values!$B12*100 -> -0.077888984 | AZ12: =(combine_values!AZ12-combine_values!$C12)/combine_values!$C12*100 -> -0.077888984 | BA12: =(combine_values!BA12-combine_values!$D12)/combine_values!$D12*100 -> 0.021349574 | BB12: =(combine_values!BB12-combine_values!$B12)/combine_values!$B12*100 -> 0.91134908 | BC12: =(combine_values!BC12-combine_values!$C12)/combine_values!$C12*100 -> 0.91134908 | BD12: =(combine_values!BD12-combine_values!$D12)/combine_values!$D12*100 -> 0.17722549 | BE12: =(combine_values!BE12-combine_values!$B12)/combine_values!$B12*100 -> -0.52925537 | BF12: =(combine_values!BF12-combine_values!$C12)/combine_values!$C12*100 -> -0.52925537 | BG12: =(combine_values!BG12-combine_values!$D12)/combine_values!$D12*100 -> -0.031744487 | BH12: =(combine_values!BH12-combine_values!$B12)/combine_values!$B12*100 -> -0.0022978232 | BI12: =(combine_values!BI12-combine_values!$C12)/combine_values!$C12*100 -> -0.0022978232 | BJ12: =(combine_values!BJ12-combine_values!$D12)/combine_values!$D12*100 -> -0.12777199 | BK12: =(combine_values!BK12-combine_values!$B12)/combine_values!$B12*100 -> 0.25246156 | BL12: =(combine_values!BL12-combine_values!$C12)/combine_values!$C12*100 -> 0.25246156 | BM12: =(combine_values!BM12-combine_values!$D12)/combine_values!$D12*100 -> 0.14019946 | BN12: =(combine_values!BN12-combine_values!$B12)/combine_values!$B12*100 -> 0.37672199 | BO12: =(combine_values!BO12-combine_values!$C12)/combine_values!$C12*100 -> 0.37672199 | BP12: =(combine_values!BP12-combine_values!$D12)/combine_values!$D12*100 -> 0.052025276 | BQ12: =(combine_values!BQ12-combine_values!$B12)/combine_values!$B12*100 -> -0.13233077 | BR12: =(combine_values!BR12-combine_values!$C12)/combine_values!$C12*100 -> -0.13233077 | BS12: =(combine_values!BS12-combine_values!$D12)/combine_values!$D12*100 -> -0.033974643 | BT12: =(combine_values!BT12-combine_values!$B12)/combine_values!$B12*100 -> -0.99191476 | BU12: =(combine_values!BU12-combine_values!$C12)/combine_values!$C12*100 -> -0.99191476 | BV12: =(combine_values!BV12-combine_values!$D12)/combine_values!$D12*100 -> -0.65962403 | BW12: =(combine_values!BW12-combine_values!$B12)/combine_values!$B12*100 -> 0.23133637 | BX12: =(combine_values!BX12-combine_values!$C12)/combine_values!$C12*100 -> 0.23133637 | BY12: =(combine_values!BY12-combine_values!$D12)/combine_values!$D12*100 -> -0.22163247 | BZ12: =(combine_values!BZ12-combine_values!$B12)/combine_values!$B12*100 -> 0.078045394 | CA12: =(combine_values!CA12-combine_values!$C12)/combine_values!$C12*100 -> 0.078045394 | CB12: =(combine_values!CB12-combine_values!$D12)/combine_values!$D12*100 -> -0.072655699 | CC12: =(combine_values!CC12-combine_values!$B12)/combine_values!$B12*100 -> -0.29776534 | CD12: =(combine_values!CD12-combine_values!$C12)/combine_values!$C12*100 -> -0.29776534 | CE12: =(combine_values!CE12-combine_values!$D12)/combine_values!$D12*100 -> -0.054246187 | CF12: =(combine_values!CF12-combine_values!$B12)/combine_values!$B12*100 -> 0.46634344 | CG12: =(combine_values!CG12-combine_values!$C12)/combine_values!$C12*100 -> 0.46634344 | CH12: =(combine_values!CH12-combine_values!$D12)/combine_values!$D12*100 -> -0.084333324 | CI12: =(combine_values!CI12-combine_values!$B12)/combine_values!$B12*100 -> 0.48023479 | CJ12: =(combine_values!CJ12-combine_values!$C12)/combine_values!$C12*100 -> 0.48023479 | CK12: =(combine_values!CK12-combine_values!$D12)/combine_values!$D12*100 -> -0.21137004 | CL12: =(combine_values!CL12-combine_values!$B12)/combine_values!$B12*100 -> -0.23261987 | CM12: =(combine_values!CM12-combine_values!$C12)/combine_values!$C12*100 -> -0.23261987 | CN12: =(combine_values!CN12-combine_values!$D12)/combine_values!$D12*100 -> -0.30554255 | CO12: =(combine_values!CO12-combine_values!$B12)/combine_values!$B12*100 -> 0.071312512 | CP12: =(combine_values!CP12-combine_values!$C12)/combine_values!$C12*100 -> 0.071312512 | CQ12: =(combine_values!CQ12-combine_values!$D12)/combine_values!$D12*100 -> 0.024259955 | CR12: =(combine_values!CR12-combine_values!$B12)/combine_values!$B12*100 -> 0.45628298 | CS12: =(combine_values!CS12-combine_values!$C12)/combine_values!$C12*100 -> 0.45628298 | CT12: =(combine_values!CT12-combine_values!$D12)/combine_values!$D12*100 -> 0.032184481 | CU12: =(combine_values!CU12-combine_values!$B12)/combine_values!$B12*100 -> -0.036475281 | CV12: =(combine_values!CV12-combine_values!$C12)/combine_values!$C12*100 -> -0.036475281 | CW12: =(combine_values!CW12-combine_values!$D12)/combine_values!$D12*100 -> -0.13271822 | CX12: =(combine_values!CX12-combine_values!$B12)/combine_values!$B12*100 -> 0.41315533 | CY12: =(combine_values!CY12-combine_values!$C12)/combine_values!$C12*100 -> 0.41315533 | CZ12: =(combine_values!CZ12-combine_values!$D12)/combine_values!$D12*100 -> 0.056551916 | DA12: =(combine_values!DA12-combine_values!$B12)/combine_values!$B12*100 -> 0.9590311 | DB12: =(combine_values!DB12-combine_values!$C12)/combine_values!$C12*100 -> 0.9590311 | DC12: =(combine_values!DC12-combine_values!$D12)/combine_values!$D12*100 -> 0.026515732 | DD12: =(combine_values!DD12-combine_values!$B12)/combine_values!$B12*100 -> 0.19003337 | DE12: =(combine_values!DE12-combine_values!$C12)/combine_values!$C12*100 -> 0.19003337 | DF12: =(combine_values!DF12-combine_values!$D12)/combine_values!$D12*100 -> -0.11418346 | DG12: =(ABS(OFFSET(B2GPPLYP_extrap!F$7,(ROW(B2GPPLYP_extrap!F9)-1)*4,0)-$B12)/$B12) -> 0.0026508493 | DH12: =(ABS(OFFSET(B2GPPLYP_extrap!G$7,(ROW(B2GPPLYP_extrap!G9)-1)*4,0)-$C12)/$C12) -> 0.0026508493 | DI12: =(ABS(OFFSET(B2GPPLYP_extrap!H$7,(ROW(B2GPPLYP_extrap!H9)-1)*4,0)-$D12)/$D12) -> 0.00092672755 | DJ12: =(ABS(OFFSET(DSDPBE_extrap!F$7,(ROW(DSDPBE_extrap!F9)-1)*4,0)-$B12)/$B12) -> 0.0013945668 | DK12: =(ABS(OFFSET(DSDPBE_extrap!G$7,(ROW(DSDPBE_extrap!G9)-1)*4,0)-$C12)/$C12) -> 0.0013945668 | DL12: =(ABS(OFFSET(DSDPBE_extrap!H$7,(ROW(DSDPBE_extrap!H9)-1)*4,0)-$D12)/$D12) -> 0.00064961897
A13: BS | B13: =OFFSET(wft_table!L$7,(ROW(wft_table!L10)-1)*4,0) -> 0.8222529 | C13: =OFFSET(wft_table!M$7,(ROW(wft_table!M10)-1)*4,0) -> 0.8222529 | D13: =OFFSET(wft_table!N$7,(ROW(wft_table!N10)-1)*4,0) -> 1.5060146 | F13: =(combine_values!F13-combine_values!$B13)/combine_values!$B13*100 -> 0.90836018 | G13: =(combine_values!G13-combine_values!$C13)/combine_values!$C13*100 -> 0.90836018 | H13: =(combine_values!H13-combine_values!$D13)/combine_values!$D13*100 -> -0.27334804 | I13: =(combine_values!I13-combine_values!$B13)/combine_values!$B13*100 -> 0.37720652 | J13: =(combine_values!J13-combine_values!$C13)/combine_values!$C13*100 -> 0.37720652 | K13: =(combine_values!K13-combine_values!$D13)/combine_values!$D13*100 -> -2.3995546 | L13: =(combine_values!L13-combine_values!$B13)/combine_values!$B13*100 -> 0.058163693 | M13: =(combine_values!M13-combine_values!$C13)/combine_values!$C13*100 -> 0.058163693 | N13: =(combine_values!N13-combine_values!$D13)/combine_values!$D13*100 -> -0.13278671 | O13: =(combine_values!O13-combine_values!$B13)/combine_values!$B13*100 -> 1.5495391 | P13: =(combine_values!P13-combine_values!$C13)/combine_values!$C13*100 -> 1.5495391 | Q13: =(combine_values!Q13-combine_values!$D13)/combine_values!$D13*100 -> 0.69296007 | R13: =(combine_values!R13-combine_values!$B13)/combine_values!$B13*100 -> 0.36539407 | S13: =(combine_values!S13-combine_values!$C13)/combine_values!$C13*100 -> 0.36539407 | T13: =(combine_values!T13-combine_values!$D13)/combine_values!$D13*100 -> 0.27608462 | U13: =(combine_values!U13-combine_values!$B13)/combine_values!$B13*100 -> -0.07697212 | V13: =(combine_values!V13-combine_values!$C13)/combine_values!$C13*100 -> -0.07697212 | W13: =(combine_values!W13-combine_values!$D13)/combine_values!$D13*100 -> 0.18963429 | X13: =(combine_values!X13-combine_values!$B13)/combine_values!$B13*100 -> 0.45926322 | Y13: =(combine_values!Y13-combine_values!$C13)/combine_values!$C13*100 -> 0.45926322 | Z13: =(combine_values!Z13-combine_values!$D13)/combine_values!$D13*100 -> 0.32664587 | AA13: =(combine_values!AA13-combine_values!$B13)/combine_values!$B13*100 -> -0.16295313 | AB13: =(combine_values!AB13-combine_values!$C13)/combine_values!$C13*100 -> -0.16295313 | AC13: =(combine_values!AC13-combine_values!$D13)/combine_values!$D13*100 -> 0.090772669 | AD13: =(combine_values!AD13-combine_values!$B13)/combine_values!$B13*100 -> 0.005007907 | AE13: =(combine_values!AE13-combine_values!$C13)/combine_values!$C13*100 -> 0.005007907 | AF13: =(combine_values!AF13-combine_values!$D13)/combine_values!$D13*100 -> 0.14800169 | AG13: =(combine_values!AG13-combine_values!$B13)/combine_values!$B13*100 -> -0.27946017 | AH13: =(combine_values!AH13-combine_values!$C13)/combine_values!$C13*100 -> -0.27946017 | AI13: =(combine_values!AI13-combine_values!$D13)/combine_values!$D13*100 -> 0.037492821 | AJ13: =(combine_values!AJ13-combine_values!$B13)/combine_values!$B13*100 -> 0.15438966 | AK13: =(combine_values!AK13-combine_values!$C13)/combine_values!$C13*100 -> 0.15438966 | AL13: =(combine_values!AL13-combine_values!$D13)/combine_values!$D13*100 -> 0.21257545 | AM13: =(combine_values!AM13-combine_values!$B13)/combine_values!$B13*100 -> 1.218723 | AN13: =(combine_values!AN13-combine_values!$C13)/combine_values!$C13*100 -> 1.218723 | AO13: =(combine_values!AO13-combine_values!$D13)/combine_values!$D13*100 -> 0.55626593 | AP13: =(combine_values!AP13-combine_values!$B13)/combine_values!$B13*100 -> 0.22729907 | AQ13: =(combine_values!AQ13-combine_values!$C13)/combine_values!$C13*100 -> 0.22729907 | AR13: =(combine_values!AR13-combine_values!$D13)/combine_values!$D13*100 -> 0.070122243 | AS13: =(combine_values!AS13-combine_values!$B13)/combine_values!$B13*100 -> -0.89759612 | AT13: =(combine_values!AT13-combine_values!$C13)/combine_values!$C13*100 -> -0.89759612 | AU13: =(combine_values!AU13-combine_values!$D13)/combine_values!$D13*100 -> -0.12471695 | AV13: =(combine_values!AV13-combine_values!$B13)/combine_values!$B13*100 -> -0.52025265 | AW13: =(combine_values!AW13-combine_values!$C13)/combine_values!$C13*100 -> -0.52025265 | AX13: =(combine_values!AX13-combine_values!$D13)/combine_values!$D13*100 -> -0.15768435 | AY13: =(combine_values!AY13-combine_values!$B13)/combine_values!$B13*100 -> -0.31675017 | AZ13: =(combine_values!AZ13-combine_values!$C13)/combine_values!$C13*100 -> -0.31675017 | BA13: =(combine_values!BA13-combine_values!$D13)/combine_values!$D13*100 -> -0.027629139 | BB13: =(combine_values!BB13-combine_values!$B13)/combine_values!$B13*100 -> 1.1146841 | BC13: =(combine_values!BC13-combine_values!$C13)/combine_values!$C13*100 -> 1.1146841 | BD13: =(combine_values!BD13-combine_values!$D13)/combine_values!$D13*100 -> 0.14210483 | BE13: =(combine_values!BE13-combine_values!$B13)/combine_values!$B13*100 -> -0.44185232 | BF13: =(combine_values!BF13-combine_values!$C13)/combine_values!$C13*100 -> -0.44185232 | BG13: =(combine_values!BG13-combine_values!$D13)/combine_values!$D13*100 -> -0.067187469 | BH13: =(combine_values!BH13-combine_values!$B13)/combine_values!$B13*100 -> -0.067015686 | BI13: =(combine_values!BI13-combine_values!$C13)/combine_values!$C13*100 -> -0.067015686 | BJ13: =(combine_values!BJ13-combine_values!$D13)/combine_values!$D13*100 -> -0.096340437 | BK13: =(combine_values!BK13-combine_values!$B13)/combine_values!$B13*100 -> -0.10553687 | BL13: =(combine_values!BL13-combine_values!$C13)/combine_values!$C13*100 -> -0.10553687 | BM13: =(combine_values!BM13-combine_values!$D13)/combine_values!$D13*100 -> 0.11461427 | BN13: =(combine_values!BN13-combine_values!$B13)/combine_values!$B13*100 -> 0.35991566 | BO13: =(combine_values!BO13-combine_values!$C13)/combine_values!$C13*100 -> 0.35991566 | BP13: =(combine_values!BP13-combine_values!$D13)/combine_values!$D13*100 -> 0.07031191 | BQ13: =(combine_values!BQ13-combine_values!$B13)/combine_values!$B13*100 -> -0.13463414 | BR13: =(combine_values!BR13-combine_values!$C13)/combine_values!$C13*100 -> -0.13463414 | BS13: =(combine_values!BS13-combine_values!$D13)/combine_values!$D13*100 -> -0.036259763 | BT13: =(combine_values!BT13-combine_values!$B13)/combine_values!$B13*100 -> 0.47046951 | BU13: =(combine_values!BU13-combine_values!$C13)/combine_values!$C13*100 -> 0.47046951 | BV13: =(combine_values!BV13-combine_values!$D13)/combine_values!$D13*100 -> -0.64807351 | BW13: =(combine_values!BW13-combine_values!$B13)/combine_values!$B13*100 -> 0.38730473 | BX13: =(combine_values!BX13-combine_values!$C13)/combine_values!$C13*100 -> 0.38730473 | BY13: =(combine_values!BY13-combine_values!$D13)/combine_values!$D13*100 -> -0.1331239 | BZ13: =(combine_values!BZ13-combine_values!$B13)/combine_values!$B13*100 -> 0.097645621 | CA13: =(combine_values!CA13-combine_values!$C13)/combine_values!$C13*100 -> 0.097645621 | CB13: =(combine_values!CB13-combine_values!$D13)/combine_values!$D13*100 -> -0.076876399 | CC13: =(combine_values!CC13-combine_values!$B13)/combine_values!$B13*100 -> -0.24848331 | CD13: =(combine_values!CD13-combine_values!$C13)/combine_values!$C13*100 -> -0.24848331 | CE13: =(combine_values!CE13-combine_values!$D13)/combine_values!$D13*100 -> -0.074358079 | CF13: =(combine_values!CF13-combine_values!$B13)/combine_values!$B13*100 -> 0.66780804 | CG13: =(combine_values!CG13-combine_values!$C13)/combine_values!$C13*100 -> 0.66780804 | CH13: =(combine_values!CH13-combine_values!$D13)/combine_values!$D13*100 -> -0.023368228 | CI13: =(combine_values!CI13-combine_values!$B13)/combine_values!$B13*100 -> 0.35939389 | CJ13: =(combine_values!CJ13-combine_values!$C13)/combine_values!$C13*100 -> 0.35939389 | CK13: =(combine_values!CK13-combine_values!$D13)/combine_values!$D13*100 -> -0.18671629 | CL13: =(combine_values!CL13-combine_values!$B13)/combine_values!$B13*100 -> 0.080119073 | CM13: =(combine_values!CM13-combine_values!$C13)/combine_values!$C13*100 -> 0.080119073 | CN13: =(combine_values!CN13-combine_values!$D13)/combine_values!$D13*100 -> -0.25124426 | CO13: =(combine_values!CO13-combine_values!$B13)/combine_values!$B13*100 -> -0.095315515 | CP13: =(combine_values!CP13-combine_values!$C13)/combine_values!$C13*100 -> -0.095315515 | CQ13: =(combine_values!CQ13-combine_values!$D13)/combine_values!$D13*100 -> 0.013507292 | CR13: =(combine_values!CR13-combine_values!$B13)/combine_values!$B13*100 -> 0.47255426 | CS13: =(combine_values!CS13-combine_values!$C13)/combine_values!$C13*100 -> 0.47255426 | CT13: =(combine_values!CT13-combine_values!$D13)/combine_values!$D13*100 -> -0.039184788 | CU13: =(combine_values!CU13-combine_values!$B13)/combine_values!$B13*100 -> 0.092152556 | CV13: =(combine_values!CV13-combine_values!$C13)/combine_values!$C13*100 -> 0.092152556 | CW13: =(combine_values!CW13-combine_values!$D13)/combine_values!$D13*100 -> -0.19004635 | CX13: =(combine_values!CX13-combine_values!$B13)/combine_values!$B13*100 -> 0.37113304 | CY13: =(combine_values!CY13-combine_values!$C13)/combine_values!$C13*100 -> 0.37113304 | CZ13: =(combine_values!CZ13-combine_values!$D13)/combine_values!$D13*100 -> -0.10773531 | DA13: =(combine_values!DA13-combine_values!$B13)/combine_values!$B13*100 -> 0.86917322 | DB13: =(combine_values!DB13-combine_values!$C13)/combine_values!$C13*100 -> 0.86917322 | DC13: =(combine_values!DC13-combine_values!$D13)/combine_values!$D13*100 -> -0.0054681266 | DD13: =(combine_values!DD13-combine_values!$B13)/combine_values!$B13*100 -> 0.30015548 | DE13: =(combine_values!DE13-combine_values!$C13)/combine_values!$C13*100 -> 0.30015548 | DF13: =(combine_values!DF13-combine_values!$D13)/combine_values!$D13*100 -> -0.091500401 | DG13: =(ABS(OFFSET(B2GPPLYP_extrap!F$7,(ROW(B2GPPLYP_extrap!F10)-1)*4,0)-$B13)/$B13) -> 0.0027340788 | DH13: =(ABS(OFFSET(B2GPPLYP_extrap!G$7,(ROW(B2GPPLYP_extrap!G10)-1)*4,0)-$C13)/$C13) -> 0.0027340788 | DI13: =(ABS(OFFSET(B2GPPLYP_extrap!H$7,(ROW(B2GPPLYP_extrap!H10)-1)*4,0)-$D13)/$D13) -> 0.0012502693 | DJ13: =(ABS(OFFSET(DSDPBE_extrap!F$7,(ROW(DSDPBE_extrap!F10)-1)*4,0)-$B13)/$B13) -> 0.00066717008 | DK13: =(ABS(OFFSET(DSDPBE_extrap!G$7,(ROW(DSDPBE_extrap!G10)-1)*4,0)-$C13)/$C13) -> 0.00066717008 | DL13: =(ABS(OFFSET(DSDPBE_extrap!H$7,(ROW(DSDPBE_extrap!H10)-1)*4,0)-$D13)/$D13) -> 0.00026949123
A14: C2H | B14: =OFFSET(wft_table!L$7,(ROW(wft_table!L11)-1)*4,0) -> 0.85471404 | C14: =OFFSET(wft_table!M$7,(ROW(wft_table!M11)-1)*4,0) -> 0.85471404 | D14: =OFFSET(wft_table!N$7,(ROW(wft_table!N11)-1)*4,0) -> 1.557618 | F14: =(combine_values!F14-combine_values!$B14)/combine_values!$B14*100 -> 0.67674956 | G14: =(combine_values!G14-combine_values!$C14)/combine_values!$C14*100 -> 0.67674956 | H14: =(combine_values!H14-combine_values!$D14)/combine_values!$D14*100 -> -0.80978106 | I14: =(combine_values!I14-combine_values!$B14)/combine_values!$B14*100 -> 1.750269 | J14: =(combine_values!J14-combine_values!$C14)/combine_values!$C14*100 -> 1.750269 | K14: =(combine_values!K14-combine_values!$D14)/combine_values!$D14*100 -> -0.69898148 | L14: =(combine_values!L14-combine_values!$B14)/combine_values!$B14*100 -> -0.016182544 | M14: =(combine_values!M14-combine_values!$C14)/combine_values!$C14*100 -> -0.016182544 | N14: =(combine_values!N14-combine_values!$D14)/combine_values!$D14*100 -> -0.066802318 | O14: =(combine_values!O14-combine_values!$B14)/combine_values!$B14*100 -> 2.102483 | P14: =(combine_values!P14-combine_values!$C14)/combine_values!$C14*100 -> 2.102483 | Q14: =(combine_values!Q14-combine_values!$D14)/combine_values!$D14*100 -> -0.21716169 | R14: =(combine_values!R14-combine_values!$B14)/combine_values!$B14*100 -> 0.70940324 | S14: =(combine_values!S14-combine_values!$C14)/combine_values!$C14*100 -> 0.70940324 | T14: =(combine_values!T14-combine_values!$D14)/combine_values!$D14*100 -> -0.64184132 | U14: =(combine_values!U14-combine_values!$B14)/combine_values!$B14*100 -> 0.20246598 | V14: =(combine_values!V14-combine_values!$C14)/combine_values!$C14*100 -> 0.20246598 | W14: =(combine_values!W14-combine_values!$D14)/combine_values!$D14*100 -> -0.71338885 | X14: =(combine_values!X14-combine_values!$B14)/combine_values!$B14*100 -> 0.74826288 | Y14: =(combine_values!Y14-combine_values!$C14)/combine_values!$C14*100 -> 0.74826288 | Z14: =(combine_values!Z14-combine_values!$D14)/combine_values!$D14*100 -> -0.47535466 | AA14: =(combine_values!AA14-combine_values!$B14)/combine_values!$B14*100 -> 0.093418733 | AB14: =(combine_values!AB14-combine_values!$C14)/combine_values!$C14*100 -> 0.093418733 | AC14: =(combine_values!AC14-combine_values!$D14)/combine_values!$D14*100 -> -0.75274018 | AD14: =(combine_values!AD14-combine_values!$B14)/combine_values!$B14*100 -> 0.27900173 | AE14: =(combine_values!AE14-combine_values!$C14)/combine_values!$C14*100 -> 0.27900173 | AF14: =(combine_values!AF14-combine_values!$D14)/combine_values!$D14*100 -> -0.68836591 | AG14: =(combine_values!AG14-combine_values!$B14)/combine_values!$B14*100 -> 0.19934083 | AH14: =(combine_values!AH14-combine_values!$C14)/combine_values!$C14*100 -> 0.19934083 | AI14: =(combine_values!AI14-combine_values!$D14)/combine_values!$D14*100 -> -0.7353167 | AJ14: =(combine_values!AJ14-combine_values!$B14)/combine_values!$B14*100 -> 0.45411128 | AK14: =(combine_values!AK14-combine_values!$C14)/combine_values!$C14*100 -> 0.45411128 | AL14: =(combine_values!AL14-combine_values!$D14)/combine_values!$D14*100 -> -0.64792389 | AM14: =(combine_values!AM14-combine_values!$B14)/combine_values!$B14*100 -> 0.8127368 | AN14: =(combine_values!AN14-combine_values!$C14)/combine_values!$C14*100 -> 0.8127368 | AO14: =(combine_values!AO14-combine_values!$D14)/combine_values!$D14*100 -> -0.1204368 | AP14: =(combine_values!AP14-combine_values!$B14)/combine_values!$B14*100 -> 0.5351277 | AQ14: =(combine_values!AQ14-combine_values!$C14)/combine_values!$C14*100 -> 0.5351277 | AR14: =(combine_values!AR14-combine_values!$D14)/combine_values!$D14*100 -> -0.81557931 | AS14: =(combine_values!AS14-combine_values!$B14)/combine_values!$B14*100 -> -0.82312818 | AT14: =(combine_values!AT14-combine_values!$C14)/combine_values!$C14*100 -> -0.82312818 | AU14: =(combine_values!AU14-combine_values!$D14)/combine_values!$D14*100 -> -0.95236046 | AV14: =(combine_values!AV14-combine_values!$B14)/combine_values!$B14*100 -> -0.20266299 | AW14: =(combine_values!AW14-combine_values!$C14)/combine_values!$C14*100 -> -0.20266299 | AX14: =(combine_values!AX14-combine_values!$D14)/combine_values!$D14*100 -> -0.94906105 | AY14: =(combine_values!AY14-combine_values!$B14)/combine_values!$B14*100 -> 0.0081306105 | AZ14: =(combine_values!AZ14-combine_values!$C14)/combine_values!$C14*100 -> 0.0081306105 | BA14: =(combine_values!BA14-combine_values!$D14)/combine_values!$D14*100 -> -0.89856149 | BB14: =(combine_values!BB14-combine_values!$B14)/combine_values!$B14*100 -> 1.6286906 | BC14: =(combine_values!BC14-combine_values!$C14)/combine_values!$C14*100 -> 1.6286906 | BD14: =(combine_values!BD14-combine_values!$D14)/combine_values!$D14*100 -> -0.65361638 | BE14: =(combine_values!BE14-combine_values!$B14)/combine_values!$B14*100 -> -0.2540575 | BF14: =(combine_values!BF14-combine_values!$C14)/combine_values!$C14*100 -> -0.2540575 | BG14: =(combine_values!BG14-combine_values!$D14)/combine_values!$D14*100 -> -0.97107733 | BH14: =(combine_values!BH14-combine_values!$B14)/combine_values!$B14*100 -> 0.16573931 | BI14: =(combine_values!BI14-combine_values!$C14)/combine_values!$C14*100 -> 0.16573931 | BJ14: =(combine_values!BJ14-combine_values!$D14)/combine_values!$D14*100 -> -0.94587007 | BK14: =(combine_values!BK14-combine_values!$B14)/combine_values!$B14*100 -> 0.20715352 | BL14: =(combine_values!BL14-combine_values!$C14)/combine_values!$C14*100 -> 0.20715352 | BM14: =(combine_values!BM14-combine_values!$D14)/combine_values!$D14*100 -> -0.77187006 | BN14: =(combine_values!BN14-combine_values!$B14)/combine_values!$B14*100 -> 0.64680771 | BO14: =(combine_values!BO14-combine_values!$C14)/combine_values!$C14*100 -> 0.64680771 | BP14: =(combine_values!BP14-combine_values!$D14)/combine_values!$D14*100 -> -0.7199017 | BQ14: =(combine_values!BQ14-combine_values!$B14)/combine_values!$B14*100 -> 0.15440602 | BR14: =(combine_values!BR14-combine_values!$C14)/combine_values!$C14*100 -> 0.15440602 | BS14: =(combine_values!BS14-combine_values!$D14)/combine_values!$D14*100 -> -0.93343235 | BT14: =(combine_values!BT14-combine_values!$B14)/combine_values!$B14*100 -> 0.67169506 | BU14: =(combine_values!BU14-combine_values!$C14)/combine_values!$C14*100 -> 0.67169506 | BV14: =(combine_values!BV14-combine_values!$D14)/combine_values!$D14*100 -> -1.3450409 | BW14: =(combine_values!BW14-combine_values!$B14)/combine_values!$B14*100 -> 0.68608026 | BX14: =(combine_values!BX14-combine_values!$C14)/combine_values!$C14*100 -> 0.68608026 | BY14: =(combine_values!BY14-combine_values!$D14)/combine_values!$D14*100 -> -0.87113451 | BZ14: =(combine_values!BZ14-combine_values!$B14)/combine_values!$B14*100 -> 0.38862721 | CA14: =(combine_values!CA14-combine_values!$C14)/combine_values!$C14*100 -> 0.38862721 | CB14: =(combine_values!CB14-combine_values!$D14)/combine_values!$D14*100 -> -0.91881533 | CC14: =(combine_values!CC14-combine_values!$B14)/combine_values!$B14*100 -> -0.17874023 | CD14: =(combine_values!CD14-combine_values!$C14)/combine_values!$C14*100 -> -0.17874023 | CE14: =(combine_values!CE14-combine_values!$D14)/combine_values!$D14*100 -> -0.75834571 | CF14: =(combine_values!CF14-combine_values!$B14)/combine_values!$B14*100 -> 0.82516077 | CG14: =(combine_values!CG14-combine_values!$C14)/combine_values!$C14*100 -> 0.82516077 | CH14: =(combine_values!CH14-combine_values!$D14)/combine_values!$D14*100 -> -0.84843839 | CI14: =(combine_values!CI14-combine_values!$B14)/combine_values!$B14*100 -> 0.55303598 | CJ14: =(combine_values!CJ14-combine_values!$C14)/combine_values!$C14*100 -> 0.55303598 | CK14: =(combine_values!CK14-combine_values!$D14)/combine_values!$D14*100 -> -0.72636143 | CL14: =(combine_values!CL14-combine_values!$B14)/combine_values!$B14*100 -> 0.29500437 | CM14: =(combine_values!CM14-combine_values!$C14)/combine_values!$C14*100 -> 0.29500437 | CN14: =(combine_values!CN14-combine_values!$D14)/combine_values!$D14*100 -> -1.0550286 | CO14: =(combine_values!CO14-combine_values!$B14)/combine_values!$B14*100 -> 0.21027843 | CP14: =(combine_values!CP14-combine_values!$C14)/combine_values!$C14*100 -> 0.21027843 | CQ14: =(combine_values!CQ14-combine_values!$D14)/combine_values!$D14*100 -> -0.86428128 | CR14: =(combine_values!CR14-combine_values!$B14)/combine_values!$B14*100 -> 0.79720469 | CS14: =(combine_values!CS14-combine_values!$C14)/combine_values!$C14*100 -> 0.79720469 | CT14: =(combine_values!CT14-combine_values!$D14)/combine_values!$D14*100 -> -0.77172586 | CU14: =(combine_values!CU14-combine_values!$B14)/combine_values!$B14*100 -> 0.32583154 | CV14: =(combine_values!CV14-combine_values!$C14)/combine_values!$C14*100 -> 0.32583154 | CW14: =(combine_values!CW14-combine_values!$D14)/combine_values!$D14*100 -> -0.99693281 | CX14: =(combine_values!CX14-combine_values!$B14)/combine_values!$B14*100 -> 0.70823722 | CY14: =(combine_values!CY14-combine_values!$C14)/combine_values!$C14*100 -> 0.70823722 | CZ14: =(combine_values!CZ14-combine_values!$D14)/combine_values!$D14*100 -> -0.85828951 | DA14: =(combine_values!DA14-combine_values!$B14)/combine_values!$B14*100 -> 1.1371991 | DB14: =(combine_values!DB14-combine_values!$C14)/combine_values!$C14*100 -> 1.1371991 | DC14: =(combine_values!DC14-combine_values!$D14)/combine_values!$D14*100 -> -0.71768527 | DD14: =(combine_values!DD14-combine_values!$B14)/combine_values!$B14*100 -> 0.41552762 | DE14: =(combine_values!DE14-combine_values!$C14)/combine_values!$C14*100 -> 0.41552762 | DF14: =(combine_values!DF14-combine_values!$D14)/combine_values!$D14*100 -> -0.88086818 | DG14: =(ABS(OFFSET(B2GPPLYP_extrap!F$7,(ROW(B2GPPLYP_extrap!F11)-1)*4,0)-$B14)/$B14) -> 0.0042209171 | DH14: =(ABS(OFFSET(B2GPPLYP_extrap!G$7,(ROW(B2GPPLYP_extrap!G11)-1)*4,0)-$C14)/$C14) -> 0.0042209171 | DI14: =(ABS(OFFSET(B2GPPLYP_extrap!H$7,(ROW(B2GPPLYP_extrap!H11)-1)*4,0)-$D14)/$D14) -> 0.0075906491 | DJ14: =(ABS(OFFSET(DSDPBE_extrap!F$7,(ROW(DSDPBE_extrap!F11)-1)*4,0)-$B14)/$B14) -> 0.0011835126 | DK14: =(ABS(OFFSET(DSDPBE_extrap!G$7,(ROW(DSDPBE_extrap!G11)-1)*4,0)-$C14)/$C14) -> 0.0011835126 | DL14: =(ABS(OFFSET(DSDPBE_extrap!H$7,(ROW(DSDPBE_extrap!H11)-1)*4,0)-$D14)/$D14) -> 0.008439359
A15: C2H2 | B15: =OFFSET(wft_table!L$7,(ROW(wft_table!L12)-1)*4,0) -> 0.84973194 | C15: =OFFSET(wft_table!M$7,(ROW(wft_table!M12)-1)*4,0) -> 0.84973194 | D15: =OFFSET(wft_table!N$7,(ROW(wft_table!N12)-1)*4,0) -> 1.7008991 | F15: =(combine_values!F15-combine_values!$B15)/combine_values!$B15*100 -> 1.5370725 | G15: =(combine_values!G15-combine_values!$C15)/combine_values!$C15*100 -> 1.5370725 | H15: =(combine_values!H15-combine_values!$D15)/combine_values!$D15*100 -> -0.31877745 | I15: =(combine_values!I15-combine_values!$B15)/combine_values!$B15*100 -> 0.097145873 | J15: =(combine_values!J15-combine_values!$C15)/combine_values!$C15*100 -> 0.097145873 | K15: =(combine_values!K15-combine_values!$D15)/combine_values!$D15*100 -> 0.043944358 | L15: =(combine_values!L15-combine_values!$B15)/combine_values!$B15*100 -> 0.0045884377 | M15: =(combine_values!M15-combine_values!$C15)/combine_values!$C15*100 -> 0.0045884377 | N15: =(combine_values!N15-combine_values!$D15)/combine_values!$D15*100 -> -0.082171896 | O15: =(combine_values!O15-combine_values!$B15)/combine_values!$B15*100 -> 2.1707162 | P15: =(combine_values!P15-combine_values!$C15)/combine_values!$C15*100 -> 2.1707162 | Q15: =(combine_values!Q15-combine_values!$D15)/combine_values!$D15*100 -> 0.46098943 | R15: =(combine_values!R15-combine_values!$B15)/combine_values!$B15*100 -> 0.68783756 | S15: =(combine_values!S15-combine_values!$C15)/combine_values!$C15*100 -> 0.68783756 | T15: =(combine_values!T15-combine_values!$D15)/combine_values!$D15*100 -> 0.11056174 | U15: =(combine_values!U15-combine_values!$B15)/combine_values!$B15*100 -> 0.1876887 | V15: =(combine_values!V15-combine_values!$C15)/combine_values!$C15*100 -> 0.1876887 | W15: =(combine_values!W15-combine_values!$D15)/combine_values!$D15*100 -> 0.16903622 | X15: =(combine_values!X15-combine_values!$B15)/combine_values!$B15*100 -> 0.70171542 | Y15: =(combine_values!Y15-combine_values!$C15)/combine_values!$C15*100 -> 0.70171542 | Z15: =(combine_values!Z15-combine_values!$D15)/combine_values!$D15*100 -> 0.38010348 | AA15: =(combine_values!AA15-combine_values!$B15)/combine_values!$B15*100 -> 0.01612708 | AB15: =(combine_values!AB15-combine_values!$C15)/combine_values!$C15*100 -> 0.01612708 | AC15: =(combine_values!AC15-combine_values!$D15)/combine_values!$D15*100 -> 0.10084324 | AD15: =(combine_values!AD15-combine_values!$B15)/combine_values!$B15*100 -> 0.21851659 | AE15: =(combine_values!AE15-combine_values!$C15)/combine_values!$C15*100 -> 0.21851659 | AF15: =(combine_values!AF15-combine_values!$D15)/combine_values!$D15*100 -> 0.15694085 | AG15: =(combine_values!AG15-combine_values!$B15)/combine_values!$B15*100 -> 0.089269595 | AH15: =(combine_values!AH15-combine_values!$C15)/combine_values!$C15*100 -> 0.089269595 | AI15: =(combine_values!AI15-combine_values!$D15)/combine_values!$D15*100 -> 0.10551924 | AJ15: =(combine_values!AJ15-combine_values!$B15)/combine_values!$B15*100 -> 0.40182005 | AK15: =(combine_values!AK15-combine_values!$C15)/combine_values!$C15*100 -> 0.40182005 | AL15: =(combine_values!AL15-combine_values!$D15)/combine_values!$D15*100 -> 0.18461143 | AM15: =(combine_values!AM15-combine_values!$B15)/combine_values!$B15*100 -> 0.64984629 | AN15: =(combine_values!AN15-combine_values!$C15)/combine_values!$C15*100 -> 0.64984629 | AO15: =(combine_values!AO15-combine_values!$D15)/combine_values!$D15*100 -> 0.59364757 | AP15: =(combine_values!AP15-combine_values!$B15)/combine_values!$B15*100 -> 0.40365139 | AQ15: =(combine_values!AQ15-combine_values!$C15)/combine_values!$C15*100 -> 0.40365139 | AR15: =(combine_values!AR15-combine_values!$D15)/combine_values!$D15*100 -> 0.08076145 | AS15: =(combine_values!AS15-combine_values!$B15)/combine_values!$B15*100 -> -0.8984418 | AT15: =(combine_values!AT15-combine_values!$C15)/combine_values!$C15*100 -> -0.8984418 | AU15: =(combine_values!AU15-combine_values!$D15)/combine_values!$D15*100 -> -0.017596627 | AV15: =(combine_values!AV15-combine_values!$B15)/combine_values!$B15*100 -> -0.19293634 | AW15: =(combine_values!AW15-combine_values!$C15)/combine_values!$C15*100 -> -0.19293634 | AX15: =(combine_values!AX15-combine_values!$D15)/combine_values!$D15*100 -> 0.00039398019 | AY15: =(combine_values!AY15-combine_values!$B15)/combine_values!$B15*100 -> 0.0065668204 | AZ15: =(combine_values!AZ15-combine_values!$C15)/combine_values!$C15*100 -> 0.0065668204 | BA15: =(combine_values!BA15-combine_values!$D15)/combine_values!$D15*100 -> 0.0008528819 | BB15: =(combine_values!BB15-combine_values!$B15)/combine_values!$B15*100 -> 1.4943266 | BC15: =(combine_values!BC15-combine_values!$C15)/combine_values!$C15*100 -> 1.4943266 | BD15: =(combine_values!BD15-combine_values!$D15)/combine_values!$D15*100 -> 0.25778253 | BE15: =(combine_values!BE15-combine_values!$B15)/combine_values!$B15*100 -> -0.36367701 | BF15: =(combine_values!BF15-combine_values!$C15)/combine_values!$C15*100 -> -0.36367701 | BG15: =(combine_values!BG15-combine_values!$D15)/combine_values!$D15*100 -> 0.015720158 | BH15: =(combine_values!BH15-combine_values!$B15)/combine_values!$B15*100 -> 0.15060928 | BI15: =(combine_values!BI15-combine_values!$C15)/combine_values!$C15*100 -> 0.15060928 | BJ15: =(combine_values!BJ15-combine_values!$D15)/combine_values!$D15*100 -> -0.10208563 | BK15: =(combine_values!BK15-combine_values!$B15)/combine_values!$B15*100 -> 0.14620289 | BL15: =(combine_values!BL15-combine_values!$C15)/combine_values!$C15*100 -> 0.14620289 | BM15: =(combine_values!BM15-combine_values!$D15)/combine_values!$D15*100 -> 0.09598363 | BN15: =(combine_values!BN15-combine_values!$B15)/combine_values!$B15*100 -> 0.62024699 | BO15: =(combine_values!BO15-combine_values!$C15)/combine_values!$C15*100 -> 0.62024699 | BP15: =(combine_values!BP15-combine_values!$D15)/combine_values!$D15*100 -> 0.13677866 | BQ15: =(combine_values!BQ15-combine_values!$B15)/combine_values!$B15*100 -> 0.11388344 | BR15: =(combine_values!BR15-combine_values!$C15)/combine_values!$C15*100 -> 0.11388344 | BS15: =(combine_values!BS15-combine_values!$D15)/combine_values!$D15*100 -> -0.072322657 | BT15: =(combine_values!BT15-combine_values!$B15)/combine_values!$B15*100 -> 0.90309424 | BU15: =(combine_values!BU15-combine_values!$C15)/combine_values!$C15*100 -> 0.90309424 | BV15: =(combine_values!BV15-combine_values!$D15)/combine_values!$D15*100 -> -0.53612591 | BW15: =(combine_values!BW15-combine_values!$B15)/combine_values!$B15*100 -> 0.56029087 | BX15: =(combine_values!BX15-combine_values!$C15)/combine_values!$C15*100 -> 0.56029087 | BY15: =(combine_values!BY15-combine_values!$D15)/combine_values!$D15*100 -> -0.063138344 | BZ15: =(combine_values!BZ15-combine_values!$B15)/combine_values!$B15*100 -> 0.36701815 | CA15: =(combine_values!CA15-combine_values!$C15)/combine_values!$C15*100 -> 0.36701815 | CB15: =(combine_values!CB15-combine_values!$D15)/combine_values!$D15*100 -> -0.079119591 | CC15: =(combine_values!CC15-combine_values!$B15)/combine_values!$B15*100 -> -0.20730712 | CD15: =(combine_values!CD15-combine_values!$C15)/combine_values!$C15*100 -> -0.20730712 | CE15: =(combine_values!CE15-combine_values!$D15)/combine_values!$D15*100 -> 0.11138685 | CF15: =(combine_values!CF15-combine_values!$B15)/combine_values!$B15*100 -> 0.67761055 | CG15: =(combine_values!CG15-combine_values!$C15)/combine_values!$C15*100 -> 0.67761055 | CH15: =(combine_values!CH15-combine_values!$D15)/combine_values!$D15*100 -> -0.056709828 | CI15: =(combine_values!CI15-combine_values!$B15)/combine_values!$B15*100 -> 0.42782201 | CJ15: =(combine_values!CJ15-combine_values!$C15)/combine_values!$C15*100 -> 0.42782201 | CK15: =(combine_values!CK15-combine_values!$D15)/combine_values!$D15*100 -> 0.14145298 | CL15: =(combine_values!CL15-combine_values!$B15)/combine_values!$B15*100 -> 0.34576474 | CM15: =(combine_values!CM15-combine_values!$C15)/combine_values!$C15*100 -> 0.34576474 | CN15: =(combine_values!CN15-combine_values!$D15)/combine_values!$D15*100 -> -0.22711347 | CO15: =(combine_values!CO15-combine_values!$B15)/combine_values!$B15*100 -> 0.16309299 | CP15: =(combine_values!CP15-combine_values!$C15)/combine_values!$C15*100 -> 0.16309299 | CQ15: =(combine_values!CQ15-combine_values!$D15)/combine_values!$D15*100 -> 0.0025049106 | CR15: =(combine_values!CR15-combine_values!$B15)/combine_values!$B15*100 -> 0.79041545 | CS15: =(combine_values!CS15-combine_values!$C15)/combine_values!$C15*100 -> 0.79041545 | CT15: =(combine_values!CT15-combine_values!$D15)/combine_values!$D15*100 -> 0.058749385 | CU15: =(combine_values!CU15-combine_values!$B15)/combine_values!$B15*100 -> 0.27060884 | CV15: =(combine_values!CV15-combine_values!$C15)/combine_values!$C15*100 -> 0.27060884 | CW15: =(combine_values!CW15-combine_values!$D15)/combine_values!$D15*100 -> -0.15979961 | CX15: =(combine_values!CX15-combine_values!$B15)/combine_values!$B15*100 -> 0.63157614 | CY15: =(combine_values!CY15-combine_values!$C15)/combine_values!$C15*100 -> 0.63157614 | CZ15: =(combine_values!CZ15-combine_values!$D15)/combine_values!$D15*100 -> -0.044037678 | DA15: =(combine_values!DA15-combine_values!$B15)/combine_values!$B15*100 -> 1.0484062 | DB15: =(combine_values!DB15-combine_values!$C15)/combine_values!$C15*100 -> 1.0484062 | DC15: =(combine_values!DC15-combine_values!$D15)/combine_values!$D15*100 -> 0.066729319 | DD15: =(combine_values!DD15-combine_values!$B15)/combine_values!$B15*100 -> 0.33147113 | DE15: =(combine_values!DE15-combine_values!$C15)/combine_values!$C15*100 -> 0.33147113 | DF15: =(combine_values!DF15-combine_values!$D15)/combine_values!$D15*100 -> -0.035865912 | DG15: =(ABS(OFFSET(B2GPPLYP_extrap!F$7,(ROW(B2GPPLYP_extrap!F12)-1)*4,0)-$B15)/$B15) -> 0.0042593458 | DH15: =(ABS(OFFSET(B2GPPLYP_extrap!G$7,(ROW(B2GPPLYP_extrap!G12)-1)*4,0)-$C15)/$C15) -> 0.0042593458 | DI15: =(ABS(OFFSET(B2GPPLYP_extrap!H$7,(ROW(B2GPPLYP_extrap!H12)-1)*4,0)-$D15)/$D15) -> 0.00078266491 | DJ15: =(ABS(OFFSET(DSDPBE_extrap!F$7,(ROW(DSDPBE_extrap!F12)-1)*4,0)-$B15)/$B15) -> 0.0011624242 | DK15: =(ABS(OFFSET(DSDPBE_extrap!G$7,(ROW(DSDPBE_extrap!G12)-1)*4,0)-$C15)/$C15) -> 0.0011624242 | DL15: =(ABS(OFFSET(DSDPBE_extrap!H$7,(ROW(DSDPBE_extrap!H12)-1)*4,0)-$D15)/$D15) -> 7.4941102e-05
... A86: SO-trip | B86: =OFFSET(wft_table!L$7,(ROW(wft_table!L83)-1)*4,0) -> 0.73761469 | C86: =OFFSET(wft_table!M$7,(ROW(wft_table!M83)-1)*4,0) -> 0.73761469 | D86: =OFFSET(wft_table!N$7,(ROW(wft_table!N83)-1)*4,0) -> 1.519282 | F86: =(combine_values!F86-combine_values!$B86)/combine_values!$B86*100 -> 0.081481932 | G86: =(combine_values!G86-combine_values!$C86)/combine_values!$C86*100 -> 0.081481932 | H86: =(combine_values!H86-combine_values!$D86)/combine_values!$D86*100 -> 0.13976171 | I86: =(combine_values!I86-combine_values!$B86)/combine_values!$B86*100 -> -0.021905185 | J86: =(combine_values!J86-combine_values!$C86)/combine_values!$C86*100 -> -0.021905185 | K86: =(combine_values!K86-combine_values!$D86)/combine_values!$D86*100 -> 0.12246947 | L86: =(combine_values!L86-combine_values!$B86)/combine_values!$B86*100 -> -0.08168052 | M86: =(combine_values!M86-combine_values!$C86)/combine_values!$C86*100 -> -0.08168052 | N86: =(combine_values!N86-combine_values!$D86)/combine_values!$D86*100 -> -0.0031427154 | O86: =(combine_values!O86-combine_values!$B86)/combine_values!$B86*100 -> 1.673711 | P86: =(combine_values!P86-combine_values!$C86)/combine_values!$C86*100 -> 1.673711 | Q86: =(combine_values!Q86-combine_values!$D86)/combine_values!$D86*100 -> 0.37854572 | R86: =(combine_values!R86-combine_values!$B86)/combine_values!$B86*100 -> 0.49451157 | S86: =(combine_values!S86-combine_values!$C86)/combine_values!$C86*100 -> 0.49451157 | T86: =(combine_values!T86-combine_values!$D86)/combine_values!$D86*100 -> 0.096870046 | U86: =(combine_values!U86-combine_values!$B86)/combine_values!$B86*100 -> -0.18198566 | V86: =(combine_values!V86-combine_values!$C86)/combine_values!$C86*100 -> -0.18198566 | W86: =(combine_values!W86-combine_values!$D86)/combine_values!$D86*100 -> -0.017160127 | X86: =(combine_values!X86-combine_values!$B86)/combine_values!$B86*100 -> 0.61087467 | Y86: =(combine_values!Y86-combine_values!$C86)/combine_values!$C86*100 -> 0.61087467 | Z86: =(combine_values!Z86-combine_values!$D86)/combine_values!$D86*100 -> 0.18881506 | AA86: =(combine_values!AA86-combine_values!$B86)/combine_values!$B86*100 -> 0.05815391 | AB86: =(combine_values!AB86-combine_values!$C86)/combine_values!$C86*100 -> 0.05815391 | AC86: =(combine_values!AC86-combine_values!$D86)/combine_values!$D86*100 -> 0.016418189 | AD86: =(combine_values!AD86-combine_values!$B86)/combine_values!$B86*100 -> 0.20457522 | AE86: =(combine_values!AE86-combine_values!$C86)/combine_values!$C86*100 -> 0.20457522 | AF86: =(combine_values!AF86-combine_values!$D86)/combine_values!$D86*100 -> 0.057362248 | AG86: =(combine_values!AG86-combine_values!$B86)/combine_values!$B86*100 -> -0.32212005 | AH86: =(combine_values!AH86-combine_values!$C86)/combine_values!$C86*100 -> -0.32212005 | AI86: =(combine_values!AI86-combine_values!$D86)/combine_values!$D86*100 -> -0.058157499 | AJ86: =(combine_values!AJ86-combine_values!$B86)/combine_values!$B86*100 -> 0.36383184 | AK86: =(combine_values!AK86-combine_values!$C86)/combine_values!$C86*100 -> 0.36383184 | AL86: =(combine_values!AL86-combine_values!$D86)/combine_values!$D86*100 -> 0.086806794 | AM86: =(combine_values!AM86-combine_values!$B86)/combine_values!$B86*100 -> 0.84235114 | AN86: =(combine_values!AN86-combine_values!$C86)/combine_values!$C86*100 -> 0.84235114 | AO86: =(combine_values!AO86-combine_values!$D86)/combine_values!$D86*100 -> 0.11493125 | AP86: =(combine_values!AP86-combine_values!$B86)/combine_values!$B86*100 -> 0.14404246 | AQ86: =(combine_values!AQ86-combine_values!$C86)/combine_values!$C86*100 -> 0.14404246 | AR86: =(combine_values!AR86-combine_values!$D86)/combine_values!$D86*100 -> 0.016902069 | AS86: =(combine_values!AS86-combine_values!$B86)/combine_values!$B86*100 -> -0.66171368 | AT86: =(combine_values!AT86-combine_values!$C86)/combine_values!$C86*100 -> -0.66171368 | AU86: =(combine_values!AU86-combine_values!$D86)/combine_values!$D86*100 -> -0.15396868 | AV86: =(combine_values!AV86-combine_values!$B86)/combine_values!$B86*100 -> -0.38868864 | AW86: =(combine_values!AW86-combine_values!$C86)/combine_values!$C86*100 -> -0.38868864 | AX86: =(combine_values!AX86-combine_values!$D86)/combine_values!$D86*100 -> -0.087021352 | AY86: =(combine_values!AY86-combine_values!$B86)/combine_values!$B86*100 -> -0.06625922 | AZ86: =(combine_values!AZ86-combine_values!$C86)/combine_values!$C86*100 -> -0.06625922 | BA86: =(combine_values!BA86-combine_values!$D86)/combine_values!$D86*100 -> -0.054301393 | BB86: =(combine_values!BB86-combine_values!$B86)/combine_values!$B86*100 -> 0.72653809 | BC86: =(combine_values!BC86-combine_values!$C86)/combine_values!$C86*100 -> 0.72653809 | BD86: =(combine_values!BD86-combine_values!$D86)/combine_values!$D86*100 -> 0.19335509 | BE86: =(combine_values!BE86-combine_values!$B86)/combine_values!$B86*100 -> -0.34525687 | BF86: =(combine_values!BF86-combine_values!$C86)/combine_values!$C86*100 -> -0.34525687 | BG86: =(combine_values!BG86-combine_values!$D86)/combine_values!$D86*100 -> -0.050486481 | BH86: =(combine_values!BH86-combine_values!$B86)/combine_values!$B86*100 -> -0.11184969 | BI86: =(combine_values!BI86-combine_values!$C86)/combine_values!$C86*100 -> -0.11184969 | BJ86: =(combine_values!BJ86-combine_values!$D86)/combine_values!$D86*100 -> -0.028126897 | BK86: =(combine_values!BK86-combine_values!$B86)/combine_values!$B86*100 -> 0.070672062 | BL86: =(combine_values!BL86-combine_values!$C86)/combine_values!$C86*100 -> 0.070672062 | BM86: =(combine_values!BM86-combine_values!$D86)/combine_values!$D86*100 -> 0.022573016 | BN86: =(combine_values!BN86-combine_values!$B86)/combine_values!$B86*100 -> 0.27557643 | BO86: =(combine_values!BO86-combine_values!$C86)/combine_values!$C86*100 -> 0.27557643 | BP86: =(combine_values!BP86-combine_values!$D86)/combine_values!$D86*100 -> 0.11363882 | BQ86: =(combine_values!BQ86-combine_values!$B86)/combine_values!$B86*100 -> -0.28928069 | BR86: =(combine_values!BR86-combine_values!$C86)/combine_values!$C86*100 -> -0.28928069 | BS86: =(combine_values!BS86-combine_values!$D86)/combine_values!$D86*100 -> -0.065342181 | BT86: =(combine_values!BT86-combine_values!$B86)/combine_values!$B86*100 -> -0.39440475 | BU86: =(combine_values!BU86-combine_values!$C86)/combine_values!$C86*100 -> -0.39440475 | BV86: =(combine_values!BV86-combine_values!$D86)/combine_values!$D86*100 -> 0.0005834228 | BW86: =(combine_values!BW86-combine_values!$B86)/combine_values!$B86*100 -> 0.15825531 | BX86: =(combine_values!BX86-combine_values!$C86)/combine_values!$C86*100 -> 0.15825531 | BY86: =(combine_values!BY86-combine_values!$D86)/combine_values!$D86*100 -> 0.041498783 | BZ86: =(combine_values!BZ86-combine_values!$B86)/combine_values!$B86*100 -> 0.0035109111 | CA86: =(combine_values!CA86-combine_values!$C86)/combine_values!$C86*100 -> 0.0035109111 | CB86: =(combine_values!CB86-combine_values!$D86)/combine_values!$D86*100 -> 0.013870187 | CC86: =(combine_values!CC86-combine_values!$B86)/combine_values!$B86*100 -> -0.28414159 | CD86: =(combine_values!CD86-combine_values!$C86)/combine_values!$C86*100 -> -0.28414159 | CE86: =(combine_values!CE86-combine_values!$D86)/combine_values!$D86*100 -> -0.0036163706 | CF86: =(combine_values!CF86-combine_values!$B86)/combine_values!$B86*100 -> 0.25144166 | CG86: =(combine_values!CG86-combine_values!$C86)/combine_values!$C86*100 -> 0.25144166 | CH86: =(combine_values!CH86-combine_values!$D86)/combine_values!$D86*100 -> 0.090168675 | CI86: =(combine_values!CI86-combine_values!$B86)/combine_values!$B86*100 -> -0.11840503 | CJ86: =(combine_values!CJ86-combine_values!$C86)/combine_values!$C86*100 -> -0.11840503 | CK86: =(combine_values!CK86-combine_values!$D86)/combine_values!$D86*100 -> 0.068520493 | CL86: =(combine_values!CL86-combine_values!$B86)/combine_values!$B86*100 -> -0.21849868 | CM86: =(combine_values!CM86-combine_values!$C86)/combine_values!$C86*100 -> -0.21849868 | CN86: =(combine_values!CN86-combine_values!$D86)/combine_values!$D86*100 -> -0.042697443 | CO86: =(combine_values!CO86-combine_values!$B86)/combine_values!$B86*100 -> -0.040338915 | CP86: =(combine_values!CP86-combine_values!$C86)/combine_values!$C86*100 -> -0.040338915 | CQ86: =(combine_values!CQ86-combine_values!$D86)/combine_values!$D86*100 -> 0.0010352869 | CR86: =(combine_values!CR86-combine_values!$B86)/combine_values!$B86*100 -> 0.29629931 | CS86: =(combine_values!CS86-combine_values!$C86)/combine_values!$C86*100 -> 0.29629931 | CT86: =(combine_values!CT86-combine_values!$D86)/combine_values!$D86*100 -> 0.13907531 | CU86: =(combine_values!CU86-combine_values!$B86)/combine_values!$B86*100 -> -0.19253883 | CV86: =(combine_values!CV86-combine_values!$C86)/combine_values!$C86*100 -> -0.19253883 | CW86: =(combine_values!CW86-combine_values!$D86)/combine_values!$D86*100 -> -0.044044407 | CX86: =(combine_values!CX86-combine_values!$B86)/combine_values!$B86*100 -> 0.19747233 | CY86: =(combine_values!CY86-combine_values!$C86)/combine_values!$C86*100 -> 0.19747233 | CZ86: =(combine_values!CZ86-combine_values!$D86)/combine_values!$D86*100 -> 0.061244254 | DA86: =(combine_values!DA86-combine_values!$B86)/combine_values!$B86*100 -> 0.60776209 | DB86: =(combine_values!DB86-combine_values!$C86)/combine_values!$C86*100 -> 0.60776209 | DC86: =(combine_values!DC86-combine_values!$D86)/combine_values!$D86*100 -> 0.12128175 | DD86: =(combine_values!DD86-combine_values!$B86)/combine_values!$B86*100 -> -0.0033215632 | DE86: =(combine_values!DE86-combine_values!$C86)/combine_values!$C86*100 -> -0.0033215632 | DF86: =(combine_values!DF86-combine_values!$D86)/combine_values!$D86*100 -> 0.0193732 | DG86: =(ABS(OFFSET(B2GPPLYP_extrap!F$7,(ROW(B2GPPLYP_extrap!F83)-1)*4,0)-$B86)/$B86) -> 0.0031962655 | DH86: =(ABS(OFFSET(B2GPPLYP_extrap!G$7,(ROW(B2GPPLYP_extrap!G83)-1)*4,0)-$C86)/$C86) -> 0.0031962655 | DI86: =(ABS(OFFSET(B2GPPLYP_extrap!H$7,(ROW(B2GPPLYP_extrap!H83)-1)*4,0)-$D86)/$D86) -> 0.00040284225 | DJ86: =(ABS(OFFSET(DSDPBE_extrap!F$7,(ROW(DSDPBE_extrap!F83)-1)*4,0)-$B86)/$B86) -> 0.00199509 | DK86: =(ABS(OFFSET(DSDPBE_extrap!G$7,(ROW(DSDPBE_extrap!G83)-1)*4,0)-$C86)/$C86) -> 0.00199509 | DL86: =(ABS(OFFSET(DSDPBE_extrap!H$7,(ROW(DSDPBE_extrap!H83)-1)*4,0)-$D86)/$D86) -> 0.00028778841
A100: RMSRE | F100: {=SQRT(AVERAGE(F4:F94^2))} -> 0.80461167 | G100: {=SQRT(AVERAGE(G4:G94^2))} -> 0.71672437 | H100: {=SQRT(AVERAGE(H4:H94^2))} -> 0.67280575 | I100: {=SQRT(AVERAGE(I4:I94^2))} -> 0.55192746 | J100: {=SQRT(AVERAGE(J4:J94^2))} -> 0.49801699 | K100: {=SQRT(AVERAGE(K4:K94^2))} -> 0.51097853 | L100: {=SQRT(AVERAGE(L4:L94^2))} -> 0.12964768 | M100: {=SQRT(AVERAGE(M4:M94^2))} -> 0.11099681 | ... DL100: {=SQRT(AVERAGE(DL4:DL94^2))} -> 0.0034173034
