Workbook

Sheet wft_table
A1: basis | B1: CBS | C1: CBS | D1: CBS | E1: CBS | F1: CBS | G1: CBS | H1: CBS | I1: CBS | J1: CBS | K1: CBS | L1: CBS | M1: CBS | N1: 5Z | O1: 5Z | P1: 5Z | Q1: 5Z | R1: 5Z | S1: 5Z | T1: 5Z | U1: 5Z | V1: 5Z | W1: 5Z | X1: 5Z | Y1: 5Z | Z1: QZ | AA1: QZ | AB1: QZ | AC1: QZ | AD1: QZ | AE1: QZ | AF1: QZ | AG1: QZ | AH1: QZ | AI1: QZ | AJ1: QZ | AK1: QZ | AL1: TZ | AM1: TZ | AN1: TZ | AO1: TZ | AP1: TZ | AQ1: TZ | AR1: TZ | AS1: TZ | AT1: TZ | AU1: TZ | AV1: TZ | AW1: TZ
A2: method | B2: HF | C2: HF | D2: HF | E2: MP2 | F2: MP2 | G2: MP2 | H2: CCSD | I2: CCSD | J2: CCSD | K2: CCSD(T) | L2: CCSD(T) | M2: CCSD(T) | N2: HF | O2: HF | P2: HF | Q2: MP2 | R2: MP2 | S2: MP2 | T2: CCSD | U2: CCSD | V2: CCSD | W2: CCSD(T) | X2: CCSD(T) | Y2: CCSD(T) | Z2: HF | AA2: HF | AB2: HF | AC2: MP2 | AD2: MP2 | AE2: MP2 | AF2: CCSD | AG2: CCSD | AH2: CCSD | AI2: CCSD(T) | AJ2: CCSD(T) | AK2: CCSD(T) | AL2: HF | AM2: HF | AN2: HF | AO2: MP2 | AP2: MP2 | AQ2: MP2 | AR2: CCSD | AS2: CCSD | AT2: CCSD | AU2: CCSD(T) | AV2: CCSD(T) | AW2: CCSD(T)
A3: component | B3: XX | C3: YY | D3: ZZ | E3: XX | F3: YY | G3: ZZ | H3: XX | I3: YY | J3: ZZ | K3: XX | L3: YY | M3: ZZ | N3: XX | O3: YY | P3: ZZ | Q3: XX | R3: YY | S3: ZZ | T3: XX | U3: YY | V3: ZZ | W3: XX | X3: YY | Y3: ZZ | Z3: XX | AA3: YY | AB3: ZZ | AC3: XX | AD3: YY | AE3: ZZ | AF3: XX | AG3: YY | AH3: ZZ | AI3: XX | AJ3: YY | AK3: ZZ | AL3: XX | AM3: YY | AN3: ZZ | AO3: XX | AP3: YY | AQ3: ZZ | AR3: XX | AS3: YY | AT3: ZZ | AU3: XX | AV3: YY | AW3: ZZ
A4: molecule
A5: AlF | B5: 0.53077499 | C5: 0.53077499 | D5: 3.105327 | E5: 0.53342843 | F5: 0.53342843 | G5: 3.0680835 | H5: 0.52890766 | I5: 0.52890766 | J5: 3.0691615 | K5: 0.53115417 | L5: 0.53115417 | M5: 3.0638868 | N5: 0.53077499 | O5: 0.53077499 | P5: 3.105327 | Q5: 0 | R5: 0 | S5: 0 | T5: 0 | U5: 0 | V5: 0 | W5: 0 | X5: 0 | Y5: 0 | Z5: 0.53088651 | AA5: 0.53088651 | AB5: 3.1054536 | AC5: 0.53504858 | AD5: 0.53504858 | AE5: 3.0706032 | AF5: 0.5304963 | AG5: 0.5304963 | AH5: 3.0710806 | AI5: 0.53280085 | AJ5: 0.53280085 | AK5: 3.0662301 | AL5: 0.53170096 | AM5: 0.53170096 | AN5: 3.1060382 | AO5: 0.5379304 | AP5: 0.5379304 | AQ5: 3.0744673 | AR5: 0.53333494 | AS5: 0.53333494 | AT5: 3.0741216 | AU5: 0.53571904 | AV5: 0.53571904 | AW5: 3.0698524
A6: Ar | B6: 0.48219027 | C6: 0.48219027 | D6: 0.48219027 | E6: 0.48112273 | F6: 0.48112273 | G6: 0.48112273 | H6: 0.47950576 | I6: 0.47950576 | J6: 0.47950576 | K6: 0.48009052 | L6: 0.48009052 | M6: 0.48009052 | N6: 0.48219027 | O6: 0.48219027 | P6: 0.48219027 | Q6: 0.48144799 | R6: 0.48144799 | S6: 0.48144799 | T6: 0.48015077 | U6: 0.48015077 | V6: 0.48015077 | W6: 0.48072299 | X6: 0.48072299 | Y6: 0.48072299 | Z6: 0.48229766 | AA6: 0.48229766 | AB6: 0.48229766 | AC6: 0.48216744 | AD6: 0.48216744 | AE6: 0.48216744 | AF6: 0.48086466 | AG6: 0.48086466 | AH6: 0.48086466 | AI6: 0.48147577 | AJ6: 0.48147577 | AK6: 0.48147577 | AL6: 0.48274375 | AM6: 0.48274375 | AN6: 0.48274375 | AO6: 0.483898 | AP6: 0.483898 | AQ6: 0.483898 | AR6: 0.48302577 | AS6: 0.48302577 | AT6: 0.48302577 | AU6: 0.48367299 | AV6: 0.48367299 | AW6: 0.48367299
A7: BF | B7: 0.55273267 | C7: 0.55273267 | D7: 2.094493 | E7: 0.56248528 | F7: 0.56248528 | G7: 2.0695614 | H7: 0.55499897 | I7: 0.55499897 | J7: 2.0580441 | K7: 0.55769608 | L7: 0.55769608 | M7: 2.0541193 | N7: 0.55273267 | O7: 0.55273267 | P7: 2.094493 | Q7: 0.5630509 | R7: 0.5630509 | S7: 2.070382 | T7: 0.55569017 | U7: 0.55569017 | V7: 2.0587334 | W7: 0.55837946 | X7: 0.55837946 | Y7: 2.0549589 | Z7: 0.55296633 | AA7: 0.55296633 | AB7: 2.0945418 | AC7: 0.56389019 | AD7: 0.56389019 | AE7: 2.0710628 | AF7: 0.55647946 | AG7: 0.55647946 | AH7: 2.0592618 | AI7: 0.55916875 | AJ7: 0.55916875 | AK7: 2.0556106 | AL7: 0.55353987 | AM7: 0.55353987 | AN7: 2.0952838 | AO7: 0.56606876 | AP7: 0.56606876 | AQ7: 2.0737956 | AR7: 0.55876161 | AS7: 0.55876161 | AT7: 2.0616056 | AU7: 0.56144018 | AV7: 0.56144018 | AW7: 2.0583294
A8: BH2 | B8: 0.69879403 | C8: 1.1893496 | D8: 2.0674166 | E8: 0.70282317 | F8: 1.1817772 | G8: 2.0513431 | H8: 0.7033056 | I8: 1.1777792 | J8: 2.0480923 | K8: 0.7049836 | L8: 1.178443 | M8: 2.0478529 | N8: 0.69879403 | O8: 1.1893496 | P8: 2.0674166 | Q8: 0.70347255 | R8: 1.1830667 | S8: 2.0530954 | T8: 0.70417255 | U8: 1.1791461 | V8: 2.0500668 | W8: 0.70582256 | X8: 1.1798535 | Y8: 2.0498954 | Z8: 0.69899583 | AA8: 1.1896842 | AB8: 2.0674166 | AC8: 0.70420827 | AD8: 1.1843553 | AE8: 2.0546097 | AF8: 0.70489398 | AG8: 1.1802686 | AH8: 2.0512025 | AI8: 0.70655113 | AJ8: 1.1810053 | AK8: 2.0510882 | AL8: 0.69982428 | AM8: 1.1908419 | AN8: 2.0675759 | AO8: 0.70665827 | AP8: 1.1885876 | AQ8: 2.0592454 | AR8: 0.70762256 | AS8: 1.1843792 | AT8: 2.055624 | AU8: 0.70925113 | AV8: 1.1852159 | AW8: 2.0556811
A9: BH2F | B9: 0.49650323 | C9: 1.0878995 | D9: 2.622779 | E9: 0.50624947 | F9: 1.0895864 | G9: 2.6181586 | H9: 0.5023612 | I9: 1.0851804 | J9: 2.6155825 | K9: 0.50452573 | L9: 1.0867402 | M9: 2.6157257 | N9: 0.49650323 | O9: 1.0878995 | P9: 2.622779 | Q9: 0 | R9: 0 | S9: 0 | T9: 0 | U9: 0 | V9: 0 | W9: 0 | X9: 0 | Y9: 0 | Z9: 0.49660082 | AA9: 1.0880714 | AB9: 2.6228952 | AC9: 0.50721331 | AD9: 1.0915081 | AE9: 2.6198757 | AF9: 0.5035508 | AG9: 1.0871956 | AH9: 2.617337 | AI9: 0.50570393 | AJ9: 1.0887987 | AK9: 2.6175636 | AL9: 0.49708872 | AM9: 1.0883549 | AN9: 2.6234114 | AO9: 0.50888831 | AP9: 1.0941894 | AQ9: 2.6225858 | AR9: 0.50553518 | AS9: 1.090005 | AT9: 2.6200982 | AU9: 0.50767269 | AV9: 1.0916675 | AW9: 2.6204391
A10: BH3 | B10: 1.8239941 | C10: 1.8239486 | D10: 0.66095105 | E10: 1.8095462 | F10: 1.8094916 | G10: 0.66180655 | H10: 1.8064842 | I10: 1.8064495 | J10: 0.66072614 | K10: 1.8064702 | L10: 1.8064309 | M10: 0.66202158 | N10: 1.8239941 | O10: 1.8239486 | P10: 0.66095105 | Q10: 1.8110946 | R10: 1.8110461 | S10: 0.66241981 | T10: 1.8081633 | U10: 1.8081086 | V10: 0.66150106 | W10: 1.8082258 | X10: 1.8081773 | Y10: 0.66278856 | Z10: 1.8240777 | AA10: 1.8240229 | AB10: 0.66103469 | AC10: 1.8123696 | AD10: 1.8123148 | AE10: 0.66305106 | AF10: 1.8091571 | AG10: 1.8091086 | AH10: 0.66205731 | AI10: 1.8092571 | AJ10: 1.8092086 | AK10: 0.66335731 | AL10: 1.8242357 | AM10: 1.8241809 | AN10: 0.66176888 | AO10: 1.8162821 | AP10: 1.8162398 | AQ10: 0.66537606 | AR10: 1.8128633 | AS10: 1.8128086 | AT10: 0.66450106 | AU10: 1.8131196 | AV10: 1.8130711 | AW10: 0.66580731
A11: BHF2 | B11: 0.43806284 | C11: 3.9740953 | D11: 1.1697916 | E11: 0.44955305 | F11: 3.9651788 | G11: 1.1751374 | H11: 0.44519065 | I11: 3.9651109 | J11: 1.1709367 | K11: 0.44735507 | L11: 3.9633939 | M11: 1.1725781 | N11: 0.43806284 | O11: 3.9740953 | P11: 1.1697916 | Q11: 0 | R11: 0 | S11: 0 | T11: 0 | U11: 0 | V11: 0 | W11: 0 | X11: 0 | Y11: 0 | Z11: 0.43818676 | AA11: 3.9742316 | AB11: 1.1699558 | AC11: 0.45042155 | AD11: 3.9660915 | AE11: 1.1766504 | AF11: 0.44630696 | AG11: 3.9659977 | AH11: 1.1726171 | AI11: 0.4484653 | AJ11: 3.9643644 | AK11: 1.1742899 | AL11: 0.43860806 | AM11: 3.9749905 | AN11: 1.1703629 | AO11: 0.45186322 | AP11: 3.9679144 | AQ11: 1.178906 | AR11: 0.44808822 | AS11: 3.9677852 | AT11: 1.1751019 | AU11: 0.45023822 | AV11: 3.9662665 | AW11: 1.1768178
A12: BO | B12: 0.58894817 | C12: 0.58894817 | D12: 1.7992171 | E12: 0.59491551 | F12: 0.59491551 | G12: 1.8109481 | H12: 0.59242371 | I12: 0.59242371 | J12: 1.8052026 | K12: 0.59414773 | L12: 0.59414773 | M12: 1.809595 | N12: 0.58894817 | O12: 0.58894817 | P12: 1.7992171 | Q12: 0 | R12: 0 | S12: 0 | T12: 0 | U12: 0 | V12: 0 | W12: 0 | X12: 0 | Y12: 0 | Z12: 0.58914833 | AA12: 0.58914833 | AB12: 1.7993748 | AC12: 0.59640095 | AD12: 0.59640095 | AE12: 1.8126651 | AF12: 0.59406633 | AG12: 0.59406633 | AH12: 1.8071629 | AI12: 0.59582403 | AJ12: 0.59582403 | AK12: 1.8115868 | AL12: 0.5895601 | AM12: 0.5895601 | AN12: 1.8000249 | AO12: 0.59857403 | AP12: 0.59857403 | AQ12: 1.8154521 | AR12: 0.5964548 | AS12: 0.5964548 | AT12: 1.8102831 | AU12: 0.59825865 | AV12: 0.59825865 | AW12: 1.8147503
A13: BS | B13: 0.68843846 | C13: 0.68843846 | D13: 2.2556975 | E13: 0.68151902 | F13: 0.68151902 | G13: 2.2510154 | H13: 0.6768775 | I13: 0.6768775 | J13: 2.2620586 | K13: 0.67610369 | L13: 0.67610369 | M13: 2.2680859 | N13: 0.68843846 | O13: 0.68843846 | P13: 2.2556975 | Q13: 0.68217966 | R13: 0.68217966 | S13: 2.2522315 | T13: 0.67778442 | U13: 0.67778442 | V13: 2.2636282 | W13: 0.67707013 | X13: 0.67707013 | Y13: 2.2697118 | Z13: 0.68861194 | AA13: 0.68861194 | AB13: 2.2556233 | AC13: 0.68327728 | AD13: 0.68327728 | AE13: 2.2540522 | AF13: 0.67881299 | AG13: 0.67881299 | AH13: 2.2650485 | AI13: 0.67816775 | AJ13: 0.67816775 | AK13: 2.2711932 | AL13: 0.68905448 | AM13: 0.68905448 | AN13: 2.2560202 | AO13: 0.68589157 | AP13: 0.68589157 | AQ13: 2.2587124 | AR13: 0.68167014 | AS13: 0.68167014 | AT13: 2.2696442 | AU13: 0.68120109 | AV13: 0.68120109 | AW13: 2.2759501
A14: Be | B14: 1.4435349 | C14: 1.4435349 | D14: 1.4435349 | E14: 1.3879865 | F14: 1.3879865 | G14: 1.3879865 | H14: 1.3547915 | I14: 1.3547915 | J14: 1.3547915 | K14: 1.352929 | L14: 1.352929 | M14: 1.352929 | N14: 1.4435349 | O14: 1.4435349 | P14: 1.4435349 | Q14: 0 | R14: 0 | S14: 0 | T14: 0 | U14: 0 | V14: 0 | W14: 0 | X14: 0 | Y14: 0 | Z14: 1.4436093 | AA14: 1.4436093 | AB14: 1.4436093 | AC14: 1.3919022 | AD14: 1.3919022 | AE14: 1.3919022 | AF14: 1.3568647 | AG14: 1.3568647 | AH14: 1.3568647 | AI14: 1.3553397 | AJ14: 1.3553397 | AK14: 1.3553397 | AL14: 1.4437952 | AM14: 1.4437952 | AN14: 1.4437952 | AO14: 1.3973522 | AP14: 1.3973522 | AQ14: 1.3973522 | AR14: 1.3597897 | AS14: 1.3597897 | AT14: 1.3597897 | AU14: 1.3587272 | AV14: 1.3587272 | AW14: 1.3587272
A15: BeH | B15: 0.97841573 | C15: 0.97841573 | D15: 2.7111094 | E15: 0.97926473 | F15: 0.97926473 | G15: 2.6672125 | H15: 0.98480853 | I15: 0.98480853 | J15: 2.6456196 | K15: 0.98657583 | L15: 0.98657583 | M15: 2.6413143 | N15: 0.97841573 | O15: 0.97841573 | P15: 2.7111094 | Q15: 0 | R15: 0 | S15: 0 | T15: 0 | U15: 0 | V15: 0 | W15: 0 | X15: 0 | Y15: 0 | Z15: 0.97837112 | AA15: 0.97837112 | AB15: 2.7117581 | AC15: 0.98088157 | AD15: 0.98088157 | AE15: 2.6721373 | AF15: 0.98665158 | AG15: 0.98665158 | AH15: 2.6498294 | AI15: 0.98841158 | AJ15: 0.98841158 | AK15: 2.6458099 | AL15: 0.97914434 | AM15: 0.97914434 | AN15: 2.7139046 | AO15: 0.98393157 | AP15: 0.98393157 | AQ15: 2.6801438 | AR15: 0.99001158 | AS15: 0.99001158 | AT15: 2.6568561 | AU15: 0.99176158 | AV15: 0.99176158 | AW15: 2.6532283
A16: BeH2 | B16: 0.81305406 | C16: 0.81305406 | D16: 3.6105651 | E16: 0.80960299 | F16: 0.80960299 | G16: 3.5713523 | H16: 0.81105299 | I16: 0.81105299 | J16: 3.5612574 | K16: 0.81212191 | L16: 0.81212191 | M16: 3.5580212 | N16: 0.81305406 | O16: 0.81305406 | P16: 3.6105651 | Q16: 0 | R16: 0 | S16: 0 | T16: 0 | U16: 0 | V16: 0 | W16: 0 | X16: 0 | Y16: 0 | Z16: 0.81306645 | AA16: 0.81306645 | AB16: 3.6104784 | AC16: 0.81120963 | AD16: 0.81120963 | AE16: 3.5760545 | AF16: 0.81265963 | AG16: 0.81265963 | AH16: 3.5655461 | AI16: 0.81373463 | AJ16: 0.81373463 | AK16: 3.5625044 | AL16: 0.8136984 | AM16: 0.8136984 | AN16: 3.6119157 | AO16: 0.8140263 | AP16: 0.8140263 | AQ16: 3.5840545 | AR16: 0.8154763 | AS16: 0.8154763 | AT16: 3.5729795 | AU16: 0.81655964 | AV16: 0.81655964 | AW16: 3.5702044
... A88: SiO | B88: 0.54350196 | C88: 0.54350196 | D88: 2.5978585 | E88: 0.55917666 | F88: 0.55917666 | G88: 2.5660719 | H88: 0.54856061 | I88: 0.54856061 | J88: 2.5697255 | K88: 0.55265601 | L88: 0.55265601 | M88: 2.5654737 | N88: 0.54350196 | O88: 0.54350196 | P88: 2.5978585 | Q88: 0.55995544 | R88: 0.55995544 | S88: 2.5665761 | T88: 0.54946679 | U88: 0.54946679 | V88: 2.5701919 | W88: 0.55362134 | X88: 0.55362134 | Y88: 2.5660837 | Z88: 0.54365066 | AA88: 0.54365066 | AB88: 2.5979757 | AC88: 0.56088953 | AD88: 0.56088953 | AE88: 2.5677369 | AF88: 0.55037133 | AG88: 0.55037133 | AH88: 2.5711347 | AI88: 0.55454634 | AJ88: 0.55454634 | AK88: 2.567172 | AL88: 0.54420489 | AM88: 0.54420489 | AN88: 2.599329 | AO88: 0.56358726 | AP88: 0.56358726 | AQ88: 2.5712113 | AR88: 0.55320316 | AS88: 0.55320316 | AT88: 2.5742587 | AU88: 0.55748725 | AV88: 0.55748725 | AW88: 2.5706921
A90: RMSE | N90: {=SQRT(AVERAGE((N5:N88-Z5:Z88)^2))} -> 0.00028376017 | O90: {=SQRT(AVERAGE((O5:O88-AA5:AA88)^2))} -> 0.0002468211 | P90: {=SQRT(AVERAGE((P5:P88-AB5:AB88)^2))} -> 0.00021942151
P91: {=SQRT(AVERAGE(N90:P90^2))} -> 0.00025138701
N92: {=MAX(ABS(N5:N88-Z5:Z88))} -> 0.0009665201 | O92: {=MAX(ABS(O5:O88-AA5:AA88))} -> 0.0009665201 | P92: {=MAX(ABS(P5:P88-AB5:AB88))} -> 0.0009665201

Sheet dft_values
A1: method | B1: Slater | C1: Slater | D1: Slater | E1: SPW92 | F1: SPW92 | G1: SPW92 | H1: B97-D3 | I1: B97-D3 | J1: B97-D3 | K1: BLYP | L1: BLYP | M1: BLYP | N1: BPBE | O1: BPBE | P1: BPBE | Q1: mPW91 | R1: mPW91 | S1: mPW91 | T1: N12 | U1: N12 | V1: N12 | W1: PBE | X1: PBE | Y1: PBE | Z1: SOGGA11 | AA1: SOGGA11 | AB1: SOGGA11 | AC1: B97M-V | AD1: B97M-V | AE1: B97M-V | AF1: M06-L | AG1: M06-L | AH1: M06-L | AI1: M11-L | AJ1: M11-L | AK1: M11-L | AL1: mBEEF | AM1: mBEEF | AN1: mBEEF | AO1: MGGA_MS2 | AP1: MGGA_MS2 | AQ1: MGGA_MS2 | AR1: MN15-L | AS1: MN15-L | AT1: MN15-L | AU1: revM06-L | AV1: revM06-L | AW1: revM06-L | AX1: SCAN | AY1: SCAN | AZ1: SCAN | BA1: TPSS | BB1: TPSS | BC1: TPSS | BD1: B3LYP | BE1: B3LYP | BF1: B3LYP | BG1: B97 | BH1: B97 | BI1: B97 | BJ1: B97-2 | BK1: B97-2 | BL1: B97-2 | BM1: HFLYP | BN1: HFLYP | BO1: HFLYP | BP1: M06-2X | BQ1: M06-2X | BR1: M06-2X | BS1: PBE0 | BT1: PBE0 | BU1: PBE0 | BV1: SOGGA11-X | BW1: SOGGA11-X | BX1: SOGGA11-X | BY1: M06 | BZ1: M06 | CA1: M06 | CB1: M08-HX | CC1: M08-HX | CD1: M08-HX | CE1: MN15 | CF1: MN15 | CG1: MN15 | CH1: PW6B95 | CI1: PW6B95 | CJ1: PW6B95 | CK1: SCAN0 | CL1: SCAN0 | CM1: SCAN0 | CN1: TPSSh | CO1: TPSSh | CP1: TPSSh | CQ1: CAM-B3LYP | CR1: CAM-B3LYP | CS1: CAM-B3LYP | CT1: HSE-HJS | CU1: HSE-HJS | CV1: HSE-HJS | CW1: LRC-wPBEh | CX1: LRC-wPBEh | CY1: LRC-wPBEh | CZ1: wB97X-D | DA1: wB97X-D | DB1: wB97X-D | DC1: wB97X-V | DD1: wB97X-V | DE1: wB97X-V | DF1: M11 | DG1: M11 | DH1: M11 | DI1: wB97M-V | DJ1: wB97M-V | DK1: wB97M-V | DL1: wM05-D | DM1: wM05-D | DN1: wM05-D
A2: component | B2: XX | C2: YY | D2: ZZ | E2: XX | F2: YY | G2: ZZ | H2: XX | I2: YY | J2: ZZ | K2: XX | L2: YY | M2: ZZ | N2: XX | O2: YY | P2: ZZ | Q2: XX | R2: YY | S2: ZZ | T2: XX | U2: YY | V2: ZZ | W2: XX | X2: YY | Y2: ZZ | Z2: XX | AA2: YY | AB2: ZZ | AC2: XX | AD2: YY | AE2: ZZ | AF2: XX | AG2: YY | AH2: ZZ | AI2: XX | AJ2: YY | AK2: ZZ | AL2: XX | AM2: YY | AN2: ZZ | AO2: XX | AP2: YY | AQ2: ZZ | AR2: XX | AS2: YY | AT2: ZZ | AU2: XX | AV2: YY | AW2: ZZ | AX2: XX | AY2: YY | AZ2: ZZ | BA2: XX | BB2: YY | BC2: ZZ | BD2: XX | BE2: YY | BF2: ZZ | BG2: XX | BH2: YY | BI2: ZZ | BJ2: XX | BK2: YY | BL2: ZZ | BM2: XX | BN2: YY | BO2: ZZ | BP2: XX | BQ2: YY | BR2: ZZ | BS2: XX | BT2: YY | BU2: ZZ | BV2: XX | BW2: YY | BX2: ZZ | BY2: XX | BZ2: YY | CA2: ZZ | CB2: XX | CC2: YY | CD2: ZZ | CE2: XX | CF2: YY | CG2: ZZ | CH2: XX | CI2: YY | CJ2: ZZ | CK2: XX | CL2: YY | CM2: ZZ | CN2: XX | CO2: YY | CP2: ZZ | CQ2: XX | CR2: YY | CS2: ZZ | CT2: XX | CU2: YY | CV2: ZZ | CW2: XX | CX2: YY | CY2: ZZ | CZ2: XX | DA2: YY | DB2: ZZ | DC2: XX | DD2: YY | DE2: ZZ | DF2: XX | DG2: YY | DH2: ZZ | DI2: XX | DJ2: YY | DK2: ZZ | DL2: XX | DM2: YY | DN2: ZZ
A3: molecule
A4: AlF | B4: 0.56004433 | C4: 0.56004433 | D4: 3.0700231 | E4: 0.54110932 | F4: 0.54110932 | G4: 3.0524086 | H4: 0.53893634 | I4: 0.53893634 | J4: 3.0641374 | K4: 0.54240365 | L4: 0.54240365 | M4: 3.0630231 | N4: 0.53715875 | O4: 0.53715875 | P4: 3.0586333 | Q4: 0.53907828 | R4: 0.53907828 | S4: 3.0596605 | T4: 0.53514799 | U4: 0.53514799 | V4: 3.0652797 | W4: 0.54144726 | X4: 0.54144726 | Y4: 3.0610046 | Z4: 0.57221369 | AA4: 0.57221369 | AB4: 3.0729288 | AC4: 0.53802727 | AD4: 0.53802727 | AE4: 3.0761272 | AF4: 0.52538478 | AG4: 0.52538478 | AH4: 3.0585058 | AI4: 0.54652656 | AJ4: 0.54652656 | AK4: 3.0541276 | AL4: 0.53377593 | AM4: 0.53377593 | AN4: 3.0691675 | AO4: 0.53586105 | AP4: 0.53586105 | AQ4: 3.0677067 | AR4: 0.55629653 | AS4: 0.55629653 | AT4: 3.0967214 | AU4: 0.53076147 | AV4: 0.53076147 | AW4: 3.0918562 | AX4: 0.53607733 | AY4: 0.53607733 | AZ4: 3.0660642 | BA4: 0.53820976 | BB4: 0.53820976 | BC4: 3.0669402 | BD4: 0.5359185 | BE4: 0.5359185 | BF4: 3.0667893 | BG4: 0.53556028 | BH4: 0.53556028 | BI4: 3.0696869 | BJ4: 0.53309667 | BK4: 0.53309667 | BL4: 3.0688493 | BM4: 0.52139028 | BN4: 0.52139028 | BO4: 3.0895483 | BP4: 0.53012614 | BQ4: 0.53012614 | BR4: 3.0629144 | BS4: 0.53424567 | BT4: 0.53424567 | BU4: 3.0678186 | BV4: 0.53248499 | BW4: 0.53248499 | BX4: 3.0764611 | BY4: 0.52402287 | BZ4: 0.52402287 | CA4: 3.0540837 | CB4: 0.53413415 | CC4: 0.53413415 | CD4: 3.077711 | CE4: 0.5437588 | CF4: 0.5437588 | CG4: 3.0656611 | CH4: 0.53311356 | CI4: 0.53311356 | CJ4: 3.0625737 | CK4: 0.53187669 | CL4: 0.53187669 | CM4: 3.0706158 | CN4: 0.53571235 | CO4: 0.53571235 | CP4: 3.0692949 | CQ4: 0.53487763 | CR4: 0.53487763 | CS4: 3.0708951 | CT4: 0.53419836 | CU4: 0.53419836 | CV4: 3.0673534 | CW4: 0.53398546 | CX4: 0.53398546 | CY4: 3.0706786 | CZ4: 0.53210649 | DA4: 0.53210649 | DB4: 3.0717711 | DC4: 0.53521895 | DD4: 0.53521895 | DE4: 3.0778845 | DF4: 0.53064657 | DG4: 0.53064657 | DH4: 3.0795042 | DI4: 0.53825031 | DJ4: 0.53825031 | DK4: 3.0651044 | DL4: 0.53271479 | DM4: 0.53271479 | DN4: 3.062532
A5: Ar | B5: 0.49635764 | C5: 0.49635764 | D5: 0.49635764 | E5: 0.48707243 | F5: 0.48707243 | G5: 0.48707243 | H5: 0.48083136 | I5: 0.48083136 | J5: 0.48083136 | K5: 0.48871635 | L5: 0.48871635 | M5: 0.48871635 | N5: 0.48305353 | O5: 0.48305353 | P5: 0.48305353 | Q5: 0.48444135 | R5: 0.48444135 | S5: 0.48444135 | T5: 0.47781202 | U5: 0.47781202 | V5: 0.47781202 | W5: 0.48570939 | X5: 0.48570939 | Y5: 0.48570939 | Z5: 0.4826157 | AA5: 0.4826157 | AB5: 0.4826157 | AC5: 0.48146744 | AD5: 0.48146744 | AE5: 0.48146744 | AF5: 0.47687028 | AG5: 0.47687028 | AH5: 0.47687028 | AI5: 0.47210376 | AJ5: 0.47210376 | AK5: 0.47210376 | AL5: 0.47748571 | AM5: 0.47748571 | AN5: 0.47748571 | AO5: 0.48028614 | AP5: 0.48028614 | AQ5: 0.48028614 | AR5: 0.48488331 | AS5: 0.48488331 | AT5: 0.48488331 | AU5: 0.47860919 | AV5: 0.47860919 | AW5: 0.47860919 | AX5: 0.48128571 | AY5: 0.48128571 | AZ5: 0.48128571 | BA5: 0.48316092 | BB5: 0.48316092 | BC5: 0.48316092 | BD5: 0.48550287 | BE5: 0.48550287 | BF5: 0.48550287 | BG5: 0.48307418 | BH5: 0.48307418 | BI5: 0.48307418 | BJ5: 0.47948071 | BK5: 0.47948071 | BL5: 0.47948071 | BM5: 0.47886941 | BN5: 0.47886941 | BO5: 0.47886941 | BP5: 0.48294201 | BQ5: 0.48294201 | BR5: 0.48294201 | BS5: 0.48233896 | BT5: 0.48233896 | BU5: 0.48233896 | BV5: 0.48197549 | BW5: 0.48197549 | BX5: 0.48197549 | BY5: 0.48005897 | BZ5: 0.48005897 | CA5: 0.48005897 | CB5: 0.48395396 | CC5: 0.48395396 | CD5: 0.48395396 | CE5: 0.4784068 | CF5: 0.4784068 | CG5: 0.4784068 | CH5: 0.48204983 | CI5: 0.48204983 | CJ5: 0.48204983 | CK5: 0.48042245 | CL5: 0.48042245 | CM5: 0.48042245 | CN5: 0.48211179 | CO5: 0.48211179 | CP5: 0.48211179 | CQ5: 0.48609765 | CR5: 0.48609765 | CS5: 0.48609765 | CT5: 0.4823431 | CU5: 0.4823431 | CV5: 0.4823431 | CW5: 0.48237614 | CX5: 0.48237614 | CY5: 0.48237614 | CZ5: 0.48069505 | DA5: 0.48069505 | DB5: 0.48069505 | DC5: 0.48370201 | DD5: 0.48370201 | DE5: 0.48370201 | DF5: 0.48410679 | DG5: 0.48410679 | DH5: 0.48410679 | DI5: 0.48659744 | DJ5: 0.48659744 | DK5: 0.48659744 | DL5: 0.48269418 | DM5: 0.48269418 | DN5: 0.48269418
A6: BF | B6: 0.59672526 | C6: 0.59672526 | D6: 2.0863465 | E6: 0.57708685 | F6: 0.57708685 | G6: 2.0666787 | H6: 0.56741103 | I6: 0.56741103 | J6: 2.0687921 | K6: 0.57496263 | L6: 0.57496263 | M6: 2.0723461 | N6: 0.56731012 | O6: 0.56731012 | P6: 2.0647961 | Q6: 0.56990698 | R6: 0.56990698 | S6: 2.0661319 | T6: 0.56537708 | U6: 0.56537708 | V6: 2.0625454 | W6: 0.57257288 | X6: 0.57257288 | Y6: 2.0673495 | Z6: 0.58729904 | AA6: 0.58729904 | AB6: 2.0802281 | AC6: 0.56547267 | AD6: 0.56547267 | AE6: 2.0761657 | AF6: 0.55321061 | AG6: 0.55321061 | AH6: 2.0641028 | AI6: 0.55699173 | AJ6: 0.55699173 | AK6: 2.0850483 | AL6: 0.56048076 | AM6: 0.56048076 | AN6: 2.0664943 | AO6: 0.56180308 | AP6: 0.56180308 | AQ6: 2.0698201 | AR6: 0.57374651 | AS6: 0.57374651 | AT6: 2.0915386 | AU6: 0.55466571 | AV6: 0.55466571 | AW6: 2.0871045 | AX6: 0.56378923 | AY6: 0.56378923 | AZ6: 2.0686034 | BA6: 0.56481417 | BB6: 0.56481417 | BC6: 2.0694041 | BD6: 0.56697025 | BE6: 0.56697025 | BF6: 2.0723002 | BG6: 0.56413442 | BH6: 0.56413442 | BI6: 2.0694445 | BJ6: 0.56064007 | BK6: 0.56064007 | BL6: 2.0680511 | BM6: 0.54577584 | BN6: 0.54577584 | BO6: 2.0813652 | BP6: 0.56213234 | BQ6: 0.56213234 | BR6: 2.0642152 | BS6: 0.56338032 | BT6: 0.56338032 | BU6: 2.0689634 | BV6: 0.56129858 | BW6: 0.56129858 | BX6: 2.0724911 | BY6: 0.55917967 | BZ6: 0.55917967 | CA6: 2.0635922 | CB6: 0.56194647 | CC6: 0.56194647 | CD6: 2.0750673 | CE6: 0.56638078 | CF6: 0.56638078 | CG6: 2.0679399 | CH6: 0.56267401 | CI6: 0.56267401 | CJ6: 2.0634042 | CK6: 0.55921685 | CL6: 0.55921685 | CM6: 2.0699512 | CN6: 0.56205799 | CO6: 0.56205799 | CP6: 2.0698964 | CQ6: 0.56732075 | CR6: 0.56732075 | CS6: 2.075635 | CT6: 0.56328473 | CU6: 0.56328473 | CV6: 2.0686915 | CW6: 0.5640282 | CX6: 0.5640282 | CY6: 2.0708117 | CZ6: 0.56159597 | DA6: 0.56159597 | DB6: 2.0726011 | DC6: 0.56511687 | DD6: 0.56511687 | DE6: 2.0764934 | DF6: 0.55980632 | DG6: 0.55980632 | DH6: 2.0751612 | DI6: 0.57073543 | DJ6: 0.57073543 | DK6: 2.0711823 | DL6: 0.56351839 | DM6: 0.56351839 | DN6: 2.069368
A7: BH2 | B7: 0.76138417 | C7: 1.2563611 | D7: 2.0949678 | E7: 0.73625465 | F7: 1.2107214 | G7: 2.060566 | H7: 0.71275016 | I7: 1.1880542 | J7: 2.0599394 | K7: 0.72367927 | L7: 1.200961 | M7: 2.0741823 | N7: 0.71384413 | O7: 1.1883804 | P7: 2.0543208 | Q7: 0.71803947 | R7: 1.1925545 | S7: 2.0586011 | T7: 0.7283738 | U7: 1.2198062 | V7: 2.072058 | W7: 0.72236225 | X7: 1.1984034 | Y7: 2.0605448 | Z7: 0.74084297 | AA7: 1.2053695 | AB7: 2.0773049 | AC7: 0.71875108 | AD7: 1.2058273 | AE7: 2.0864178 | AF7: 0.68332971 | AG7: 1.1598239 | AH7: 2.0493714 | AI7: 0.71657375 | AJ7: 1.2002117 | AK7: 2.0933109 | AL7: 0.70176794 | AM7: 1.1792853 | AN7: 2.0600881 | AO7: 0.70150241 | AP7: 1.1815052 | AQ7: 2.047672 | AR7: 0.72596281 | AS7: 1.220763 | AT7: 2.1087964 | AU7: 0.69086007 | AV7: 1.1786444 | AW7: 2.0815427 | AX7: 0.7054747 | AY7: 1.1798306 | AZ7: 2.0544589 | BA7: 0.70627129 | BB7: 1.1837709 | BC7: 2.0544907 | BD7: 0.71518239 | BE7: 1.1907091 | BF7: 2.0650694 | BG7: 0.71151811 | BH7: 1.1901773 | BI7: 2.0568061 | BJ7: 0.70731215 | BK7: 1.1857322 | BL7: 2.0505609 | BM7: 0.69367466 | BN7: 1.1698227 | BO7: 2.0487023 | BP7: 0.71893164 | BQ7: 1.1886025 | BR7: 2.0594402 | BS7: 0.71199606 | BT7: 1.1870228 | BU7: 2.0522922 | BV7: 0.71150749 | BW7: 1.1976867 | BX7: 2.0562432 | BY7: 0.71272892 | BZ7: 1.1855234 | CA7: 2.0598863 | CB7: 0.72236225 | CC7: 1.1909825 | CD7: 2.0692966 | CE7: 0.72935094 | CF7: 1.2002651 | CG7: 2.0800664 | CH7: 0.71432208 | CI7: 1.1883697 | CJ7: 2.0594933 | CK7: 0.70342483 | CL7: 1.1762255 | CM7: 2.0518036 | CN7: 0.70399837 | CO7: 1.1807309 | CP7: 2.0522285 | CQ7: 0.71832624 | CR7: 1.1918368 | CS7: 2.0651225 | CT7: 0.71173053 | CU7: 1.1867734 | CV7: 2.0523028 | CW7: 0.71348301 | CX7: 1.1868932 | CY7: 2.0514637 | CZ7: 0.70972314 | DA7: 1.1874573 | DB7: 2.0537791 | DC7: 0.71627636 | DD7: 1.1959459 | DE7: 2.0603642 | DF7: 0.71646754 | DG7: 1.1923475 | DH7: 2.0526958 | DI7: 0.73368435 | DJ7: 1.2093828 | DK7: 2.0767313 | DL7: 0.71485314 | DM7: 1.1852224 | DN7: 2.0581019
A8: BH2F | B8: 0.53523839 | C8: 1.1152966 | D8: 2.6399971 | E8: 0.52112162 | F8: 1.0960034 | G8: 2.6232289 | H8: 0.50882172 | I8: 1.0950462 | J8: 2.6226945 | K8: 0.51636801 | L8: 1.1025925 | M8: 2.6300035 | N8: 0.51088487 | O8: 1.0927786 | P8: 2.6204622 | Q8: 0.51292014 | R8: 1.0947488 | S8: 2.6223824 | T8: 0.50621026 | U8: 1.0891959 | V8: 2.6199092 | W8: 0.51535502 | X8: 1.0966075 | Y8: 2.623856 | Z8: 0.5194395 | AA8: 1.1010916 | AB8: 2.6284663 | AC8: 0.50710707 | AD8: 1.1033034 | AE8: 2.6284403 | AF8: 0.4970562 | AG8: 1.0890054 | AH8: 2.6164015 | AI8: 0.4969772 | AJ8: 1.0998276 | AK8: 2.6204539 | AL8: 0.5036592 | AM8: 1.0931317 | AN8: 2.6194968 | AO8: 0.5061452 | AP8: 1.089642 | AQ8: 2.6161572 | AR8: 0.5114843 | AS8: 1.1132149 | AT8: 2.6360569 | AU8: 0.50061559 | AV8: 1.1049948 | AW8: 2.6290915 | AX8: 0.50645653 | AY8: 1.0906922 | AZ8: 2.6185346 | BA8: 0.50837563 | BB8: 1.0926438 | BC8: 2.6197896 | BD8: 0.51018321 | BE8: 1.0949858 | BF8: 2.6245844 | BG8: 0.50764145 | BH8: 1.091826 | BI8: 2.6211861 | BJ8: 0.50422145 | BK8: 1.0876253 | BL8: 2.6175156 | BM8: 0.49293454 | BN8: 1.0778533 | BO8: 2.6134081 | BP8: 0.50689797 | BQ8: 1.0891216 | BR8: 2.6200792 | BS8: 0.5077855 | BT8: 1.0886662 | BU8: 2.6185798 | BV8: 0.50567123 | BW8: 1.0903576 | BX8: 2.6203549 | BY8: 0.50339434 | BZ8: 1.0901996 | CA8: 2.6188207 | CB8: 0.50976965 | CC8: 1.0945025 | CD8: 2.6266929 | CE8: 0.50929569 | CF8: 1.0959987 | CG8: 2.6236083 | CH8: 0.50754851 | CI8: 1.0903111 | CJ8: 2.6192292 | CK8: 0.50313877 | CL8: 1.0865008 | CM8: 2.6165684 | CN8: 0.50616379 | CO8: 1.0901113 | CP8: 2.618296 | CQ8: 0.51234394 | CR8: 1.0951949 | CS8: 2.6252408 | CT8: 0.50769256 | CU8: 1.0886894 | CV8: 2.618578 | CW8: 0.50921204 | CX8: 1.0889775 | CY8: 2.6189182 | CZ8: 0.50539243 | DA8: 1.0878855 | DB8: 2.6180763 | DC8: 0.51058748 | DD8: 1.0934849 | DE8: 2.6399169 | DF8: 0.50908194 | DG8: 1.0895165 | DH8: 2.6239244 | DI8: 0.51466731 | DJ8: 1.0994698 | DK8: 2.6424804 | DL8: 0.5084918 | DM8: 1.0920908 | DN8: 2.622583
A9: BH3 | B9: 1.852051 | C9: 1.8519962 | D9: 0.71129374 | E9: 1.8198956 | F9: 1.8198409 | G9: 0.68830171 | H9: 1.8194217 | I9: 1.8193669 | J9: 0.66682452 | K9: 1.8279903 | L9: 1.8279355 | M9: 0.67480761 | N9: 1.8113271 | O9: 1.8112723 | P9: 0.66719626 | Q9: 1.8150816 | R9: 1.8150269 | S9: 0.67077424 | T9: 1.818037 | U9: 1.8179822 | V9: 0.66879474 | W9: 1.8177396 | X9: 1.8176941 | Y9: 0.67456598 | Z9: 1.8312987 | AA9: 1.8312532 | AB9: 0.6898909 | AC9: 1.8329251 | AD9: 1.8328703 | AE9: 0.66547697 | AF9: 1.8045243 | AG9: 1.8044695 | AH9: 0.64606293 | AI9: 1.83365 | AJ9: 1.8335859 | AK9: 0.66296773 | AL9: 1.8168939 | AM9: 1.8168112 | AN9: 0.65916671 | AO9: 1.8073402 | AP9: 1.8072389 | AQ9: 0.65854405 | AR9: 1.8538818 | AS9: 1.8538271 | AT9: 0.67414777 | AU9: 1.8338451 | AV9: 1.8337904 | AW9: 0.65276351 | AX9: 1.8121356 | AY9: 1.8121366 | AZ9: 0.66294915 | BA9: 1.8123308 | BB9: 1.8122853 | BC9: 0.66061649 | BD9: 1.8205462 | BE9: 1.8204914 | BF9: 0.66937093 | BG9: 1.8148679 | BH9: 1.8148224 | BI9: 0.66570931 | BJ9: 1.8098401 | BK9: 1.8097853 | BL9: 0.66209415 | BM9: 1.8075446 | BN9: 1.8074899 | BO9: 0.65575601 | BP9: 1.814682 | BQ9: 1.8146272 | BR9: 0.67017017 | BS9: 1.8107695 | BT9: 1.810724 | BU9: 0.66760517 | BV9: 1.8148958 | BW9: 1.8148503 | BX9: 0.66473349 | BY9: 1.8109275 | BZ9: 1.8108727 | CA9: 0.66280045 | CB9: 1.8225164 | CC9: 1.8224523 | CD9: 0.67464962 | CE9: 1.8264382 | CF9: 1.8263835 | CG9: 0.67262364 | CH9: 1.8150909 | CI9: 1.8150454 | CJ9: 0.66800479 | CK9: 1.8100539 | CL9: 1.8100456 | CM9: 0.66221496 | CN9: 1.8105093 | CO9: 1.8104638 | CP9: 0.65951986 | CQ9: 1.8224328 | CR9: 1.822378 | CS9: 0.67433364 | CT9: 1.8107416 | CU9: 1.8106868 | CV9: 0.66736354 | CW9: 1.8107973 | CX9: 1.8107519 | CY9: 0.66968691 | CZ9: 1.8113921 | DA9: 1.8113466 | DB9: 0.66485431 | DC9: 1.8181949 | DD9: 1.8181402 | DE9: 0.67060696 | DF9: 1.8161597 | DG9: 1.8160956 | DH9: 0.67286527 | DI9: 1.8287244 | DJ9: 1.8286697 | DK9: 0.67968667 | DL9: 1.8173399 | DM9: 1.8172945 | DN9: 0.67128538
A10: BHF2 | B10: 0.470686 | C10: 3.9683736 | D10: 1.1940773 | E10: 0.45989319 | F10: 3.9599351 | G10: 1.1802945 | H10: 0.45074532 | I10: 3.9584482 | J10: 1.1793896 | K10: 0.4580314 | L10: 3.9656816 | M10: 1.1864652 | N10: 0.45317401 | O10: 3.9564625 | P10: 1.1792829 | Q10: 0.4547508 | R10: 3.9585783 | S10: 1.1805943 | T10: 0.44695049 | U10: 3.9624753 | V10: 1.1724991 | W10: 0.45669004 | X10: 3.9595076 | Y10: 1.1820054 | Z10: 0.45898243 | AA10: 3.9615956 | AB10: 1.1833777 | AC10: 0.44888973 | AD10: 3.9595572 | AE10: 1.1837322 | AF10: 0.4420993 | AG10: 3.9496194 | AH10: 1.1761256 | AI10: 0.43681442 | AJ10: 3.94356 | AK10: 1.1770733 | AL10: 0.44647962 | AM10: 3.9561217 | AN10: 1.1766661 | AO10: 0.4496456 | AP10: 3.9543436 | AQ10: 1.176196 | AR10: 0.45153527 | AS10: 3.962655 | AT10: 1.1893645 | AU10: 0.4441005 | AV10: 3.9556818 | AW10: 1.1855439 | AX10: 0.44891761 | AY10: 3.9574383 | AZ10: 1.1757562 | BA10: 0.4520526 | BB10: 3.9581291 | BC10: 1.1789623 | BD10: 0.45201853 | BE10: 3.9660967 | BF10: 1.1793345 | BG10: 0.44980359 | BH10: 3.9615708 | BI10: 1.1771597 | BJ10: 0.44656636 | BK10: 3.959424 | BL10: 1.1732779 | BM10: 0.43520975 | BN10: 3.9707341 | BO10: 1.1619735 | BP10: 0.44819582 | BQ10: 3.9661989 | BR10: 1.17406 | BS10: 0.44943804 | BT10: 3.9609574 | BU10: 1.1743587 | BV10: 0.44783957 | BW10: 3.9647182 | BX10: 1.1748783 | BY10: 0.44544495 | BZ10: 3.9572989 | CA10: 1.1758872 | CB10: 0.45053157 | CC10: 3.9706567 | CD10: 1.1784976 | CE10: 0.4494969 | CF10: 3.9622399 | CG10: 1.1783068 | CH10: 0.44899815 | CI10: 3.9620447 | CJ10: 1.1746361 | CK10: 0.44524669 | CL10: 3.9604772 | CM10: 1.1714716 | CN10: 0.44967657 | CO10: 3.9589717 | CP10: 1.1763381 | CQ10: 0.4533351 | CR10: 3.9688104 | CS10: 1.1789985 | CT10: 0.44939777 | CU10: 3.9609202 | CV10: 1.1743931 | CW10: 0.45055016 | CX10: 3.9612517 | CY10: 1.1748436 | CZ10: 0.4472231 | DA10: 3.9600126 | DB10: 1.1734634 | DC10: 0.45213624 | DD10: 3.9655608 | DE10: 1.1781964 | DF10: 0.4503519 | DG10: 3.9709789 | DH10: 1.1744514 | DI10: 0.45458042 | DJ10: 3.9663662 | DK10: 1.1816976 | DL10: 0.44933581 | DM10: 3.9629896 | DN10: 1.1768447
A11: BO | B11: 0.61934494 | C11: 0.61934494 | D11: 1.8400559 | E11: 0.60512165 | F11: 0.60512165 | G11: 1.8198569 | H11: 0.59731514 | I11: 0.59731514 | J11: 1.8167433 | K11: 0.60476135 | L11: 0.60476135 | M11: 1.8213178 | N11: 0.59745812 | O11: 0.59745812 | P11: 1.8135995 | Q11: 0.59959704 | R11: 0.59959704 | S11: 1.8157543 | T11: 0.59607411 | U11: 0.59607411 | V11: 1.8110105 | W11: 0.60194757 | X11: 0.60194757 | Y11: 1.8183084 | Z11: 0.60278828 | AA11: 0.60278828 | AB11: 1.8302596 | AC11: 0.59945979 | AD11: 0.59945979 | AE11: 1.8116124 | AF11: 0.58357797 | AG11: 0.58357797 | AH11: 1.8053005 | AI11: 0.58619158 | AJ11: 0.58619158 | AK11: 1.793247 | AL11: 0.59037793 | AM11: 0.59037793 | AN11: 1.8045722 | AO11: 0.59322602 | AP11: 0.59322602 | AQ11: 1.8103703 | AR11: 0.60503014 | AS11: 0.60503014 | AT11: 1.8160174 | AU11: 0.5878787 | AV11: 0.5878787 | AW11: 1.8084488 | AX11: 0.59412391 | AY11: 0.59412391 | AZ11: 1.8049762 | BA11: 0.59715501 | BB11: 0.59715501 | BC11: 1.8146752 | BD11: 0.59863624 | BE11: 0.59863624 | BF11: 1.8114809 | BG11: 0.59603979 | BH11: 0.59603979 | BI11: 1.8115868 | BJ11: 0.59257976 | BK11: 0.59257976 | BL11: 1.8083681 | BM11: 0.58242272 | BN11: 0.58242272 | BO11: 1.7858032 | BP11: 0.59690337 | BQ11: 0.59690337 | BR11: 1.8015851 | BS11: 0.59507899 | BT11: 0.59507899 | BU11: 1.8069689 | BV11: 0.59669748 | BW11: 0.59669748 | BX11: 1.8116126 | BY11: 0.59061813 | BZ11: 0.59061813 | CA11: 1.8076348 | CB11: 0.59970571 | CC11: 0.59970571 | CD11: 1.8065466 | CE11: 0.59987156 | CF11: 0.59987156 | CG11: 1.8019557 | CH11: 0.5949932 | CI11: 0.5949932 | CJ11: 1.8064377 | CK11: 0.5913902 | CL11: 0.5913902 | CM11: 1.7985563 | CN11: 0.59499892 | CO11: 0.59499892 | CP11: 1.8104757 | CQ11: 0.59958561 | CR11: 0.59958561 | CS11: 1.8107625 | CT11: 0.59501036 | CU11: 0.59501036 | CV11: 1.806954 | CW11: 0.59571952 | CX11: 0.59571952 | CY11: 1.8076819 | CZ11: 0.59371786 | DA11: 0.59371786 | DB11: 1.8047974 | DC11: 0.59907089 | DD11: 0.59907089 | DE11: 1.8116448 | DF11: 0.59569093 | DG11: 0.59569093 | DH11: 1.8037899 | DI11: 0.60560205 | DJ11: 0.60560205 | DK11: 1.8105573 | DL11: 0.59641153 | DM11: 0.59641153 | DN11: 1.8054674
A12: BS | B12: 0.69721503 | C12: 0.69721503 | D12: 2.2996227 | E12: 0.68104971 | F12: 0.68104971 | G12: 2.280621 | H12: 0.67505941 | I12: 0.67505941 | J12: 2.2766903 | K12: 0.68232425 | L12: 0.68232425 | M12: 2.2829214 | N12: 0.67389817 | O12: 0.67389817 | P12: 2.2721995 | Q12: 0.67616755 | R12: 0.67616755 | S12: 2.2747986 | T12: 0.67232625 | U12: 0.67232625 | V12: 2.2697811 | W12: 0.6781891 | X12: 0.6781891 | Y12: 2.277733 | Z12: 0.69267982 | AA12: 0.69267982 | AB12: 2.2933833 | AC12: 0.67917686 | AD12: 0.67917686 | AE12: 2.271262 | AF12: 0.66401701 | AG12: 0.66401701 | AH12: 2.2624262 | AI12: 0.67821034 | AJ12: 0.67821034 | AK12: 2.2547055 | AL12: 0.66908328 | AM12: 0.66908328 | AN12: 2.2609329 | AO12: 0.67182352 | AP12: 0.67182352 | AQ12: 2.2668269 | AR12: 0.69125659 | AS12: 0.69125659 | AT12: 2.2745307 | AU12: 0.6701383 | AV12: 0.6701383 | AW12: 2.2650333 | AX12: 0.67519395 | AY12: 0.67519395 | AZ12: 2.263712 | BA12: 0.67467351 | BB12: 0.67467351 | BC12: 2.2732821 | BD12: 0.68097537 | BE12: 0.68097537 | BF12: 2.2712706 | BG12: 0.67827761 | BH12: 0.67827761 | BI12: 2.2711984 | BJ12: 0.67428053 | BK12: 0.67428053 | BL12: 2.2664355 | BM12: 0.68247648 | BN12: 0.68247648 | BO12: 2.2387776 | BP12: 0.68134711 | BQ12: 0.68134711 | BR12: 2.2620453 | BS12: 0.67742084 | BT12: 0.67742084 | BU12: 2.2645941 | BV12: 0.68037704 | BW12: 0.68037704 | BX12: 2.2680614 | BY12: 0.67274401 | BZ12: 0.67274401 | CA12: 2.2647083 | CB12: 0.68516008 | CC12: 0.68516008 | CD12: 2.2670201 | CE12: 0.68096829 | CF12: 0.68096829 | CG12: 2.2596182 | CH12: 0.67702078 | CI12: 0.67702078 | CJ12: 2.2659288 | CK12: 0.67718363 | CL12: 0.67718363 | CM12: 2.2566975 | CN12: 0.67481159 | CO12: 0.67481159 | CP12: 2.2686928 | CQ12: 0.68250481 | CR12: 0.68250481 | CS12: 2.2663029 | CT12: 0.677435 | CU12: 0.677435 | CV12: 2.264919 | CW12: 0.67659593 | CX12: 0.67659593 | CY12: 2.2616614 | CZ12: 0.67734649 | DA12: 0.67734649 | DB12: 2.2594674 | DC12: 0.6811276 | DD12: 0.6811276 | DE12: 2.2631956 | DF12: 0.68029916 | DG12: 0.68029916 | DH12: 2.2599633 | DI12: 0.68790386 | DJ12: 0.68790386 | DK12: 2.267832 | DL12: 0.68016462 | DM12: 0.68016462 | DN12: 2.2639313
A13: Be | B13: 1.4936825 | C13: 1.4936825 | D13: 1.4936825 | E13: 1.4174017 | F13: 1.4174017 | G13: 1.4174017 | H13: 1.4132568 | I13: 1.4132568 | J13: 1.4132568 | K13: 1.4059894 | L13: 1.4059894 | M13: 1.4059894 | N13: 1.3863801 | O13: 1.3863801 | P13: 1.3863801 | Q13: 1.3945398 | R13: 1.3945398 | S13: 1.3945398 | T13: 1.4171787 | U13: 1.4171787 | V13: 1.4171787 | W13: 1.3984245 | X13: 1.3984245 | Y13: 1.3984245 | Z13: 1.5244438 | AA13: 1.5244438 | AB13: 1.5244438 | AC13: 1.4251153 | AD13: 1.4251153 | AE13: 1.4251153 | AF13: 1.3872537 | AG13: 1.3872537 | AH13: 1.3872537 | AI13: 1.456267 | AJ13: 1.456267 | AK13: 1.456267 | AL13: 1.3863801 | AM13: 1.3863801 | AN13: 1.3863801 | AO13: 1.3842055 | AP13: 1.3842055 | AQ13: 1.3842055 | AR13: 1.4822329 | AS13: 1.4822329 | AT13: 1.4822329 | AU13: 1.4061566 | AV13: 1.4061566 | AW13: 1.4061566 | AX13: 1.4019002 | AY13: 1.4052645 | AZ13: 1.4019002 | BA13: 1.3876069 | BB13: 1.3876069 | BC13: 1.3876069 | BD13: 1.4002274 | BE13: 1.4002274 | BF13: 1.4002274 | BG13: 1.3953762 | BH13: 1.3953762 | BI13: 1.3953762 | BJ13: 1.3967888 | BK13: 1.3967888 | BL13: 1.3967888 | BM13: 1.4041307 | BN13: 1.4041307 | BO13: 1.4041307 | BP13: 1.3854694 | BQ13: 1.3854694 | BR13: 1.3854694 | BS13: 1.3952647 | BT13: 1.3952647 | BU13: 1.3952647 | BV13: 1.3884247 | BW13: 1.3884247 | BX13: 1.3884247 | BY13: 1.400469 | BZ13: 1.400469 | CA13: 1.400469 | CB13: 1.3975137 | CC13: 1.3975137 | CD13: 1.3975137 | CE13: 1.4463416 | CF13: 1.4463416 | CG13: 1.4463416 | CH13: 1.3906737 | CI13: 1.3906737 | CJ13: 1.3906737 | CK13: 1.4000973 | CL13: 1.4000973 | CM13: 1.4000973 | CN13: 1.3880158 | CO13: 1.3880158 | CP13: 1.3880158 | CQ13: 1.401324 | CR13: 1.401324 | CS13: 1.401324 | CT13: 1.3945584 | CU13: 1.3945584 | CV13: 1.3945584 | CW13: 1.3927369 | CX13: 1.3927369 | CY13: 1.3927369 | CZ13: 1.4166768 | DA13: 1.4166768 | DB13: 1.4166768 | DC13: 1.3955807 | DD13: 1.3955807 | DE13: 1.3955807 | DF13: 1.4038333 | DG13: 1.4038333 | DH13: 1.4038333 | DI13: 1.4171973 | DJ13: 1.4171973 | DK13: 1.4171973 | DL13: 1.4077923 | DM13: 1.4077923 | DN13: 1.4077923
A14: BeH | B14: 1.0808669 | C14: 1.0808669 | D14: 2.7183015 | E14: 1.0424737 | F14: 1.0424737 | G14: 2.634094 | H14: 1.0241247 | I14: 1.0241247 | J14: 2.6317615 | K14: 1.0196936 | L14: 1.0196936 | M14: 2.6309713 | N14: 1.0067273 | O14: 1.0067273 | P14: 2.6182175 | Q14: 1.0135822 | R14: 1.0135822 | S14: 2.6219249 | T14: 1.0364218 | U14: 1.0364218 | V14: 2.6851892 | W14: 1.0207047 | X14: 1.0207047 | Y14: 2.6253252 | Z14: 1.0635141 | AA14: 1.0635141 | AB14: 2.630238 | AC14: 1.0553953 | AD14: 1.0553953 | AE14: 2.6983115 | AF14: 0.96818549 | AG14: 0.96818549 | AH14: 2.6103727 | AI14: 1.0571648 | AJ14: 1.0571648 | AK14: 2.6769723 | AL14: 0.99556031 | AM14: 0.99556031 | AN14: 2.6367599 | AO14: 0.9901478 | AP14: 0.9901478 | AQ14: 2.6230037 | AR14: 1.0455368 | AS14: 1.0455368 | AT14: 2.7239734 | AU14: 0.99642274 | AV14: 0.99642274 | AW14: 2.6923828 | AX14: 1.0026382 | AY14: 1.0026382 | AZ14: 2.6237823 | BA14: 1.0015676 | BB14: 1.0015676 | BC14: 2.6133018 | BD14: 1.0054932 | BE14: 1.0054932 | BF14: 2.6325696 | BG14: 1.00585 | BH14: 1.00585 | BI14: 2.6418297 | BJ14: 1.0043333 | BK14: 1.0043333 | BL14: 2.6462248 | BM14: 0.96980627 | BN14: 0.96980627 | BO14: 2.6538041 | BP14: 1.0137904 | BQ14: 1.0137904 | BR14: 2.612046 | BS14: 1.0040062 | BT14: 1.0040062 | BU14: 2.630544 | BV14: 1.0045415 | BW14: 1.0045415 | BX14: 2.6665894 | BY14: 1.0065786 | BZ14: 1.0065786 | CA14: 2.6245998 | CB14: 1.0144149 | CC14: 1.0144149 | CD14: 2.6696001 | CE14: 1.0668449 | CF14: 1.0668449 | CG14: 2.6472898 | CH14: 1.006653 | CI14: 1.006653 | CJ14: 2.6333705 | CK14: 0.99712161 | CL14: 0.99712161 | CM14: 2.6259271 | CN14: 0.99837065 | CO14: 0.99837065 | CP14: 2.6157097 | CQ14: 1.0051512 | CR14: 1.0051512 | CS14: 2.6420386 | CT14: 1.0035155 | CU14: 1.0035155 | CV14: 2.6294019 | CW14: 1.0031735 | CX14: 1.0031735 | CY14: 2.6360378 | CZ14: 1.0056121 | DA14: 1.0056121 | DB14: 2.6702562 | DC14: 1.0018947 | DD14: 1.0018947 | DE14: 2.6684327 | DF14: 1.000378 | DG14: 1.000378 | DH14: 2.6711641 | DI14: 1.0509642 | DJ14: 1.0509642 | DK14: 2.6591928 | DL14: 1.0151732 | DM14: 1.0151732 | DN14: 2.6464946
A15: BeH2 | B15: 0.89717848 | C15: 0.89717848 | D15: 3.5840849 | E15: 0.85828224 | F15: 0.85828224 | G15: 3.5413722 | H15: 0.83087272 | I15: 0.83087272 | J15: 3.5767121 | K15: 0.83838184 | L15: 0.83838184 | M15: 3.5758943 | N15: 0.82872903 | O15: 0.82872903 | P15: 3.5480511 | Q15: 0.83367315 | R15: 0.83367315 | S15: 3.5525243 | T15: 0.8335988 | U15: 0.8335988 | V15: 3.5666256 | W15: 0.83905097 | X15: 0.83905097 | Y15: 3.5519543 | Z15: 0.85373464 | AA15: 0.85373464 | AB15: 3.6005158 | AC15: 0.83187642 | AD15: 0.83187642 | AE15: 3.6594487 | AF15: 0.80001843 | AG15: 0.80001843 | AH15: 3.5537015 | AI15: 0.82988142 | AJ15: 0.82988142 | AK15: 3.6198214 | AL15: 0.81828318 | AM15: 0.81828318 | AN15: 3.5863525 | AO15: 0.81659796 | AP15: 0.81659796 | AQ15: 3.5472209 | AR15: 0.84392074 | AS15: 0.84392074 | AT15: 3.6783826 | AU15: 0.80934906 | AV15: 0.80934906 | AW15: 3.6492011 | AX15: 0.82341317 | AY15: 0.82341317 | AZ15: 3.5662291 | BA15: 0.8169697 | BB15: 0.8169697 | BC15: 3.5485219 | BD15: 0.82808468 | BE15: 0.82808468 | BF15: 3.5725734 | BG15: 0.82387165 | BH15: 0.82387165 | BI15: 3.5633667 | BJ15: 0.82011709 | BK15: 0.82011709 | BL15: 3.563156 | BM15: 0.80171603 | BN15: 0.80171603 | BO15: 3.5782115 | BP15: 0.82504882 | BQ15: 0.82504882 | BR15: 3.5481626 | BS15: 0.82617642 | BT15: 0.82617642 | BU15: 3.5535032 | BV15: 0.81872926 | BW15: 0.81872926 | BX15: 3.5631065 | BY15: 0.81532166 | BZ15: 0.81532166 | CA15: 3.537122 | CB15: 0.83026555 | CC15: 0.83026555 | CD15: 3.599859 | CE15: 0.83788619 | CF15: 0.83788619 | CG15: 3.617529 | CH15: 0.82620121 | CI15: 0.82620121 | CJ15: 3.5664769 | CK15: 0.81897709 | CL15: 0.81897709 | CM15: 3.5670965 | CN15: 0.81457818 | CO15: 0.81457818 | CP15: 3.5507772 | CQ15: 0.83248359 | CR15: 0.83248359 | CS15: 3.5762165 | CT15: 0.82573034 | CU15: 0.82573034 | CV15: 3.553243 | CW15: 0.82889012 | CX15: 0.82889012 | CY15: 3.5547424 | CZ15: 0.82665969 | DA15: 0.82665969 | DB15: 3.5737382 | DC15: 0.82757664 | DD15: 0.82757664 | DE15: 3.574333 | DF15: 0.82582947 | DG15: 0.82582947 | DH15: 3.6205896 | DI15: 0.8411327 | DJ15: 0.8411327 | DK15: 3.5917923 | DL15: 0.83300402 | DM15: 0.83300402 | DN15: 3.5813217
... A87: SiO | B87: 0.57530926 | C87: 0.57530926 | D87: 2.5796615 | E87: 0.55894939 | F87: 0.55894939 | G87: 2.5642875 | H87: 0.5547555 | I87: 0.5547555 | J87: 2.5678156 | K87: 0.56058842 | L87: 0.56058842 | M87: 2.5728949 | N87: 0.5544277 | O87: 0.5544277 | P87: 2.5636499 | Q87: 0.55628639 | R87: 0.55628639 | S87: 2.5656452 | T87: 0.54995332 | U87: 0.54995332 | V87: 2.5658813 | W87: 0.55851006 | X87: 0.55851006 | Y87: 2.567329 | Z87: 0.57147022 | AA87: 0.57147022 | AB87: 2.5793471 | AC87: 0.5536538 | AD87: 0.5536538 | AE87: 2.5779433 | AF87: 0.54391426 | AG87: 0.54391426 | AH87: 2.5651536 | AI87: 0.54883134 | AJ87: 0.54883134 | AK87: 2.5533997 | AL87: 0.54928757 | AM87: 0.54928757 | AN87: 2.5689492 | AO87: 0.55272108 | AP87: 0.55272108 | AQ87: 2.5688222 | AR87: 0.5645525 | AS87: 0.5645525 | AT87: 2.5947175 | AU87: 0.54598247 | AV87: 0.54598247 | AW87: 2.5814822 | AX87: 0.55283598 | AY87: 0.55283598 | AZ87: 2.5679492 | BA87: 0.55483323 | BB87: 0.55483323 | BC87: 2.5683036 | BD87: 0.55421479 | BE87: 0.55421479 | BF87: 2.5733676 | BG87: 0.55256224 | BH87: 0.55256224 | BI87: 2.5707312 | BJ87: 0.54940585 | BK87: 0.54940585 | BL87: 2.56885 | BM87: 0.53623617 | BN87: 0.53623617 | BO87: 2.5886258 | BP87: 0.55001077 | BQ87: 0.55001077 | BR87: 2.5663153 | BS87: 0.55139972 | BT87: 0.55139972 | BU87: 2.569523 | BV87: 0.54999049 | BW87: 0.54999049 | BX87: 2.5762451 | BY87: 0.54384329 | BZ87: 0.54384329 | CA87: 2.5659116 | CB87: 0.55116654 | CC87: 0.55116654 | CD87: 2.5749366 | CE87: 0.55487378 | CF87: 0.55487378 | CG87: 2.5710435 | CH87: 0.55071707 | CI87: 0.55071707 | CJ87: 2.5671017 | CK87: 0.54889555 | CL87: 0.54889555 | CM87: 2.5703251 | CN87: 0.55244058 | CO87: 0.55244058 | CP87: 2.5692057 | CQ87: 0.55340373 | CR87: 0.55340373 | CS87: 2.5759955 | CT87: 0.55137944 | CU87: 0.55137944 | CV87: 2.5694606 | CW87: 0.55135916 | CX87: 0.55135916 | CY87: 2.5695733 | CZ87: 0.54909832 | DA87: 0.54909832 | DB87: 2.5704393 | DC87: 0.55274811 | DD87: 0.55274811 | DE87: 2.5761375 | DF87: 0.54885838 | DG87: 0.54885838 | DH87: 2.5707295 | DI87: 0.55661757 | DJ87: 0.55661757 | DK87: 2.571377 | DL87: 0.55147406 | DM87: 0.55147406 | DN87: 2.5650062

Sheet combine_values
A1: method | B1: CCSD\(T\) | C1: CCSD\(T\) | D1: CCSD\(T\) | F1: HF | G1: HF | H1: HF | I1: MP2 | J1: MP2 | K1: MP2 | L1: CCSD | M1: CCSD | N1: CCSD | O1: Slater | P1: Slater | Q1: Slater | R1: SPW92 | S1: SPW92 | T1: SPW92 | U1: B97-D3 | V1: B97-D3 | W1: B97-D3 | X1: BLYP | Y1: BLYP | Z1: BLYP | AA1: BPBE | AB1: BPBE | AC1: BPBE | AD1: mPW91 | AE1: mPW91 | AF1: mPW91 | AG1: N12 | AH1: N12 | AI1: N12 | AJ1: PBE | AK1: PBE | AL1: PBE | AM1: SOGGA11 | AN1: SOGGA11 | AO1: SOGGA11 | AP1: B97M-V | AQ1: B97M-V | AR1: B97M-V | AS1: M06-L | AT1: M06-L | AU1: M06-L | AV1: M11-L | AW1: M11-L | AX1: M11-L | AY1: mBEEF | AZ1: mBEEF | BA1: mBEEF | BB1: MGGA_MS2 | BC1: MGGA_MS2 | BD1: MGGA_MS2 | BE1: MN15-L | BF1: MN15-L | BG1: MN15-L | BH1: revM06-L | BI1: revM06-L | BJ1: revM06-L | BK1: SCAN | BL1: SCAN | BM1: SCAN | BN1: TPSS | BO1: TPSS | BP1: TPSS | BQ1: B3LYP | BR1: B3LYP | BS1: B3LYP | BT1: B97 | BU1: B97 | BV1: B97 | BW1: B97-2 | BX1: B97-2 | BY1: B97-2 | BZ1: HFLYP | CA1: HFLYP | CB1: HFLYP | CC1: M06-2X | CD1: M06-2X | CE1: M06-2X | CF1: PBE0 | CG1: PBE0 | CH1: PBE0 | CI1: SOGGA11-X | CJ1: SOGGA11-X | CK1: SOGGA11-X | CL1: M06 | CM1: M06 | CN1: M06 | CO1: M08-HX | CP1: M08-HX | CQ1: M08-HX | CR1: MN15 | CS1: MN15 | CT1: MN15 | CU1: PW6B95 | CV1: PW6B95 | CW1: PW6B95 | CX1: SCAN0 | CY1: SCAN0 | CZ1: SCAN0 | DA1: TPSSh | DB1: TPSSh | DC1: TPSSh | DD1: CAM-B3LYP | DE1: CAM-B3LYP | DF1: CAM-B3LYP | DG1: HSE-HJS | DH1: HSE-HJS | DI1: HSE-HJS | DJ1: LRC-wPBEh | DK1: LRC-wPBEh | DL1: LRC-wPBEh | DM1: wB97X-D | DN1: wB97X-D | DO1: wB97X-D | DP1: wB97X-V | DQ1: wB97X-V | DR1: wB97X-V | DS1: M11 | DT1: M11 | DU1: M11 | DV1: wB97M-V | DW1: wB97M-V | DX1: wB97M-V | DY1: wM05-D | DZ1: wM05-D | EA1: wM05-D | EB1: B2GPPLYP | EC1: B2GPPLYP | ED1: B2GPPLYP | EE1: DSDPBE | EF1: DSDPBE | EG1: DSDPBE | EH1: PTPSS | EI1: PTPSS | EJ1: PTPSS | EK1: wB97X-2TQZ | EL1: wB97X-2TQZ | EM1: wB97X-2TQZ | EN1: B2PLYP | EO1: B2PLYP | EP1: B2PLYP | EQ1: XYG3 | ER1: XYG3 | ES1: XYG3 | ET1: XYGJOS | EU1: XYGJOS | EV1: XYGJOS | EW1: wB97M2 | EX1: wB97M2 | EY1: wB97M2
A2: component | B2: XX | C2: YY | D2: ZZ | F2: XX | G2: YY | H2: ZZ | I2: XX | J2: YY | K2: ZZ | L2: XX | M2: YY | N2: ZZ | O2: XX | P2: YY | Q2: ZZ | R2: XX | S2: YY | T2: ZZ | U2: XX | V2: YY | W2: ZZ | X2: XX | Y2: YY | Z2: ZZ | AA2: XX | AB2: YY | AC2: ZZ | AD2: XX | AE2: YY | AF2: ZZ | AG2: XX | AH2: YY | AI2: ZZ | AJ2: XX | AK2: YY | AL2: ZZ | AM2: XX | AN2: YY | AO2: ZZ | AP2: XX | AQ2: YY | AR2: ZZ | AS2: XX | AT2: YY | AU2: ZZ | AV2: XX | AW2: YY | AX2: ZZ | AY2: XX | AZ2: YY | BA2: ZZ | BB2: XX | BC2: YY | BD2: ZZ | BE2: XX | BF2: YY | BG2: ZZ | BH2: XX | BI2: YY | BJ2: ZZ | BK2: XX | BL2: YY | BM2: ZZ | BN2: XX | BO2: YY | BP2: ZZ | BQ2: XX | BR2: YY | BS2: ZZ | BT2: XX | BU2: YY | BV2: ZZ | BW2: XX | BX2: YY | BY2: ZZ | BZ2: XX | CA2: YY | CB2: ZZ | CC2: XX | CD2: YY | CE2: ZZ | CF2: XX | CG2: YY | CH2: ZZ | CI2: XX | CJ2: YY | CK2: ZZ | CL2: XX | CM2: YY | CN2: ZZ | CO2: XX | CP2: YY | CQ2: ZZ | CR2: XX | CS2: YY | CT2: ZZ | CU2: XX | CV2: YY | CW2: ZZ | CX2: XX | CY2: YY | CZ2: ZZ | DA2: XX | DB2: YY | DC2: ZZ | DD2: XX | DE2: YY | DF2: ZZ | DG2: XX | DH2: YY | DI2: ZZ | DJ2: XX | DK2: YY | DL2: ZZ | DM2: XX | DN2: YY | DO2: ZZ | DP2: XX | DQ2: YY | DR2: ZZ | DS2: XX | DT2: YY | DU2: ZZ | DV2: XX | DW2: YY | DX2: ZZ | DY2: XX | DZ2: YY | EA2: ZZ | EB2: XX | EC2: YY | ED2: ZZ | EE2: XX | EF2: YY | EG2: ZZ | EH2: XX | EI2: YY | EJ2: ZZ | EK2: XX | EL2: YY | EM2: ZZ | EN2: XX | EO2: YY | EP2: ZZ | EQ2: XX | ER2: YY | ES2: ZZ | ET2: XX | EU2: YY | EV2: ZZ | EW2: XX | EX2: YY | EY2: ZZ
A3: molecule
A4: AlF | B4: =wft_table!K5 -> 0.53115417 | C4: =wft_table!L5 -> 0.53115417 | D4: =wft_table!M5 -> 3.0638868 | F4: =wft_table!B5 -> 0.53077499 | G4: =wft_table!C5 -> 0.53077499 | H4: =wft_table!D5 -> 3.105327 | I4: =wft_table!E5 -> 0.53342843 | J4: =wft_table!F5 -> 0.53342843 | K4: =wft_table!G5 -> 3.0680835 | L4: =wft_table!H5 -> 0.52890766 | M4: =wft_table!I5 -> 0.52890766 | N4: =wft_table!J5 -> 3.0691615 | O4: 0.56004433 | P4: 0.56004433 | Q4: 3.0700231 | R4: 0.54110932 | S4: 0.54110932 | T4: 3.0524086 | U4: 0.53893634 | V4: 0.53893634 | W4: 3.0641374 | X4: 0.54240365 | Y4: 0.54240365 | Z4: 3.0630231 | AA4: 0.53715875 | AB4: 0.53715875 | AC4: 3.0586333 | AD4: 0.53907828 | AE4: 0.53907828 | AF4: 3.0596605 | AG4: 0.53514799 | AH4: 0.53514799 | AI4: 3.0652797 | AJ4: 0.54144726 | AK4: 0.54144726 | AL4: 3.0610046 | AM4: 0.57221369 | AN4: 0.57221369 | AO4: 3.0729288 | AP4: 0.53802727 | AQ4: 0.53802727 | AR4: 3.0761272 | AS4: 0.52538478 | AT4: 0.52538478 | AU4: 3.0585058 | AV4: 0.54652656 | AW4: 0.54652656 | AX4: 3.0541276 | AY4: 0.53377593 | AZ4: 0.53377593 | BA4: 3.0691675 | BB4: 0.53586105 | BC4: 0.53586105 | BD4: 3.0677067 | BE4: 0.55629653 | BF4: 0.55629653 | BG4: 3.0967214 | BH4: 0.53076147 | BI4: 0.53076147 | BJ4: 3.0918562 | BK4: 0.53607733 | BL4: 0.53607733 | BM4: 3.0660642 | BN4: 0.53820976 | BO4: 0.53820976 | BP4: 3.0669402 | BQ4: 0.5359185 | BR4: 0.5359185 | BS4: 3.0667893 | BT4: 0.53556028 | BU4: 0.53556028 | BV4: 3.0696869 | BW4: 0.53309667 | BX4: 0.53309667 | BY4: 3.0688493 | BZ4: 0.52139028 | CA4: 0.52139028 | CB4: 3.0895483 | CC4: 0.53012614 | CD4: 0.53012614 | CE4: 3.0629144 | CF4: 0.53424567 | CG4: 0.53424567 | CH4: 3.0678186 | CI4: 0.53248499 | CJ4: 0.53248499 | CK4: 3.0764611 | CL4: 0.52402287 | CM4: 0.52402287 | CN4: 3.0540837 | CO4: 0.53413415 | CP4: 0.53413415 | CQ4: 3.077711 | CR4: 0.5437588 | CS4: 0.5437588 | CT4: 3.0656611 | CU4: 0.53311356 | CV4: 0.53311356 | CW4: 3.0625737 | CX4: 0.53187669 | CY4: 0.53187669 | CZ4: 3.0706158 | DA4: 0.53571235 | DB4: 0.53571235 | DC4: 3.0692949 | DD4: 0.53487763 | DE4: 0.53487763 | DF4: 3.0708951 | DG4: 0.53419836 | DH4: 0.53419836 | DI4: 3.0673534 | DJ4: 0.53398546 | DK4: 0.53398546 | DL4: 3.0706786 | DM4: 0.53210649 | DN4: 0.53210649 | DO4: 3.0717711 | DP4: 0.53521895 | DQ4: 0.53521895 | DR4: 3.0778845 | DS4: 0.53064657 | DT4: 0.53064657 | DU4: 3.0795042 | DV4: 0.53825031 | DW4: 0.53825031 | DX4: 3.0651044 | DY4: 0.53271479 | DZ4: 0.53271479 | EA4: 3.062532 | EB4: =OFFSET(B2GPPLYP_extrap!F$7,(ROW(B2GPPLYP_extrap!F1)-1)*4,0) -> 0.53377355 | EC4: =OFFSET(B2GPPLYP_extrap!G$7,(ROW(B2GPPLYP_extrap!G1)-1)*4,0) -> 0.53377355 | ED4: =OFFSET(B2GPPLYP_extrap!H$7,(ROW(B2GPPLYP_extrap!H1)-1)*4,0) -> 3.0698804 | EE4: =OFFSET(DSDPBE_extrap!F$7,(ROW(DSDPBE_extrap!F1)-1)*4,0) -> 0.53309919 | EF4: =OFFSET(DSDPBE_extrap!G$7,(ROW(DSDPBE_extrap!G1)-1)*4,0) -> 0.53309919 | EG4: =OFFSET(DSDPBE_extrap!H$7,(ROW(DSDPBE_extrap!H1)-1)*4,0) -> 3.0696474 | EH4: =OFFSET(PTPSS_extrap!F$7,(ROW(PTPSS_extrap!F1)-1)*4,0) -> 0.53359389 | EI4: =OFFSET(PTPSS_extrap!G$7,(ROW(PTPSS_extrap!G1)-1)*4,0) -> 0.53359389 | EJ4: =OFFSET(PTPSS_extrap!H$7,(ROW(PTPSS_extrap!H1)-1)*4,0) -> 3.0658167 | EK4: =OFFSET(wB97X2TQZ_extrap!F$7,(ROW(wB97X2TQZ_extrap!F1)-1)*4,0) -> 0.53626846 | EL4: =OFFSET(wB97X2TQZ_extrap!G$7,(ROW(wB97X2TQZ_extrap!G1)-1)*4,0) -> 0.53626846 | EM4: =OFFSET(wB97X2TQZ_extrap!H$7,(ROW(wB97X2TQZ_extrap!H1)-1)*4,0) -> 3.0751269 | EN4: =OFFSET(B2PLYP_extrap!F$7,(ROW(B2PLYP_extrap!F1)-1)*4,0) -> 0.53535101 | EO4: =OFFSET(B2PLYP_extrap!G$7,(ROW(B2PLYP_extrap!G1)-1)*4,0) -> 0.53535101 | EP4: =OFFSET(B2PLYP_extrap!H$7,(ROW(B2PLYP_extrap!H1)-1)*4,0) -> 3.0683295 | EQ4: =OFFSET(XYG3_extrap!F$7,(ROW(XYG3_extrap!F1)-1)*4,0) -> 0.53295629 | ER4: =OFFSET(XYG3_extrap!G$7,(ROW(XYG3_extrap!G1)-1)*4,0) -> 0.5329563 | ES4: =OFFSET(XYG3_extrap!H$7,(ROW(XYG3_extrap!H1)-1)*4,0) -> 3.0693412 | ET4: =OFFSET(XYGJOS_extrap!F$7,(ROW(XYGJOS_extrap!F1)-1)*4,0) -> 0.53315339 | EU4: =OFFSET(XYGJOS_extrap!G$7,(ROW(XYGJOS_extrap!G1)-1)*4,0) -> 0.53315338 | EV4: =OFFSET(XYGJOS_extrap!H$7,(ROW(XYGJOS_extrap!H1)-1)*4,0) -> 3.0682496 | EW4: =OFFSET(wB97M2_extrap!F$7,(ROW(wB97M2_extrap!F1)-1)*4,0) -> 0.53355749 | EX4: =OFFSET(wB97M2_extrap!G$7,(ROW(wB97M2_extrap!G1)-1)*4,0) -> 0.53355749 | EY4: =OFFSET(wB97M2_extrap!H$7,(ROW(wB97M2_extrap!H1)-1)*4,0) -> 3.0630274
A5: Ar | B5: =wft_table!K6 -> 0.48009052 | C5: =wft_table!L6 -> 0.48009052 | D5: =wft_table!M6 -> 0.48009052 | F5: =wft_table!B6 -> 0.48219027 | G5: =wft_table!C6 -> 0.48219027 | H5: =wft_table!D6 -> 0.48219027 | I5: =wft_table!E6 -> 0.48112273 | J5: =wft_table!F6 -> 0.48112273 | K5: =wft_table!G6 -> 0.48112273 | L5: =wft_table!H6 -> 0.47950576 | M5: =wft_table!I6 -> 0.47950576 | N5: =wft_table!J6 -> 0.47950576 | O5: 0.49635764 | P5: 0.49635764 | Q5: 0.49635764 | R5: 0.48707243 | S5: 0.48707243 | T5: 0.48707243 | U5: 0.48083136 | V5: 0.48083136 | W5: 0.48083136 | X5: 0.48871635 | Y5: 0.48871635 | Z5: 0.48871635 | AA5: 0.48305353 | AB5: 0.48305353 | AC5: 0.48305353 | AD5: 0.48444135 | AE5: 0.48444135 | AF5: 0.48444135 | AG5: 0.47781202 | AH5: 0.47781202 | AI5: 0.47781202 | AJ5: 0.48570939 | AK5: 0.48570939 | AL5: 0.48570939 | AM5: 0.4826157 | AN5: 0.4826157 | AO5: 0.4826157 | AP5: 0.48146744 | AQ5: 0.48146744 | AR5: 0.48146744 | AS5: 0.47687028 | AT5: 0.47687028 | AU5: 0.47687028 | AV5: 0.47210376 | AW5: 0.47210376 | AX5: 0.47210376 | AY5: 0.47748571 | AZ5: 0.47748571 | BA5: 0.47748571 | BB5: 0.48028614 | BC5: 0.48028614 | BD5: 0.48028614 | BE5: 0.48488331 | BF5: 0.48488331 | BG5: 0.48488331 | BH5: 0.47860919 | BI5: 0.47860919 | BJ5: 0.47860919 | BK5: 0.48128571 | BL5: 0.48128571 | BM5: 0.48128571 | BN5: 0.48316092 | BO5: 0.48316092 | BP5: 0.48316092 | BQ5: 0.48550287 | BR5: 0.48550287 | BS5: 0.48550287 | BT5: 0.48307418 | BU5: 0.48307418 | BV5: 0.48307418 | BW5: 0.47948071 | BX5: 0.47948071 | BY5: 0.47948071 | BZ5: 0.47886941 | CA5: 0.47886941 | CB5: 0.47886941 | CC5: 0.48294201 | CD5: 0.48294201 | CE5: 0.48294201 | CF5: 0.48233896 | CG5: 0.48233896 | CH5: 0.48233896 | CI5: 0.48197549 | CJ5: 0.48197549 | CK5: 0.48197549 | CL5: 0.48005897 | CM5: 0.48005897 | CN5: 0.48005897 | CO5: 0.48395396 | CP5: 0.48395396 | CQ5: 0.48395396 | CR5: 0.4784068 | CS5: 0.4784068 | CT5: 0.4784068 | CU5: 0.48204983 | CV5: 0.48204983 | CW5: 0.48204983 | CX5: 0.48042245 | CY5: 0.48042245 | CZ5: 0.48042245 | DA5: 0.48211179 | DB5: 0.48211179 | DC5: 0.48211179 | DD5: 0.48609765 | DE5: 0.48609765 | DF5: 0.48609765 | DG5: 0.4823431 | DH5: 0.4823431 | DI5: 0.4823431 | DJ5: 0.48237614 | DK5: 0.48237614 | DL5: 0.48237614 | DM5: 0.48069505 | DN5: 0.48069505 | DO5: 0.48069505 | DP5: 0.48370201 | DQ5: 0.48370201 | DR5: 0.48370201 | DS5: 0.48410679 | DT5: 0.48410679 | DU5: 0.48410679 | DV5: 0.48659744 | DW5: 0.48659744 | DX5: 0.48659744 | DY5: 0.48269418 | DZ5: 0.48269418 | EA5: 0.48269418 | EB5: =OFFSET(B2GPPLYP_extrap!F$7,(ROW(B2GPPLYP_extrap!F2)-1)*4,0) -> 0.48297056 | EC5: =OFFSET(B2GPPLYP_extrap!G$7,(ROW(B2GPPLYP_extrap!G2)-1)*4,0) -> 0.48297056 | ED5: =OFFSET(B2GPPLYP_extrap!H$7,(ROW(B2GPPLYP_extrap!H2)-1)*4,0) -> 0.48297056 | EE5: =OFFSET(DSDPBE_extrap!F$7,(ROW(DSDPBE_extrap!F2)-1)*4,0) -> 0.48131522 | EF5: =OFFSET(DSDPBE_extrap!G$7,(ROW(DSDPBE_extrap!G2)-1)*4,0) -> 0.48131522 | EG5: =OFFSET(DSDPBE_extrap!H$7,(ROW(DSDPBE_extrap!H2)-1)*4,0) -> 0.48131522 | EH5: =OFFSET(PTPSS_extrap!F$7,(ROW(PTPSS_extrap!F2)-1)*4,0) -> 0.48216507 | EI5: =OFFSET(PTPSS_extrap!G$7,(ROW(PTPSS_extrap!G2)-1)*4,0) -> 0.48216507 | EJ5: =OFFSET(PTPSS_extrap!H$7,(ROW(PTPSS_extrap!H2)-1)*4,0) -> 0.48216507 | EK5: =OFFSET(wB97X2TQZ_extrap!F$7,(ROW(wB97X2TQZ_extrap!F2)-1)*4,0) -> 0.48469514 | EL5: =OFFSET(wB97X2TQZ_extrap!G$7,(ROW(wB97X2TQZ_extrap!G2)-1)*4,0) -> 0.48469514 | EM5: =OFFSET(wB97X2TQZ_extrap!H$7,(ROW(wB97X2TQZ_extrap!H2)-1)*4,0) -> 0.48469514 | EN5: =OFFSET(B2PLYP_extrap!F$7,(ROW(B2PLYP_extrap!F2)-1)*4,0) -> 0.4839387 | EO5: =OFFSET(B2PLYP_extrap!G$7,(ROW(B2PLYP_extrap!G2)-1)*4,0) -> 0.4839387 | EP5: =OFFSET(B2PLYP_extrap!H$7,(ROW(B2PLYP_extrap!H2)-1)*4,0) -> 0.4839387 | EQ5: =OFFSET(XYG3_extrap!F$7,(ROW(XYG3_extrap!F2)-1)*4,0) -> 0.48137981 | ER5: =OFFSET(XYG3_extrap!G$7,(ROW(XYG3_extrap!G2)-1)*4,0) -> 0.48137989 | ES5: =OFFSET(XYG3_extrap!H$7,(ROW(XYG3_extrap!H2)-1)*4,0) -> 0.48137989 | ET5: =OFFSET(XYGJOS_extrap!F$7,(ROW(XYGJOS_extrap!F2)-1)*4,0) -> 0.4817306 | EU5: =OFFSET(XYGJOS_extrap!G$7,(ROW(XYGJOS_extrap!G2)-1)*4,0) -> 0.48173068 | EV5: =OFFSET(XYGJOS_extrap!H$7,(ROW(XYGJOS_extrap!H2)-1)*4,0) -> 0.48173068 | EW5: =OFFSET(wB97M2_extrap!F$7,(ROW(wB97M2_extrap!F2)-1)*4,0) -> 0.48197524 | EX5: =OFFSET(wB97M2_extrap!G$7,(ROW(wB97M2_extrap!G2)-1)*4,0) -> 0.48196969 | EY5: =OFFSET(wB97M2_extrap!H$7,(ROW(wB97M2_extrap!H2)-1)*4,0) -> 0.48196969
A6: BF | B6: =wft_table!K7 -> 0.55769608 | C6: =wft_table!L7 -> 0.55769608 | D6: =wft_table!M7 -> 2.0541193 | F6: =wft_table!B7 -> 0.55273267 | G6: =wft_table!C7 -> 0.55273267 | H6: =wft_table!D7 -> 2.094493 | I6: =wft_table!E7 -> 0.56248528 | J6: =wft_table!F7 -> 0.56248528 | K6: =wft_table!G7 -> 2.0695614 | L6: =wft_table!H7 -> 0.55499897 | M6: =wft_table!I7 -> 0.55499897 | N6: =wft_table!J7 -> 2.0580441 | O6: 0.59672526 | P6: 0.59672526 | Q6: 2.0863465 | R6: 0.57708685 | S6: 0.57708685 | T6: 2.0666787 | U6: 0.56741103 | V6: 0.56741103 | W6: 2.0687921 | X6: 0.57496263 | Y6: 0.57496263 | Z6: 2.0723461 | AA6: 0.56731012 | AB6: 0.56731012 | AC6: 2.0647961 | AD6: 0.56990698 | AE6: 0.56990698 | AF6: 2.0661319 | AG6: 0.56537708 | AH6: 0.56537708 | AI6: 2.0625454 | AJ6: 0.57257288 | AK6: 0.57257288 | AL6: 2.0673495 | AM6: 0.58729904 | AN6: 0.58729904 | AO6: 2.0802281 | AP6: 0.56547267 | AQ6: 0.56547267 | AR6: 2.0761657 | AS6: 0.55321061 | AT6: 0.55321061 | AU6: 2.0641028 | AV6: 0.55699173 | AW6: 0.55699173 | AX6: 2.0850483 | AY6: 0.56048076 | AZ6: 0.56048076 | BA6: 2.0664943 | BB6: 0.56180308 | BC6: 0.56180308 | BD6: 2.0698201 | BE6: 0.57374651 | BF6: 0.57374651 | BG6: 2.0915386 | BH6: 0.55466571 | BI6: 0.55466571 | BJ6: 2.0871045 | BK6: 0.56378923 | BL6: 0.56378923 | BM6: 2.0686034 | BN6: 0.56481417 | BO6: 0.56481417 | BP6: 2.0694041 | BQ6: 0.56697025 | BR6: 0.56697025 | BS6: 2.0723002 | BT6: 0.56413442 | BU6: 0.56413442 | BV6: 2.0694445 | BW6: 0.56064007 | BX6: 0.56064007 | BY6: 2.0680511 | BZ6: 0.54577584 | CA6: 0.54577584 | CB6: 2.0813652 | CC6: 0.56213234 | CD6: 0.56213234 | CE6: 2.0642152 | CF6: 0.56338032 | CG6: 0.56338032 | CH6: 2.0689634 | CI6: 0.56129858 | CJ6: 0.56129858 | CK6: 2.0724911 | CL6: 0.55917967 | CM6: 0.55917967 | CN6: 2.0635922 | CO6: 0.56194647 | CP6: 0.56194647 | CQ6: 2.0750673 | CR6: 0.56638078 | CS6: 0.56638078 | CT6: 2.0679399 | CU6: 0.56267401 | CV6: 0.56267401 | CW6: 2.0634042 | CX6: 0.55921685 | CY6: 0.55921685 | CZ6: 2.0699512 | DA6: 0.56205799 | DB6: 0.56205799 | DC6: 2.0698964 | DD6: 0.56732075 | DE6: 0.56732075 | DF6: 2.075635 | DG6: 0.56328473 | DH6: 0.56328473 | DI6: 2.0686915 | DJ6: 0.5640282 | DK6: 0.5640282 | DL6: 2.0708117 | DM6: 0.56159597 | DN6: 0.56159597 | DO6: 2.0726011 | DP6: 0.56511687 | DQ6: 0.56511687 | DR6: 2.0764934 | DS6: 0.55980632 | DT6: 0.55980632 | DU6: 2.0751612 | DV6: 0.57073543 | DW6: 0.57073543 | DX6: 2.0711823 | DY6: 0.56351839 | DZ6: 0.56351839 | EA6: 2.069368 | EB6: =OFFSET(B2GPPLYP_extrap!F$7,(ROW(B2GPPLYP_extrap!F3)-1)*4,0) -> 0.5630087 | EC6: =OFFSET(B2GPPLYP_extrap!G$7,(ROW(B2GPPLYP_extrap!G3)-1)*4,0) -> 0.5630087 | ED6: =OFFSET(B2GPPLYP_extrap!H$7,(ROW(B2GPPLYP_extrap!H3)-1)*4,0) -> 2.0716481 | EE6: =OFFSET(DSDPBE_extrap!F$7,(ROW(DSDPBE_extrap!F3)-1)*4,0) -> 0.56113089 | EF6: =OFFSET(DSDPBE_extrap!G$7,(ROW(DSDPBE_extrap!G3)-1)*4,0) -> 0.56113089 | EG6: =OFFSET(DSDPBE_extrap!H$7,(ROW(DSDPBE_extrap!H3)-1)*4,0) -> 2.0687418 | EH6: =OFFSET(PTPSS_extrap!F$7,(ROW(PTPSS_extrap!F3)-1)*4,0) -> 0.56190753 | EI6: =OFFSET(PTPSS_extrap!G$7,(ROW(PTPSS_extrap!G3)-1)*4,0) -> 0.56190753 | EJ6: =OFFSET(PTPSS_extrap!H$7,(ROW(PTPSS_extrap!H3)-1)*4,0) -> 2.0679326 | EK6: =OFFSET(wB97X2TQZ_extrap!F$7,(ROW(wB97X2TQZ_extrap!F3)-1)*4,0) -> 0.56561253 | EL6: =OFFSET(wB97X2TQZ_extrap!G$7,(ROW(wB97X2TQZ_extrap!G3)-1)*4,0) -> 0.56561253 | EM6: =OFFSET(wB97X2TQZ_extrap!H$7,(ROW(wB97X2TQZ_extrap!H3)-1)*4,0) -> 2.0751066 | EN6: =OFFSET(B2PLYP_extrap!F$7,(ROW(B2PLYP_extrap!F3)-1)*4,0) -> 0.56511576 | EO6: =OFFSET(B2PLYP_extrap!G$7,(ROW(B2PLYP_extrap!G3)-1)*4,0) -> 0.56511576 | EP6: =OFFSET(B2PLYP_extrap!H$7,(ROW(B2PLYP_extrap!H3)-1)*4,0) -> 2.0713464 | EQ6: =OFFSET(XYG3_extrap!F$7,(ROW(XYG3_extrap!F3)-1)*4,0) -> 0.56033389 | ER6: =OFFSET(XYG3_extrap!G$7,(ROW(XYG3_extrap!G3)-1)*4,0) -> 0.56033375 | ES6: =OFFSET(XYG3_extrap!H$7,(ROW(XYG3_extrap!H3)-1)*4,0) -> 2.0681859 | ET6: =OFFSET(XYGJOS_extrap!F$7,(ROW(XYGJOS_extrap!F3)-1)*4,0) -> 0.56076782 | EU6: =OFFSET(XYGJOS_extrap!G$7,(ROW(XYGJOS_extrap!G3)-1)*4,0) -> 0.56076764 | EV6: =OFFSET(XYGJOS_extrap!H$7,(ROW(XYGJOS_extrap!H3)-1)*4,0) -> 2.0666486 | EW6: =OFFSET(wB97M2_extrap!F$7,(ROW(wB97M2_extrap!F3)-1)*4,0) -> 0.56372262 | EX6: =OFFSET(wB97M2_extrap!G$7,(ROW(wB97M2_extrap!G3)-1)*4,0) -> 0.56371644 | EY6: =OFFSET(wB97M2_extrap!H$7,(ROW(wB97M2_extrap!H3)-1)*4,0) -> 2.0607753
A7: BH2 | B7: =wft_table!K8 -> 0.7049836 | C7: =wft_table!L8 -> 1.178443 | D7: =wft_table!M8 -> 2.0478529 | F7: =wft_table!B8 -> 0.69879403 | G7: =wft_table!C8 -> 1.1893496 | H7: =wft_table!D8 -> 2.0674166 | I7: =wft_table!E8 -> 0.70282317 | J7: =wft_table!F8 -> 1.1817772 | K7: =wft_table!G8 -> 2.0513431 | L7: =wft_table!H8 -> 0.7033056 | M7: =wft_table!I8 -> 1.1777792 | N7: =wft_table!J8 -> 2.0480923 | O7: 0.76138417 | P7: 1.2563611 | Q7: 2.0949678 | R7: 0.73625465 | S7: 1.2107214 | T7: 2.060566 | U7: 0.71275016 | V7: 1.1880542 | W7: 2.0599394 | X7: 0.72367927 | Y7: 1.200961 | Z7: 2.0741823 | AA7: 0.71384413 | AB7: 1.1883804 | AC7: 2.0543208 | AD7: 0.71803947 | AE7: 1.1925545 | AF7: 2.0586011 | AG7: 0.7283738 | AH7: 1.2198062 | AI7: 2.072058 | AJ7: 0.72236225 | AK7: 1.1984034 | AL7: 2.0605448 | AM7: 0.74084297 | AN7: 1.2053695 | AO7: 2.0773049 | AP7: 0.71875108 | AQ7: 1.2058273 | AR7: 2.0864178 | AS7: 0.68332971 | AT7: 1.1598239 | AU7: 2.0493714 | AV7: 0.71657375 | AW7: 1.2002117 | AX7: 2.0933109 | AY7: 0.70176794 | AZ7: 1.1792853 | BA7: 2.0600881 | BB7: 0.70150241 | BC7: 1.1815052 | BD7: 2.047672 | BE7: 0.72596281 | BF7: 1.220763 | BG7: 2.1087964 | BH7: 0.69086007 | BI7: 1.1786444 | BJ7: 2.0815427 | BK7: 0.7054747 | BL7: 1.1798306 | BM7: 2.0544589 | BN7: 0.70627129 | BO7: 1.1837709 | BP7: 2.0544907 | BQ7: 0.71518239 | BR7: 1.1907091 | BS7: 2.0650694 | BT7: 0.71151811 | BU7: 1.1901773 | BV7: 2.0568061 | BW7: 0.70731215 | BX7: 1.1857322 | BY7: 2.0505609 | BZ7: 0.69367466 | CA7: 1.1698227 | CB7: 2.0487023 | CC7: 0.71893164 | CD7: 1.1886025 | CE7: 2.0594402 | CF7: 0.71199606 | CG7: 1.1870228 | CH7: 2.0522922 | CI7: 0.71150749 | CJ7: 1.1976867 | CK7: 2.0562432 | CL7: 0.71272892 | CM7: 1.1855234 | CN7: 2.0598863 | CO7: 0.72236225 | CP7: 1.1909825 | CQ7: 2.0692966 | CR7: 0.72935094 | CS7: 1.2002651 | CT7: 2.0800664 | CU7: 0.71432208 | CV7: 1.1883697 | CW7: 2.0594933 | CX7: 0.70342483 | CY7: 1.1762255 | CZ7: 2.0518036 | DA7: 0.70399837 | DB7: 1.1807309 | DC7: 2.0522285 | DD7: 0.71832624 | DE7: 1.1918368 | DF7: 2.0651225 | DG7: 0.71173053 | DH7: 1.1867734 | DI7: 2.0523028 | DJ7: 0.71348301 | DK7: 1.1868932 | DL7: 2.0514637 | DM7: 0.70972314 | DN7: 1.1874573 | DO7: 2.0537791 | DP7: 0.71627636 | DQ7: 1.1959459 | DR7: 2.0603642 | DS7: 0.71646754 | DT7: 1.1923475 | DU7: 2.0526958 | DV7: 0.73368435 | DW7: 1.2093828 | DX7: 2.0767313 | DY7: 0.71485314 | DZ7: 1.1852224 | EA7: 2.0581019 | EB7: =OFFSET(B2GPPLYP_extrap!F$7,(ROW(B2GPPLYP_extrap!F4)-1)*4,0) -> 0.70763457 | EC7: =OFFSET(B2GPPLYP_extrap!G$7,(ROW(B2GPPLYP_extrap!G4)-1)*4,0) -> 1.1839982 | ED7: =OFFSET(B2GPPLYP_extrap!H$7,(ROW(B2GPPLYP_extrap!H4)-1)*4,0) -> 2.0576098 | EE7: =OFFSET(DSDPBE_extrap!F$7,(ROW(DSDPBE_extrap!F4)-1)*4,0) -> 0.70594965 | EF7: =OFFSET(DSDPBE_extrap!G$7,(ROW(DSDPBE_extrap!G4)-1)*4,0) -> 1.1826129 | EG7: =OFFSET(DSDPBE_extrap!H$7,(ROW(DSDPBE_extrap!H4)-1)*4,0) -> 2.0506222 | EH7: =OFFSET(PTPSS_extrap!F$7,(ROW(PTPSS_extrap!F4)-1)*4,0) -> 0.70594896 | EI7: =OFFSET(PTPSS_extrap!G$7,(ROW(PTPSS_extrap!G4)-1)*4,0) -> 1.1803043 | EJ7: =OFFSET(PTPSS_extrap!H$7,(ROW(PTPSS_extrap!H4)-1)*4,0) -> 2.0517905 | EK7: =OFFSET(wB97X2TQZ_extrap!F$7,(ROW(wB97X2TQZ_extrap!F4)-1)*4,0) -> 0.70803544 | EL7: =OFFSET(wB97X2TQZ_extrap!G$7,(ROW(wB97X2TQZ_extrap!G4)-1)*4,0) -> 1.1850838 | EM7: =OFFSET(wB97X2TQZ_extrap!H$7,(ROW(wB97X2TQZ_extrap!H4)-1)*4,0) -> 2.0568804 | EN7: =OFFSET(B2PLYP_extrap!F$7,(ROW(B2PLYP_extrap!F4)-1)*4,0) -> 0.71039704 | EO7: =OFFSET(B2PLYP_extrap!G$7,(ROW(B2PLYP_extrap!G4)-1)*4,0) -> 1.1865039 | EP7: =OFFSET(B2PLYP_extrap!H$7,(ROW(B2PLYP_extrap!H4)-1)*4,0) -> 2.0603328 | EQ7: =OFFSET(XYG3_extrap!F$7,(ROW(XYG3_extrap!F4)-1)*4,0) -> 0.70361469 | ER7: =OFFSET(XYG3_extrap!G$7,(ROW(XYG3_extrap!G4)-1)*4,0) -> 1.1785495 | ES7: =OFFSET(XYG3_extrap!H$7,(ROW(XYG3_extrap!H4)-1)*4,0) -> 2.0531526 | ET7: =OFFSET(XYGJOS_extrap!F$7,(ROW(XYGJOS_extrap!F4)-1)*4,0) -> 0.70779406 | EU7: =OFFSET(XYGJOS_extrap!G$7,(ROW(XYGJOS_extrap!G4)-1)*4,0) -> 1.1824962 | EV7: =OFFSET(XYGJOS_extrap!H$7,(ROW(XYGJOS_extrap!H4)-1)*4,0) -> 2.0515462 | EW7: =OFFSET(wB97M2_extrap!F$7,(ROW(wB97M2_extrap!F4)-1)*4,0) -> 0.71179998 | EX7: =OFFSET(wB97M2_extrap!G$7,(ROW(wB97M2_extrap!G4)-1)*4,0) -> 1.1865628 | EY7: =OFFSET(wB97M2_extrap!H$7,(ROW(wB97M2_extrap!H4)-1)*4,0) -> 2.0578774
A8: BH2F | B8: =wft_table!K9 -> 0.50452573 | C8: =wft_table!L9 -> 1.0867402 | D8: =wft_table!M9 -> 2.6157257 | F8: =wft_table!B9 -> 0.49650323 | G8: =wft_table!C9 -> 1.0878995 | H8: =wft_table!D9 -> 2.622779 | I8: =wft_table!E9 -> 0.50624947 | J8: =wft_table!F9 -> 1.0895864 | K8: =wft_table!G9 -> 2.6181586 | L8: =wft_table!H9 -> 0.5023612 | M8: =wft_table!I9 -> 1.0851804 | N8: =wft_table!J9 -> 2.6155825 | O8: 0.53523839 | P8: 1.1152966 | Q8: 2.6399971 | R8: 0.52112162 | S8: 1.0960034 | T8: 2.6232289 | U8: 0.50882172 | V8: 1.0950462 | W8: 2.6226945 | X8: 0.51636801 | Y8: 1.1025925 | Z8: 2.6300035 | AA8: 0.51088487 | AB8: 1.0927786 | AC8: 2.6204622 | AD8: 0.51292014 | AE8: 1.0947488 | AF8: 2.6223824 | AG8: 0.50621026 | AH8: 1.0891959 | AI8: 2.6199092 | AJ8: 0.51535502 | AK8: 1.0966075 | AL8: 2.623856 | AM8: 0.5194395 | AN8: 1.1010916 | AO8: 2.6284663 | AP8: 0.50710707 | AQ8: 1.1033034 | AR8: 2.6284403 | AS8: 0.4970562 | AT8: 1.0890054 | AU8: 2.6164015 | AV8: 0.4969772 | AW8: 1.0998276 | AX8: 2.6204539 | AY8: 0.5036592 | AZ8: 1.0931317 | BA8: 2.6194968 | BB8: 0.5061452 | BC8: 1.089642 | BD8: 2.6161572 | BE8: 0.5114843 | BF8: 1.1132149 | BG8: 2.6360569 | BH8: 0.50061559 | BI8: 1.1049948 | BJ8: 2.6290915 | BK8: 0.50645653 | BL8: 1.0906922 | BM8: 2.6185346 | BN8: 0.50837563 | BO8: 1.0926438 | BP8: 2.6197896 | BQ8: 0.51018321 | BR8: 1.0949858 | BS8: 2.6245844 | BT8: 0.50764145 | BU8: 1.091826 | BV8: 2.6211861 | BW8: 0.50422145 | BX8: 1.0876253 | BY8: 2.6175156 | BZ8: 0.49293454 | CA8: 1.0778533 | CB8: 2.6134081 | CC8: 0.50689797 | CD8: 1.0891216 | CE8: 2.6200792 | CF8: 0.5077855 | CG8: 1.0886662 | CH8: 2.6185798 | CI8: 0.50567123 | CJ8: 1.0903576 | CK8: 2.6203549 | CL8: 0.50339434 | CM8: 1.0901996 | CN8: 2.6188207 | CO8: 0.50976965 | CP8: 1.0945025 | CQ8: 2.6266929 | CR8: 0.50929569 | CS8: 1.0959987 | CT8: 2.6236083 | CU8: 0.50754851 | CV8: 1.0903111 | CW8: 2.6192292 | CX8: 0.50313877 | CY8: 1.0865008 | CZ8: 2.6165684 | DA8: 0.50616379 | DB8: 1.0901113 | DC8: 2.618296 | DD8: 0.51234394 | DE8: 1.0951949 | DF8: 2.6252408 | DG8: 0.50769256 | DH8: 1.0886894 | DI8: 2.618578 | DJ8: 0.50921204 | DK8: 1.0889775 | DL8: 2.6189182 | DM8: 0.50539243 | DN8: 1.0878855 | DO8: 2.6180763 | DP8: 0.51058748 | DQ8: 1.0934849 | DR8: 2.6399169 | DS8: 0.50908194 | DT8: 1.0895165 | DU8: 2.6239244 | DV8: 0.51466731 | DW8: 1.0994698 | DX8: 2.6424804 | DY8: 0.5084918 | DZ8: 1.0920908 | EA8: 2.622583 | EB8: =OFFSET(B2GPPLYP_extrap!F$7,(ROW(B2GPPLYP_extrap!F5)-1)*4,0) -> 0.50692157 | EC8: =OFFSET(B2GPPLYP_extrap!G$7,(ROW(B2GPPLYP_extrap!G5)-1)*4,0) -> 1.0911993 | ED8: =OFFSET(B2GPPLYP_extrap!H$7,(ROW(B2GPPLYP_extrap!H5)-1)*4,0) -> 2.6207395 | EE8: =OFFSET(DSDPBE_extrap!F$7,(ROW(DSDPBE_extrap!F5)-1)*4,0) -> 0.5057977 | EF8: =OFFSET(DSDPBE_extrap!G$7,(ROW(DSDPBE_extrap!G5)-1)*4,0) -> 1.0884643 | EG8: =OFFSET(DSDPBE_extrap!H$7,(ROW(DSDPBE_extrap!H5)-1)*4,0) -> 2.6178167 | EH8: =OFFSET(PTPSS_extrap!F$7,(ROW(PTPSS_extrap!F5)-1)*4,0) -> 0.50699411 | EI8: =OFFSET(PTPSS_extrap!G$7,(ROW(PTPSS_extrap!G5)-1)*4,0) -> 1.0900466 | EJ8: =OFFSET(PTPSS_extrap!H$7,(ROW(PTPSS_extrap!H5)-1)*4,0) -> 2.6189474 | EK8: =OFFSET(wB97X2TQZ_extrap!F$7,(ROW(wB97X2TQZ_extrap!F5)-1)*4,0) -> 0.5099188 | EL8: =OFFSET(wB97X2TQZ_extrap!G$7,(ROW(wB97X2TQZ_extrap!G5)-1)*4,0) -> 1.0936292 | EM8: =OFFSET(wB97X2TQZ_extrap!H$7,(ROW(wB97X2TQZ_extrap!H5)-1)*4,0) -> 2.6225068 | EN8: =OFFSET(B2PLYP_extrap!F$7,(ROW(B2PLYP_extrap!F5)-1)*4,0) -> 0.50864882 | EO8: =OFFSET(B2PLYP_extrap!G$7,(ROW(B2PLYP_extrap!G5)-1)*4,0) -> 1.0931852 | EP8: =OFFSET(B2PLYP_extrap!H$7,(ROW(B2PLYP_extrap!H5)-1)*4,0) -> 2.6222824 | EQ8: =OFFSET(XYG3_extrap!F$7,(ROW(XYG3_extrap!F5)-1)*4,0) -> 0.50525759 | ER8: =OFFSET(XYG3_extrap!G$7,(ROW(XYG3_extrap!G5)-1)*4,0) -> 1.0890867 | ES8: =OFFSET(XYG3_extrap!H$7,(ROW(XYG3_extrap!H5)-1)*4,0) -> 2.6183926 | ET8: =OFFSET(XYGJOS_extrap!F$7,(ROW(XYGJOS_extrap!F5)-1)*4,0) -> 0.50653945 | EU8: =OFFSET(XYGJOS_extrap!G$7,(ROW(XYGJOS_extrap!G5)-1)*4,0) -> 1.0887053 | EV8: =OFFSET(XYGJOS_extrap!H$7,(ROW(XYGJOS_extrap!H5)-1)*4,0) -> 2.61817 | EW8: =OFFSET(wB97M2_extrap!F$7,(ROW(wB97M2_extrap!F5)-1)*4,0) -> 0.50907311 | EX8: =OFFSET(wB97M2_extrap!G$7,(ROW(wB97M2_extrap!G5)-1)*4,0) -> 1.0924643 | EY8: =OFFSET(wB97M2_extrap!H$7,(ROW(wB97M2_extrap!H5)-1)*4,0) -> 2.6196281
A9: BH3 | B9: =wft_table!K10 -> 1.8064702 | C9: =wft_table!L10 -> 1.8064309 | D9: =wft_table!M10 -> 0.66202158 | F9: =wft_table!B10 -> 1.8239941 | G9: =wft_table!C10 -> 1.8239486 | H9: =wft_table!D10 -> 0.66095105 | I9: =wft_table!E10 -> 1.8095462 | J9: =wft_table!F10 -> 1.8094916 | K9: =wft_table!G10 -> 0.66180655 | L9: =wft_table!H10 -> 1.8064842 | M9: =wft_table!I10 -> 1.8064495 | N9: =wft_table!J10 -> 0.66072614 | O9: 1.852051 | P9: 1.8519962 | Q9: 0.71129374 | R9: 1.8198956 | S9: 1.8198409 | T9: 0.68830171 | U9: 1.8194217 | V9: 1.8193669 | W9: 0.66682452 | X9: 1.8279903 | Y9: 1.8279355 | Z9: 0.67480761 | AA9: 1.8113271 | AB9: 1.8112723 | AC9: 0.66719626 | AD9: 1.8150816 | AE9: 1.8150269 | AF9: 0.67077424 | AG9: 1.818037 | AH9: 1.8179822 | AI9: 0.66879474 | AJ9: 1.8177396 | AK9: 1.8176941 | AL9: 0.67456598 | AM9: 1.8312987 | AN9: 1.8312532 | AO9: 0.6898909 | AP9: 1.8329251 | AQ9: 1.8328703 | AR9: 0.66547697 | AS9: 1.8045243 | AT9: 1.8044695 | AU9: 0.64606293 | AV9: 1.83365 | AW9: 1.8335859 | AX9: 0.66296773 | AY9: 1.8168939 | AZ9: 1.8168112 | BA9: 0.65916671 | BB9: 1.8073402 | BC9: 1.8072389 | BD9: 0.65854405 | BE9: 1.8538818 | BF9: 1.8538271 | BG9: 0.67414777 | BH9: 1.8338451 | BI9: 1.8337904 | BJ9: 0.65276351 | BK9: 1.8121356 | BL9: 1.8121366 | BM9: 0.66294915 | BN9: 1.8123308 | BO9: 1.8122853 | BP9: 0.66061649 | BQ9: 1.8205462 | BR9: 1.8204914 | BS9: 0.66937093 | BT9: 1.8148679 | BU9: 1.8148224 | BV9: 0.66570931 | BW9: 1.8098401 | BX9: 1.8097853 | BY9: 0.66209415 | BZ9: 1.8075446 | CA9: 1.8074899 | CB9: 0.65575601 | CC9: 1.814682 | CD9: 1.8146272 | CE9: 0.67017017 | CF9: 1.8107695 | CG9: 1.810724 | CH9: 0.66760517 | CI9: 1.8148958 | CJ9: 1.8148503 | CK9: 0.66473349 | CL9: 1.8109275 | CM9: 1.8108727 | CN9: 0.66280045 | CO9: 1.8225164 | CP9: 1.8224523 | CQ9: 0.67464962 | CR9: 1.8264382 | CS9: 1.8263835 | CT9: 0.67262364 | CU9: 1.8150909 | CV9: 1.8150454 | CW9: 0.66800479 | CX9: 1.8100539 | CY9: 1.8100456 | CZ9: 0.66221496 | DA9: 1.8105093 | DB9: 1.8104638 | DC9: 0.65951986 | DD9: 1.8224328 | DE9: 1.822378 | DF9: 0.67433364 | DG9: 1.8107416 | DH9: 1.8106868 | DI9: 0.66736354 | DJ9: 1.8107973 | DK9: 1.8107519 | DL9: 0.66968691 | DM9: 1.8113921 | DN9: 1.8113466 | DO9: 0.66485431 | DP9: 1.8181949 | DQ9: 1.8181402 | DR9: 0.67060696 | DS9: 1.8161597 | DT9: 1.8160956 | DU9: 0.67286527 | DV9: 1.8287244 | DW9: 1.8286697 | DX9: 0.67968667 | DY9: 1.8173399 | DZ9: 1.8172945 | EA9: 0.67128538 | EB9: =OFFSET(B2GPPLYP_extrap!F$7,(ROW(B2GPPLYP_extrap!F6)-1)*4,0) -> 1.8147257 | EC9: =OFFSET(B2GPPLYP_extrap!G$7,(ROW(B2GPPLYP_extrap!G6)-1)*4,0) -> 1.8146709 | ED9: =OFFSET(B2GPPLYP_extrap!H$7,(ROW(B2GPPLYP_extrap!H6)-1)*4,0) -> 0.66483464 | EE9: =OFFSET(DSDPBE_extrap!F$7,(ROW(DSDPBE_extrap!F6)-1)*4,0) -> 1.8092693 | EF9: =OFFSET(DSDPBE_extrap!G$7,(ROW(DSDPBE_extrap!G6)-1)*4,0) -> 1.8092193 | EG9: =OFFSET(DSDPBE_extrap!H$7,(ROW(DSDPBE_extrap!H6)-1)*4,0) -> 0.66320166 | EH9: =OFFSET(PTPSS_extrap!F$7,(ROW(PTPSS_extrap!F6)-1)*4,0) -> 1.8106469 | EI9: =OFFSET(PTPSS_extrap!G$7,(ROW(PTPSS_extrap!G6)-1)*4,0) -> 1.8105921 | EJ9: =OFFSET(PTPSS_extrap!H$7,(ROW(PTPSS_extrap!H6)-1)*4,0) -> 0.66374593 | EK9: =OFFSET(wB97X2TQZ_extrap!F$7,(ROW(wB97X2TQZ_extrap!F6)-1)*4,0) -> 1.8152516 | EL9: =OFFSET(wB97X2TQZ_extrap!G$7,(ROW(wB97X2TQZ_extrap!G6)-1)*4,0) -> 1.8152076 | EM9: =OFFSET(wB97X2TQZ_extrap!H$7,(ROW(wB97X2TQZ_extrap!H6)-1)*4,0) -> 0.66636655 | EN9: =OFFSET(B2PLYP_extrap!F$7,(ROW(B2PLYP_extrap!F6)-1)*4,0) -> 1.8169463 | EO9: =OFFSET(B2PLYP_extrap!G$7,(ROW(B2PLYP_extrap!G6)-1)*4,0) -> 1.816903 | EP9: =OFFSET(B2PLYP_extrap!H$7,(ROW(B2PLYP_extrap!H6)-1)*4,0) -> 0.66660163 | EQ9: =OFFSET(XYG3_extrap!F$7,(ROW(XYG3_extrap!F6)-1)*4,0) -> 1.8110457 | ER9: =OFFSET(XYG3_extrap!G$7,(ROW(XYG3_extrap!G6)-1)*4,0) -> 1.8109926 | ES9: =OFFSET(XYG3_extrap!H$7,(ROW(XYG3_extrap!H6)-1)*4,0) -> 0.66240072 | ET9: =OFFSET(XYGJOS_extrap!F$7,(ROW(XYGJOS_extrap!F6)-1)*4,0) -> 1.8109682 | EU9: =OFFSET(XYGJOS_extrap!G$7,(ROW(XYGJOS_extrap!G6)-1)*4,0) -> 1.8109196 | EV9: =OFFSET(XYGJOS_extrap!H$7,(ROW(XYGJOS_extrap!H6)-1)*4,0) -> 0.66588132 | EW9: =OFFSET(wB97M2_extrap!F$7,(ROW(wB97M2_extrap!F6)-1)*4,0) -> 1.8138427 | EX9: =OFFSET(wB97M2_extrap!G$7,(ROW(wB97M2_extrap!G6)-1)*4,0) -> 1.8137817 | EY9: =OFFSET(wB97M2_extrap!H$7,(ROW(wB97M2_extrap!H6)-1)*4,0) -> 0.66716593
A10: BHF2 | B10: =wft_table!K11 -> 0.44735507 | C10: =wft_table!L11 -> 3.9633939 | D10: =wft_table!M11 -> 1.1725781 | F10: =wft_table!B11 -> 0.43806284 | G10: =wft_table!C11 -> 3.9740953 | H10: =wft_table!D11 -> 1.1697916 | I10: =wft_table!E11 -> 0.44955305 | J10: =wft_table!F11 -> 3.9651788 | K10: =wft_table!G11 -> 1.1751374 | L10: =wft_table!H11 -> 0.44519065 | M10: =wft_table!I11 -> 3.9651109 | N10: =wft_table!J11 -> 1.1709367 | O10: 0.470686 | P10: 3.9683736 | Q10: 1.1940773 | R10: 0.45989319 | S10: 3.9599351 | T10: 1.1802945 | U10: 0.45074532 | V10: 3.9584482 | W10: 1.1793896 | X10: 0.4580314 | Y10: 3.9656816 | Z10: 1.1864652 | AA10: 0.45317401 | AB10: 3.9564625 | AC10: 1.1792829 | AD10: 0.4547508 | AE10: 3.9585783 | AF10: 1.1805943 | AG10: 0.44695049 | AH10: 3.9624753 | AI10: 1.1724991 | AJ10: 0.45669004 | AK10: 3.9595076 | AL10: 1.1820054 | AM10: 0.45898243 | AN10: 3.9615956 | AO10: 1.1833777 | AP10: 0.44888973 | AQ10: 3.9595572 | AR10: 1.1837322 | AS10: 0.4420993 | AT10: 3.9496194 | AU10: 1.1761256 | AV10: 0.43681442 | AW10: 3.94356 | AX10: 1.1770733 | AY10: 0.44647962 | AZ10: 3.9561217 | BA10: 1.1766661 | BB10: 0.4496456 | BC10: 3.9543436 | BD10: 1.176196 | BE10: 0.45153527 | BF10: 3.962655 | BG10: 1.1893645 | BH10: 0.4441005 | BI10: 3.9556818 | BJ10: 1.1855439 | BK10: 0.44891761 | BL10: 3.9574383 | BM10: 1.1757562 | BN10: 0.4520526 | BO10: 3.9581291 | BP10: 1.1789623 | BQ10: 0.45201853 | BR10: 3.9660967 | BS10: 1.1793345 | BT10: 0.44980359 | BU10: 3.9615708 | BV10: 1.1771597 | BW10: 0.44656636 | BX10: 3.959424 | BY10: 1.1732779 | BZ10: 0.43520975 | CA10: 3.9707341 | CB10: 1.1619735 | CC10: 0.44819582 | CD10: 3.9661989 | CE10: 1.17406 | CF10: 0.44943804 | CG10: 3.9609574 | CH10: 1.1743587 | CI10: 0.44783957 | CJ10: 3.9647182 | CK10: 1.1748783 | CL10: 0.44544495 | CM10: 3.9572989 | CN10: 1.1758872 | CO10: 0.45053157 | CP10: 3.9706567 | CQ10: 1.1784976 | CR10: 0.4494969 | CS10: 3.9622399 | CT10: 1.1783068 | CU10: 0.44899815 | CV10: 3.9620447 | CW10: 1.1746361 | CX10: 0.44524669 | CY10: 3.9604772 | CZ10: 1.1714716 | DA10: 0.44967657 | DB10: 3.9589717 | DC10: 1.1763381 | DD10: 0.4533351 | DE10: 3.9688104 | DF10: 1.1789985 | DG10: 0.44939777 | DH10: 3.9609202 | DI10: 1.1743931 | DJ10: 0.45055016 | DK10: 3.9612517 | DL10: 1.1748436 | DM10: 0.4472231 | DN10: 3.9600126 | DO10: 1.1734634 | DP10: 0.45213624 | DQ10: 3.9655608 | DR10: 1.1781964 | DS10: 0.4503519 | DT10: 3.9709789 | DU10: 1.1744514 | DV10: 0.45458042 | DW10: 3.9663662 | DX10: 1.1816976 | DY10: 0.44933581 | DZ10: 3.9629896 | EA10: 1.1768447 | EB10: =OFFSET(B2GPPLYP_extrap!F$7,(ROW(B2GPPLYP_extrap!F7)-1)*4,0) -> 0.44940962 | EC10: =OFFSET(B2GPPLYP_extrap!G$7,(ROW(B2GPPLYP_extrap!G7)-1)*4,0) -> 3.9662338 | ED10: =OFFSET(B2GPPLYP_extrap!H$7,(ROW(B2GPPLYP_extrap!H7)-1)*4,0) -> 1.1759283 | EE10: =OFFSET(DSDPBE_extrap!F$7,(ROW(DSDPBE_extrap!F7)-1)*4,0) -> 0.44841315 | EF10: =OFFSET(DSDPBE_extrap!G$7,(ROW(DSDPBE_extrap!G7)-1)*4,0) -> 3.9629604 | EG10: =OFFSET(DSDPBE_extrap!H$7,(ROW(DSDPBE_extrap!H7)-1)*4,0) -> 1.174236 | EH10: =OFFSET(PTPSS_extrap!F$7,(ROW(PTPSS_extrap!F7)-1)*4,0) -> 0.44959451 | EI10: =OFFSET(PTPSS_extrap!G$7,(ROW(PTPSS_extrap!G7)-1)*4,0) -> 3.9621425 | EJ10: =OFFSET(PTPSS_extrap!H$7,(ROW(PTPSS_extrap!H7)-1)*4,0) -> 1.1757696 | EK10: =OFFSET(wB97X2TQZ_extrap!F$7,(ROW(wB97X2TQZ_extrap!F7)-1)*4,0) -> 0.4526709 | EL10: =OFFSET(wB97X2TQZ_extrap!G$7,(ROW(wB97X2TQZ_extrap!G7)-1)*4,0) -> 3.9668507 | EM10: =OFFSET(wB97X2TQZ_extrap!H$7,(ROW(wB97X2TQZ_extrap!H7)-1)*4,0) -> 1.1789786 | EN10: =OFFSET(B2PLYP_extrap!F$7,(ROW(B2PLYP_extrap!F7)-1)*4,0) -> 0.45097482 | EO10: =OFFSET(B2PLYP_extrap!G$7,(ROW(B2PLYP_extrap!G7)-1)*4,0) -> 3.9660738 | EP10: =OFFSET(B2PLYP_extrap!H$7,(ROW(B2PLYP_extrap!H7)-1)*4,0) -> 1.1777671 | EQ10: =OFFSET(XYG3_extrap!F$7,(ROW(XYG3_extrap!F7)-1)*4,0) -> 0.44801437 | ER10: =OFFSET(XYG3_extrap!G$7,(ROW(XYG3_extrap!G7)-1)*4,0) -> 3.9653256 | ES10: =OFFSET(XYG3_extrap!H$7,(ROW(XYG3_extrap!H7)-1)*4,0) -> 1.1740634 | ET10: =OFFSET(XYGJOS_extrap!F$7,(ROW(XYGJOS_extrap!F7)-1)*4,0) -> 0.44854314 | EU10: =OFFSET(XYGJOS_extrap!G$7,(ROW(XYGJOS_extrap!G7)-1)*4,0) -> 3.9645838 | EV10: =OFFSET(XYGJOS_extrap!H$7,(ROW(XYGJOS_extrap!H7)-1)*4,0) -> 1.1738176 | EW10: =OFFSET(wB97M2_extrap!F$7,(ROW(wB97M2_extrap!F7)-1)*4,0) -> 0.45119346 | EX10: =OFFSET(wB97M2_extrap!G$7,(ROW(wB97M2_extrap!G7)-1)*4,0) -> 3.9624545 | EY10: =OFFSET(wB97M2_extrap!H$7,(ROW(wB97M2_extrap!H7)-1)*4,0) -> 1.1770068
A11: BO | B11: =wft_table!K12 -> 0.59414773 | C11: =wft_table!L12 -> 0.59414773 | D11: =wft_table!M12 -> 1.809595 | F11: =wft_table!B12 -> 0.58894817 | G11: =wft_table!C12 -> 0.58894817 | H11: =wft_table!D12 -> 1.7992171 | I11: =wft_table!E12 -> 0.59491551 | J11: =wft_table!F12 -> 0.59491551 | K11: =wft_table!G12 -> 1.8109481 | L11: =wft_table!H12 -> 0.59242371 | M11: =wft_table!I12 -> 0.59242371 | N11: =wft_table!J12 -> 1.8052026 | O11: 0.61934494 | P11: 0.61934494 | Q11: 1.8400559 | R11: 0.60512165 | S11: 0.60512165 | T11: 1.8198569 | U11: 0.59731514 | V11: 0.59731514 | W11: 1.8167433 | X11: 0.60476135 | Y11: 0.60476135 | Z11: 1.8213178 | AA11: 0.59745812 | AB11: 0.59745812 | AC11: 1.8135995 | AD11: 0.59959704 | AE11: 0.59959704 | AF11: 1.8157543 | AG11: 0.59607411 | AH11: 0.59607411 | AI11: 1.8110105 | AJ11: 0.60194757 | AK11: 0.60194757 | AL11: 1.8183084 | AM11: 0.60278828 | AN11: 0.60278828 | AO11: 1.8302596 | AP11: 0.59945979 | AQ11: 0.59945979 | AR11: 1.8116124 | AS11: 0.58357797 | AT11: 0.58357797 | AU11: 1.8053005 | AV11: 0.58619158 | AW11: 0.58619158 | AX11: 1.793247 | AY11: 0.59037793 | AZ11: 0.59037793 | BA11: 1.8045722 | BB11: 0.59322602 | BC11: 0.59322602 | BD11: 1.8103703 | BE11: 0.60503014 | BF11: 0.60503014 | BG11: 1.8160174 | BH11: 0.5878787 | BI11: 0.5878787 | BJ11: 1.8084488 | BK11: 0.59412391 | BL11: 0.59412391 | BM11: 1.8049762 | BN11: 0.59715501 | BO11: 0.59715501 | BP11: 1.8146752 | BQ11: 0.59863624 | BR11: 0.59863624 | BS11: 1.8114809 | BT11: 0.59603979 | BU11: 0.59603979 | BV11: 1.8115868 | BW11: 0.59257976 | BX11: 0.59257976 | BY11: 1.8083681 | BZ11: 0.58242272 | CA11: 0.58242272 | CB11: 1.7858032 | CC11: 0.59690337 | CD11: 0.59690337 | CE11: 1.8015851 | CF11: 0.59507899 | CG11: 0.59507899 | CH11: 1.8069689 | CI11: 0.59669748 | CJ11: 0.59669748 | CK11: 1.8116126 | CL11: 0.59061813 | CM11: 0.59061813 | CN11: 1.8076348 | CO11: 0.59970571 | CP11: 0.59970571 | CQ11: 1.8065466 | CR11: 0.59987156 | CS11: 0.59987156 | CT11: 1.8019557 | CU11: 0.5949932 | CV11: 0.5949932 | CW11: 1.8064377 | CX11: 0.5913902 | CY11: 0.5913902 | CZ11: 1.7985563 | DA11: 0.59499892 | DB11: 0.59499892 | DC11: 1.8104757 | DD11: 0.59958561 | DE11: 0.59958561 | DF11: 1.8107625 | DG11: 0.59501036 | DH11: 0.59501036 | DI11: 1.806954 | DJ11: 0.59571952 | DK11: 0.59571952 | DL11: 1.8076819 | DM11: 0.59371786 | DN11: 0.59371786 | DO11: 1.8047974 | DP11: 0.59907089 | DQ11: 0.59907089 | DR11: 1.8116448 | DS11: 0.59569093 | DT11: 0.59569093 | DU11: 1.8037899 | DV11: 0.60560205 | DW11: 0.60560205 | DX11: 1.8105573 | DY11: 0.59641153 | DZ11: 0.59641153 | EA11: 1.8054674 | EB11: =OFFSET(B2GPPLYP_extrap!F$7,(ROW(B2GPPLYP_extrap!F8)-1)*4,0) -> 0.5973144 | EC11: =OFFSET(B2GPPLYP_extrap!G$7,(ROW(B2GPPLYP_extrap!G8)-1)*4,0) -> 0.5973144 | ED11: =OFFSET(B2GPPLYP_extrap!H$7,(ROW(B2GPPLYP_extrap!H8)-1)*4,0) -> 1.811406 | EE11: =OFFSET(DSDPBE_extrap!F$7,(ROW(DSDPBE_extrap!F8)-1)*4,0) -> 0.59580834 | EF11: =OFFSET(DSDPBE_extrap!G$7,(ROW(DSDPBE_extrap!G8)-1)*4,0) -> 0.59580834 | EG11: =OFFSET(DSDPBE_extrap!H$7,(ROW(DSDPBE_extrap!H8)-1)*4,0) -> 1.8119479 | EH11: =OFFSET(PTPSS_extrap!F$7,(ROW(PTPSS_extrap!F8)-1)*4,0) -> 0.59589002 | EI11: =OFFSET(PTPSS_extrap!G$7,(ROW(PTPSS_extrap!G8)-1)*4,0) -> 0.59589002 | EJ11: =OFFSET(PTPSS_extrap!H$7,(ROW(PTPSS_extrap!H8)-1)*4,0) -> 1.8130136 | EK11: =OFFSET(wB97X2TQZ_extrap!F$7,(ROW(wB97X2TQZ_extrap!F8)-1)*4,0) -> 0.60040337 | EL11: =OFFSET(wB97X2TQZ_extrap!G$7,(ROW(wB97X2TQZ_extrap!G8)-1)*4,0) -> 0.60040337 | EM11: =OFFSET(wB97X2TQZ_extrap!H$7,(ROW(wB97X2TQZ_extrap!H8)-1)*4,0) -> 1.8158628 | EN11: =OFFSET(B2PLYP_extrap!F$7,(ROW(B2PLYP_extrap!F8)-1)*4,0) -> 0.59874335 | EO11: =OFFSET(B2PLYP_extrap!G$7,(ROW(B2PLYP_extrap!G8)-1)*4,0) -> 0.59874335 | EP11: =OFFSET(B2PLYP_extrap!H$7,(ROW(B2PLYP_extrap!H8)-1)*4,0) -> 1.8134088 | EQ11: =OFFSET(XYG3_extrap!F$7,(ROW(XYG3_extrap!F8)-1)*4,0) -> 0.59650991 | ER11: =OFFSET(XYG3_extrap!G$7,(ROW(XYG3_extrap!G8)-1)*4,0) -> 0.5965098 | ES11: =OFFSET(XYG3_extrap!H$7,(ROW(XYG3_extrap!H8)-1)*4,0) -> 1.8142349 | ET11: =OFFSET(XYGJOS_extrap!F$7,(ROW(XYGJOS_extrap!F8)-1)*4,0) -> 0.59671636 | EU11: =OFFSET(XYGJOS_extrap!G$7,(ROW(XYGJOS_extrap!G8)-1)*4,0) -> 0.59671632 | EV11: =OFFSET(XYGJOS_extrap!H$7,(ROW(XYGJOS_extrap!H8)-1)*4,0) -> 1.8162227 | EW11: =OFFSET(wB97M2_extrap!F$7,(ROW(wB97M2_extrap!F8)-1)*4,0) -> 0.59904867 | EX11: =OFFSET(wB97M2_extrap!G$7,(ROW(wB97M2_extrap!G8)-1)*4,0) -> 0.59904586 | EY11: =OFFSET(wB97M2_extrap!H$7,(ROW(wB97M2_extrap!H8)-1)*4,0) -> 1.7868186
A12: BS | B12: =wft_table!K13 -> 0.67610369 | C12: =wft_table!L13 -> 0.67610369 | D12: =wft_table!M13 -> 2.2680859 | F12: =wft_table!B13 -> 0.68843846 | G12: =wft_table!C13 -> 0.68843846 | H12: =wft_table!D13 -> 2.2556975 | I12: =wft_table!E13 -> 0.68151902 | J12: =wft_table!F13 -> 0.68151902 | K12: =wft_table!G13 -> 2.2510154 | L12: =wft_table!H13 -> 0.6768775 | M12: =wft_table!I13 -> 0.6768775 | N12: =wft_table!J13 -> 2.2620586 | O12: 0.69721503 | P12: 0.69721503 | Q12: 2.2996227 | R12: 0.68104971 | S12: 0.68104971 | T12: 2.280621 | U12: 0.67505941 | V12: 0.67505941 | W12: 2.2766903 | X12: 0.68232425 | Y12: 0.68232425 | Z12: 2.2829214 | AA12: 0.67389817 | AB12: 0.67389817 | AC12: 2.2721995 | AD12: 0.67616755 | AE12: 0.67616755 | AF12: 2.2747986 | AG12: 0.67232625 | AH12: 0.67232625 | AI12: 2.2697811 | AJ12: 0.6781891 | AK12: 0.6781891 | AL12: 2.277733 | AM12: 0.69267982 | AN12: 0.69267982 | AO12: 2.2933833 | AP12: 0.67917686 | AQ12: 0.67917686 | AR12: 2.271262 | AS12: 0.66401701 | AT12: 0.66401701 | AU12: 2.2624262 | AV12: 0.67821034 | AW12: 0.67821034 | AX12: 2.2547055 | AY12: 0.66908328 | AZ12: 0.66908328 | BA12: 2.2609329 | BB12: 0.67182352 | BC12: 0.67182352 | BD12: 2.2668269 | BE12: 0.69125659 | BF12: 0.69125659 | BG12: 2.2745307 | BH12: 0.6701383 | BI12: 0.6701383 | BJ12: 2.2650333 | BK12: 0.67519395 | BL12: 0.67519395 | BM12: 2.263712 | BN12: 0.67467351 | BO12: 0.67467351 | BP12: 2.2732821 | BQ12: 0.68097537 | BR12: 0.68097537 | BS12: 2.2712706 | BT12: 0.67827761 | BU12: 0.67827761 | BV12: 2.2711984 | BW12: 0.67428053 | BX12: 0.67428053 | BY12: 2.2664355 | BZ12: 0.68247648 | CA12: 0.68247648 | CB12: 2.2387776 | CC12: 0.68134711 | CD12: 0.68134711 | CE12: 2.2620453 | CF12: 0.67742084 | CG12: 0.67742084 | CH12: 2.2645941 | CI12: 0.68037704 | CJ12: 0.68037704 | CK12: 2.2680614 | CL12: 0.67274401 | CM12: 0.67274401 | CN12: 2.2647083 | CO12: 0.68516008 | CP12: 0.68516008 | CQ12: 2.2670201 | CR12: 0.68096829 | CS12: 0.68096829 | CT12: 2.2596182 | CU12: 0.67702078 | CV12: 0.67702078 | CW12: 2.2659288 | CX12: 0.67718363 | CY12: 0.67718363 | CZ12: 2.2566975 | DA12: 0.67481159 | DB12: 0.67481159 | DC12: 2.2686928 | DD12: 0.68250481 | DE12: 0.68250481 | DF12: 2.2663029 | DG12: 0.677435 | DH12: 0.677435 | DI12: 2.264919 | DJ12: 0.67659593 | DK12: 0.67659593 | DL12: 2.2616614 | DM12: 0.67734649 | DN12: 0.67734649 | DO12: 2.2594674 | DP12: 0.6811276 | DQ12: 0.6811276 | DR12: 2.2631956 | DS12: 0.68029916 | DT12: 0.68029916 | DU12: 2.2599633 | DV12: 0.68790386 | DW12: 0.68790386 | DX12: 2.267832 | DY12: 0.68016462 | DZ12: 0.68016462 | EA12: 2.2639313 | EB12: =OFFSET(B2GPPLYP_extrap!F$7,(ROW(B2GPPLYP_extrap!F9)-1)*4,0) -> 0.67977142 | EC12: =OFFSET(B2GPPLYP_extrap!G$7,(ROW(B2GPPLYP_extrap!G9)-1)*4,0) -> 0.67977142 | ED12: =OFFSET(B2GPPLYP_extrap!H$7,(ROW(B2GPPLYP_extrap!H9)-1)*4,0) -> 2.269595 | EE12: =OFFSET(DSDPBE_extrap!F$7,(ROW(DSDPBE_extrap!F9)-1)*4,0) -> 0.67700179 | EF12: =OFFSET(DSDPBE_extrap!G$7,(ROW(DSDPBE_extrap!G9)-1)*4,0) -> 0.67700179 | EG12: =OFFSET(DSDPBE_extrap!H$7,(ROW(DSDPBE_extrap!H9)-1)*4,0) -> 2.2693006 | EH12: =OFFSET(PTPSS_extrap!F$7,(ROW(PTPSS_extrap!F9)-1)*4,0) -> 0.67623924 | EI12: =OFFSET(PTPSS_extrap!G$7,(ROW(PTPSS_extrap!G9)-1)*4,0) -> 0.67623924 | EJ12: =OFFSET(PTPSS_extrap!H$7,(ROW(PTPSS_extrap!H9)-1)*4,0) -> 2.2721408 | EK12: =OFFSET(wB97X2TQZ_extrap!F$7,(ROW(wB97X2TQZ_extrap!F9)-1)*4,0) -> 0.68151817 | EL12: =OFFSET(wB97X2TQZ_extrap!G$7,(ROW(wB97X2TQZ_extrap!G9)-1)*4,0) -> 0.68151817 | EM12: =OFFSET(wB97X2TQZ_extrap!H$7,(ROW(wB97X2TQZ_extrap!H9)-1)*4,0) -> 2.2694356 | EN12: =OFFSET(B2PLYP_extrap!F$7,(ROW(B2PLYP_extrap!F9)-1)*4,0) -> 0.68006592 | EO12: =OFFSET(B2PLYP_extrap!G$7,(ROW(B2PLYP_extrap!G9)-1)*4,0) -> 0.68006592 | EP12: =OFFSET(B2PLYP_extrap!H$7,(ROW(B2PLYP_extrap!H9)-1)*4,0) -> 2.2725355 | EQ12: =OFFSET(XYG3_extrap!F$7,(ROW(XYG3_extrap!F9)-1)*4,0) -> 0.67734525 | ER12: =OFFSET(XYG3_extrap!G$7,(ROW(XYG3_extrap!G9)-1)*4,0) -> 0.67734544 | ES12: =OFFSET(XYG3_extrap!H$7,(ROW(XYG3_extrap!H9)-1)*4,0) -> 2.2728125 | ET12: =OFFSET(XYGJOS_extrap!F$7,(ROW(XYGJOS_extrap!F9)-1)*4,0) -> 0.6773742 | EU12: =OFFSET(XYGJOS_extrap!G$7,(ROW(XYGJOS_extrap!G9)-1)*4,0) -> 0.67737437 | EV12: =OFFSET(XYGJOS_extrap!H$7,(ROW(XYGJOS_extrap!H9)-1)*4,0) -> 2.2753446 | EW12: =OFFSET(wB97M2_extrap!F$7,(ROW(wB97M2_extrap!F9)-1)*4,0) -> 0.67992618 | EX12: =OFFSET(wB97M2_extrap!G$7,(ROW(wB97M2_extrap!G9)-1)*4,0) -> 0.67992618 | EY12: =OFFSET(wB97M2_extrap!H$7,(ROW(wB97M2_extrap!H9)-1)*4,0) -> 2.2385422
A13: Be | B13: =wft_table!K14 -> 1.352929 | C13: =wft_table!L14 -> 1.352929 | D13: =wft_table!M14 -> 1.352929 | F13: =wft_table!B14 -> 1.4435349 | G13: =wft_table!C14 -> 1.4435349 | H13: =wft_table!D14 -> 1.4435349 | I13: =wft_table!E14 -> 1.3879865 | J13: =wft_table!F14 -> 1.3879865 | K13: =wft_table!G14 -> 1.3879865 | L13: =wft_table!H14 -> 1.3547915 | M13: =wft_table!I14 -> 1.3547915 | N13: =wft_table!J14 -> 1.3547915 | O13: 1.4936825 | P13: 1.4936825 | Q13: 1.4936825 | R13: 1.4174017 | S13: 1.4174017 | T13: 1.4174017 | U13: 1.4132568 | V13: 1.4132568 | W13: 1.4132568 | X13: 1.4059894 | Y13: 1.4059894 | Z13: 1.4059894 | AA13: 1.3863801 | AB13: 1.3863801 | AC13: 1.3863801 | AD13: 1.3945398 | AE13: 1.3945398 | AF13: 1.3945398 | AG13: 1.4171787 | AH13: 1.4171787 | AI13: 1.4171787 | AJ13: 1.3984245 | AK13: 1.3984245 | AL13: 1.3984245 | AM13: 1.5244438 | AN13: 1.5244438 | AO13: 1.5244438 | AP13: 1.4251153 | AQ13: 1.4251153 | AR13: 1.4251153 | AS13: 1.3872537 | AT13: 1.3872537 | AU13: 1.3872537 | AV13: 1.456267 | AW13: 1.456267 | AX13: 1.456267 | AY13: 1.3863801 | AZ13: 1.3863801 | BA13: 1.3863801 | BB13: 1.3842055 | BC13: 1.3842055 | BD13: 1.3842055 | BE13: 1.4822329 | BF13: 1.4822329 | BG13: 1.4822329 | BH13: 1.4061566 | BI13: 1.4061566 | BJ13: 1.4061566 | BK13: 1.4019002 | BL13: 1.4052645 | BM13: 1.4019002 | BN13: 1.3876069 | BO13: 1.3876069 | BP13: 1.3876069 | BQ13: 1.4002274 | BR13: 1.4002274 | BS13: 1.4002274 | BT13: 1.3953762 | BU13: 1.3953762 | BV13: 1.3953762 | BW13: 1.3967888 | BX13: 1.3967888 | BY13: 1.3967888 | BZ13: 1.4041307 | CA13: 1.4041307 | CB13: 1.4041307 | CC13: 1.3854694 | CD13: 1.3854694 | CE13: 1.3854694 | CF13: 1.3952647 | CG13: 1.3952647 | CH13: 1.3952647 | CI13: 1.3884247 | CJ13: 1.3884247 | CK13: 1.3884247 | CL13: 1.400469 | CM13: 1.400469 | CN13: 1.400469 | CO13: 1.3975137 | CP13: 1.3975137 | CQ13: 1.3975137 | CR13: 1.4463416 | CS13: 1.4463416 | CT13: 1.4463416 | CU13: 1.3906737 | CV13: 1.3906737 | CW13: 1.3906737 | CX13: 1.4000973 | CY13: 1.4000973 | CZ13: 1.4000973 | DA13: 1.3880158 | DB13: 1.3880158 | DC13: 1.3880158 | DD13: 1.401324 | DE13: 1.401324 | DF13: 1.401324 | DG13: 1.3945584 | DH13: 1.3945584 | DI13: 1.3945584 | DJ13: 1.3927369 | DK13: 1.3927369 | DL13: 1.3927369 | DM13: 1.4166768 | DN13: 1.4166768 | DO13: 1.4166768 | DP13: 1.3955807 | DQ13: 1.3955807 | DR13: 1.3955807 | DS13: 1.4038333 | DT13: 1.4038333 | DU13: 1.4038333 | DV13: 1.4171973 | DW13: 1.4171973 | DX13: 1.4171973 | DY13: 1.4077923 | DZ13: 1.4077923 | EA13: 1.4077923 | EB13: =OFFSET(B2GPPLYP_extrap!F$7,(ROW(B2GPPLYP_extrap!F10)-1)*4,0) -> 1.3950512 | EC13: =OFFSET(B2GPPLYP_extrap!G$7,(ROW(B2GPPLYP_extrap!G10)-1)*4,0) -> 1.3950512 | ED13: =OFFSET(B2GPPLYP_extrap!H$7,(ROW(B2GPPLYP_extrap!H10)-1)*4,0) -> 1.3950512 | EE13: =OFFSET(DSDPBE_extrap!F$7,(ROW(DSDPBE_extrap!F10)-1)*4,0) -> 1.3851697 | EF13: =OFFSET(DSDPBE_extrap!G$7,(ROW(DSDPBE_extrap!G10)-1)*4,0) -> 1.3851697 | EG13: =OFFSET(DSDPBE_extrap!H$7,(ROW(DSDPBE_extrap!H10)-1)*4,0) -> 1.3851697 | EH13: =OFFSET(PTPSS_extrap!F$7,(ROW(PTPSS_extrap!F10)-1)*4,0) -> 1.3823715 | EI13: =OFFSET(PTPSS_extrap!G$7,(ROW(PTPSS_extrap!G10)-1)*4,0) -> 1.3823715 | EJ13: =OFFSET(PTPSS_extrap!H$7,(ROW(PTPSS_extrap!H10)-1)*4,0) -> 1.3823715 | EK13: =OFFSET(wB97X2TQZ_extrap!F$7,(ROW(wB97X2TQZ_extrap!F10)-1)*4,0) -> 1.3966132 | EL13: =OFFSET(wB97X2TQZ_extrap!G$7,(ROW(wB97X2TQZ_extrap!G10)-1)*4,0) -> 1.3966132 | EM13: =OFFSET(wB97X2TQZ_extrap!H$7,(ROW(wB97X2TQZ_extrap!H10)-1)*4,0) -> 1.3966132 | EN13: =OFFSET(B2PLYP_extrap!F$7,(ROW(B2PLYP_extrap!F10)-1)*4,0) -> 1.3958882 | EO13: =OFFSET(B2PLYP_extrap!G$7,(ROW(B2PLYP_extrap!G10)-1)*4,0) -> 1.3958882 | EP13: =OFFSET(B2PLYP_extrap!H$7,(ROW(B2PLYP_extrap!H10)-1)*4,0) -> 1.3958882 | EQ13: =OFFSET(XYG3_extrap!F$7,(ROW(XYG3_extrap!F10)-1)*4,0) -> 1.3832062 | ER13: =OFFSET(XYG3_extrap!G$7,(ROW(XYG3_extrap!G10)-1)*4,0) -> 1.3832064 | ES13: =OFFSET(XYG3_extrap!H$7,(ROW(XYG3_extrap!H10)-1)*4,0) -> 1.3832064 | ET13: =OFFSET(XYGJOS_extrap!F$7,(ROW(XYGJOS_extrap!F10)-1)*4,0) -> 1.3799216 | EU13: =OFFSET(XYGJOS_extrap!G$7,(ROW(XYGJOS_extrap!G10)-1)*4,0) -> 1.379922 | EV13: =OFFSET(XYGJOS_extrap!H$7,(ROW(XYGJOS_extrap!H10)-1)*4,0) -> 1.379922 | EW13: =OFFSET(wB97M2_extrap!F$7,(ROW(wB97M2_extrap!F10)-1)*4,0) -> 1.3899117 | EX13: =OFFSET(wB97M2_extrap!G$7,(ROW(wB97M2_extrap!G10)-1)*4,0) -> 1.3899117 | EY13: =OFFSET(wB97M2_extrap!H$7,(ROW(wB97M2_extrap!H10)-1)*4,0) -> 1.3899117
A14: BeH | B14: =wft_table!K15 -> 0.98657583 | C14: =wft_table!L15 -> 0.98657583 | D14: =wft_table!M15 -> 2.6413143 | F14: =wft_table!B15 -> 0.97841573 | G14: =wft_table!C15 -> 0.97841573 | H14: =wft_table!D15 -> 2.7111094 | I14: =wft_table!E15 -> 0.97926473 | J14: =wft_table!F15 -> 0.97926473 | K14: =wft_table!G15 -> 2.6672125 | L14: =wft_table!H15 -> 0.98480853 | M14: =wft_table!I15 -> 0.98480853 | N14: =wft_table!J15 -> 2.6456196 | O14: 1.0808669 | P14: 1.0808669 | Q14: 2.7183015 | R14: 1.0424737 | S14: 1.0424737 | T14: 2.634094 | U14: 1.0241247 | V14: 1.0241247 | W14: 2.6317615 | X14: 1.0196936 | Y14: 1.0196936 | Z14: 2.6309713 | AA14: 1.0067273 | AB14: 1.0067273 | AC14: 2.6182175 | AD14: 1.0135822 | AE14: 1.0135822 | AF14: 2.6219249 | AG14: 1.0364218 | AH14: 1.0364218 | AI14: 2.6851892 | AJ14: 1.0207047 | AK14: 1.0207047 | AL14: 2.6253252 | AM14: 1.0635141 | AN14: 1.0635141 | AO14: 2.630238 | AP14: 1.0553953 | AQ14: 1.0553953 | AR14: 2.6983115 | AS14: 0.96818549 | AT14: 0.96818549 | AU14: 2.6103727 | AV14: 1.0571648 | AW14: 1.0571648 | AX14: 2.6769723 | AY14: 0.99556031 | AZ14: 0.99556031 | BA14: 2.6367599 | BB14: 0.9901478 | BC14: 0.9901478 | BD14: 2.6230037 | BE14: 1.0455368 | BF14: 1.0455368 | BG14: 2.7239734 | BH14: 0.99642274 | BI14: 0.99642274 | BJ14: 2.6923828 | BK14: 1.0026382 | BL14: 1.0026382 | BM14: 2.6237823 | BN14: 1.0015676 | BO14: 1.0015676 | BP14: 2.6133018 | BQ14: 1.0054932 | BR14: 1.0054932 | BS14: 2.6325696 | BT14: 1.00585 | BU14: 1.00585 | BV14: 2.6418297 | BW14: 1.0043333 | BX14: 1.0043333 | BY14: 2.6462248 | BZ14: 0.96980627 | CA14: 0.96980627 | CB14: 2.6538041 | CC14: 1.0137904 | CD14: 1.0137904 | CE14: 2.612046 | CF14: 1.0040062 | CG14: 1.0040062 | CH14: 2.630544 | CI14: 1.0045415 | CJ14: 1.0045415 | CK14: 2.6665894 | CL14: 1.0065786 | CM14: 1.0065786 | CN14: 2.6245998 | CO14: 1.0144149 | CP14: 1.0144149 | CQ14: 2.6696001 | CR14: 1.0668449 | CS14: 1.0668449 | CT14: 2.6472898 | CU14: 1.006653 | CV14: 1.006653 | CW14: 2.6333705 | CX14: 0.99712161 | CY14: 0.99712161 | CZ14: 2.6259271 | DA14: 0.99837065 | DB14: 0.99837065 | DC14: 2.6157097 | DD14: 1.0051512 | DE14: 1.0051512 | DF14: 2.6420386 | DG14: 1.0035155 | DH14: 1.0035155 | DI14: 2.6294019 | DJ14: 1.0031735 | DK14: 1.0031735 | DL14: 2.6360378 | DM14: 1.0056121 | DN14: 1.0056121 | DO14: 2.6702562 | DP14: 1.0018947 | DQ14: 1.0018947 | DR14: 2.6684327 | DS14: 1.000378 | DT14: 1.000378 | DU14: 2.6711641 | DV14: 1.0509642 | DW14: 1.0509642 | DX14: 2.6591928 | DY14: 1.0151732 | DZ14: 1.0151732 | EA14: 2.6464946 | EB14: =OFFSET(B2GPPLYP_extrap!F$7,(ROW(B2GPPLYP_extrap!F11)-1)*4,0) -> 0.98954829 | EC14: =OFFSET(B2GPPLYP_extrap!G$7,(ROW(B2GPPLYP_extrap!G11)-1)*4,0) -> 0.98954829 | ED14: =OFFSET(B2GPPLYP_extrap!H$7,(ROW(B2GPPLYP_extrap!H11)-1)*4,0) -> 2.6498366 | EE14: =OFFSET(DSDPBE_extrap!F$7,(ROW(DSDPBE_extrap!F11)-1)*4,0) -> 0.98873556 | EF14: =OFFSET(DSDPBE_extrap!G$7,(ROW(DSDPBE_extrap!G11)-1)*4,0) -> 0.98873556 | EG14: =OFFSET(DSDPBE_extrap!H$7,(ROW(DSDPBE_extrap!H11)-1)*4,0) -> 2.6513531 | EH14: =OFFSET(PTPSS_extrap!F$7,(ROW(PTPSS_extrap!F11)-1)*4,0) -> 0.99519063 | EI14: =OFFSET(PTPSS_extrap!G$7,(ROW(PTPSS_extrap!G11)-1)*4,0) -> 0.99519063 | EJ14: =OFFSET(PTPSS_extrap!H$7,(ROW(PTPSS_extrap!H11)-1)*4,0) -> 2.6340097 | EK14: =OFFSET(wB97X2TQZ_extrap!F$7,(ROW(wB97X2TQZ_extrap!F11)-1)*4,0) -> 0.98972058 | EL14: =OFFSET(wB97X2TQZ_extrap!G$7,(ROW(wB97X2TQZ_extrap!G11)-1)*4,0) -> 0.98972058 | EM14: =OFFSET(wB97X2TQZ_extrap!H$7,(ROW(wB97X2TQZ_extrap!H11)-1)*4,0) -> 2.6599786 | EN14: =OFFSET(B2PLYP_extrap!F$7,(ROW(B2PLYP_extrap!F11)-1)*4,0) -> 0.99477667 | EO14: =OFFSET(B2PLYP_extrap!G$7,(ROW(B2PLYP_extrap!G11)-1)*4,0) -> 0.99477667 | EP14: =OFFSET(B2PLYP_extrap!H$7,(ROW(B2PLYP_extrap!H11)-1)*4,0) -> 2.6452053 | EQ14: =OFFSET(XYG3_extrap!F$7,(ROW(XYG3_extrap!F11)-1)*4,0) -> 0.9812951 | ER14: =OFFSET(XYG3_extrap!G$7,(ROW(XYG3_extrap!G11)-1)*4,0) -> 0.98129391 | ES14: =OFFSET(XYG3_extrap!H$7,(ROW(XYG3_extrap!H11)-1)*4,0) -> 2.6492116 | ET14: =OFFSET(XYGJOS_extrap!F$7,(ROW(XYGJOS_extrap!F11)-1)*4,0) -> 0.98994522 | EU14: =OFFSET(XYGJOS_extrap!G$7,(ROW(XYGJOS_extrap!G11)-1)*4,0) -> 0.98994395 | EV14: =OFFSET(XYGJOS_extrap!H$7,(ROW(XYGJOS_extrap!H11)-1)*4,0) -> 2.6513788 | EW14: =OFFSET(wB97M2_extrap!F$7,(ROW(wB97M2_extrap!F11)-1)*4,0) -> 0.99637862 | EX14: =OFFSET(wB97M2_extrap!G$7,(ROW(wB97M2_extrap!G11)-1)*4,0) -> 0.99636132 | EY14: =OFFSET(wB97M2_extrap!H$7,(ROW(wB97M2_extrap!H11)-1)*4,0) -> 2.6571136
A15: BeH2 | B15: =wft_table!K16 -> 0.81212191 | C15: =wft_table!L16 -> 0.81212191 | D15: =wft_table!M16 -> 3.5580212 | F15: =wft_table!B16 -> 0.81305406 | G15: =wft_table!C16 -> 0.81305406 | H15: =wft_table!D16 -> 3.6105651 | I15: =wft_table!E16 -> 0.80960299 | J15: =wft_table!F16 -> 0.80960299 | K15: =wft_table!G16 -> 3.5713523 | L15: =wft_table!H16 -> 0.81105299 | M15: =wft_table!I16 -> 0.81105299 | N15: =wft_table!J16 -> 3.5612574 | O15: 0.89717848 | P15: 0.89717848 | Q15: 3.5840849 | R15: 0.85828224 | S15: 0.85828224 | T15: 3.5413722 | U15: 0.83087272 | V15: 0.83087272 | W15: 3.5767121 | X15: 0.83838184 | Y15: 0.83838184 | Z15: 3.5758943 | AA15: 0.82872903 | AB15: 0.82872903 | AC15: 3.5480511 | AD15: 0.83367315 | AE15: 0.83367315 | AF15: 3.5525243 | AG15: 0.8335988 | AH15: 0.8335988 | AI15: 3.5666256 | AJ15: 0.83905097 | AK15: 0.83905097 | AL15: 3.5519543 | AM15: 0.85373464 | AN15: 0.85373464 | AO15: 3.6005158 | AP15: 0.83187642 | AQ15: 0.83187642 | AR15: 3.6594487 | AS15: 0.80001843 | AT15: 0.80001843 | AU15: 3.5537015 | AV15: 0.82988142 | AW15: 0.82988142 | AX15: 3.6198214 | AY15: 0.81828318 | AZ15: 0.81828318 | BA15: 3.5863525 | BB15: 0.81659796 | BC15: 0.81659796 | BD15: 3.5472209 | BE15: 0.84392074 | BF15: 0.84392074 | BG15: 3.6783826 | BH15: 0.80934906 | BI15: 0.80934906 | BJ15: 3.6492011 | BK15: 0.82341317 | BL15: 0.82341317 | BM15: 3.5662291 | BN15: 0.8169697 | BO15: 0.8169697 | BP15: 3.5485219 | BQ15: 0.82808468 | BR15: 0.82808468 | BS15: 3.5725734 | BT15: 0.82387165 | BU15: 0.82387165 | BV15: 3.5633667 | BW15: 0.82011709 | BX15: 0.82011709 | BY15: 3.563156 | BZ15: 0.80171603 | CA15: 0.80171603 | CB15: 3.5782115 | CC15: 0.82504882 | CD15: 0.82504882 | CE15: 3.5481626 | CF15: 0.82617642 | CG15: 0.82617642 | CH15: 3.5535032 | CI15: 0.81872926 | CJ15: 0.81872926 | CK15: 3.5631065 | CL15: 0.81532166 | CM15: 0.81532166 | CN15: 3.537122 | CO15: 0.83026555 | CP15: 0.83026555 | CQ15: 3.599859 | CR15: 0.83788619 | CS15: 0.83788619 | CT15: 3.617529 | CU15: 0.82620121 | CV15: 0.82620121 | CW15: 3.5664769 | CX15: 0.81897709 | CY15: 0.81897709 | CZ15: 3.5670965 | DA15: 0.81457818 | DB15: 0.81457818 | DC15: 3.5507772 | DD15: 0.83248359 | DE15: 0.83248359 | DF15: 3.5762165 | DG15: 0.82573034 | DH15: 0.82573034 | DI15: 3.553243 | DJ15: 0.82889012 | DK15: 0.82889012 | DL15: 3.5547424 | DM15: 0.82665969 | DN15: 0.82665969 | DO15: 3.5737382 | DP15: 0.82757664 | DQ15: 0.82757664 | DR15: 3.574333 | DS15: 0.82582947 | DT15: 0.82582947 | DU15: 3.6205896 | DV15: 0.8411327 | DW15: 0.8411327 | DX15: 3.5917923 | DY15: 0.83300402 | DZ15: 0.83300402 | EA15: 3.5813217 | EB15: =OFFSET(B2GPPLYP_extrap!F$7,(ROW(B2GPPLYP_extrap!F12)-1)*4,0) -> 0.81701678 | EC15: =OFFSET(B2GPPLYP_extrap!G$7,(ROW(B2GPPLYP_extrap!G12)-1)*4,0) -> 0.81701678 | ED15: =OFFSET(B2GPPLYP_extrap!H$7,(ROW(B2GPPLYP_extrap!H12)-1)*4,0) -> 3.5729086 | EE15: =OFFSET(DSDPBE_extrap!F$7,(ROW(DSDPBE_extrap!F12)-1)*4,0) -> 0.81550214 | EF15: =OFFSET(DSDPBE_extrap!G$7,(ROW(DSDPBE_extrap!G12)-1)*4,0) -> 0.81550214 | EG15: =OFFSET(DSDPBE_extrap!H$7,(ROW(DSDPBE_extrap!H12)-1)*4,0) -> 3.5619489 | EH15: =OFFSET(PTPSS_extrap!F$7,(ROW(PTPSS_extrap!F12)-1)*4,0) -> 0.81878846 | EI15: =OFFSET(PTPSS_extrap!G$7,(ROW(PTPSS_extrap!G12)-1)*4,0) -> 0.81878846 | EJ15: =OFFSET(PTPSS_extrap!H$7,(ROW(PTPSS_extrap!H12)-1)*4,0) -> 3.560953 | EK15: =OFFSET(wB97X2TQZ_extrap!F$7,(ROW(wB97X2TQZ_extrap!F12)-1)*4,0) -> 0.81791938 | EL15: =OFFSET(wB97X2TQZ_extrap!G$7,(ROW(wB97X2TQZ_extrap!G12)-1)*4,0) -> 0.81791938 | EM15: =OFFSET(wB97X2TQZ_extrap!H$7,(ROW(wB97X2TQZ_extrap!H12)-1)*4,0) -> 3.5754371 | EN15: =OFFSET(B2PLYP_extrap!F$7,(ROW(B2PLYP_extrap!F12)-1)*4,0) -> 0.8206635 | EO15: =OFFSET(B2PLYP_extrap!G$7,(ROW(B2PLYP_extrap!G12)-1)*4,0) -> 0.8206635 | EP15: =OFFSET(B2PLYP_extrap!H$7,(ROW(B2PLYP_extrap!H12)-1)*4,0) -> 3.573065 | EQ15: =OFFSET(XYG3_extrap!F$7,(ROW(XYG3_extrap!F12)-1)*4,0) -> 0.81118792 | ER15: =OFFSET(XYG3_extrap!G$7,(ROW(XYG3_extrap!G12)-1)*4,0) -> 0.81118792 | ES15: =OFFSET(XYG3_extrap!H$7,(ROW(XYG3_extrap!H12)-1)*4,0) -> 3.5696135 | ET15: =OFFSET(XYGJOS_extrap!F$7,(ROW(XYGJOS_extrap!F12)-1)*4,0) -> 0.81810726 | EU15: =OFFSET(XYGJOS_extrap!G$7,(ROW(XYGJOS_extrap!G12)-1)*4,0) -> 0.8181074 | EV15: =OFFSET(XYGJOS_extrap!H$7,(ROW(XYGJOS_extrap!H12)-1)*4,0) -> 3.5633076 | EW15: =OFFSET(wB97M2_extrap!F$7,(ROW(wB97M2_extrap!F12)-1)*4,0) -> 0.81998847 | EX15: =OFFSET(wB97M2_extrap!G$7,(ROW(wB97M2_extrap!G12)-1)*4,0) -> 0.81998847 | EY15: =OFFSET(wB97M2_extrap!H$7,(ROW(wB97M2_extrap!H12)-1)*4,0) -> 3.570161
... A87: SiO | B87: =wft_table!K88 -> 0.55265601 | C87: =wft_table!L88 -> 0.55265601 | D87: =wft_table!M88 -> 2.5654737 | F87: =wft_table!B88 -> 0.54350196 | G87: =wft_table!C88 -> 0.54350196 | H87: =wft_table!D88 -> 2.5978585 | I87: =wft_table!E88 -> 0.55917666 | J87: =wft_table!F88 -> 0.55917666 | K87: =wft_table!G88 -> 2.5660719 | L87: =wft_table!H88 -> 0.54856061 | M87: =wft_table!I88 -> 0.54856061 | N87: =wft_table!J88 -> 2.5697255 | O87: 0.57530926 | P87: 0.57530926 | Q87: 2.5796615 | R87: 0.55894939 | S87: 0.55894939 | T87: 2.5642875 | U87: 0.5547555 | V87: 0.5547555 | W87: 2.5678156 | X87: 0.56058842 | Y87: 0.56058842 | Z87: 2.5728949 | AA87: 0.5544277 | AB87: 0.5544277 | AC87: 2.5636499 | AD87: 0.55628639 | AE87: 0.55628639 | AF87: 2.5656452 | AG87: 0.54995332 | AH87: 0.54995332 | AI87: 2.5658813 | AJ87: 0.55851006 | AK87: 0.55851006 | AL87: 2.567329 | AM87: 0.57147022 | AN87: 0.57147022 | AO87: 2.5793471 | AP87: 0.5536538 | AQ87: 0.5536538 | AR87: 2.5779433 | AS87: 0.54391426 | AT87: 0.54391426 | AU87: 2.5651536 | AV87: 0.54883134 | AW87: 0.54883134 | AX87: 2.5533997 | AY87: 0.54928757 | AZ87: 0.54928757 | BA87: 2.5689492 | BB87: 0.55272108 | BC87: 0.55272108 | BD87: 2.5688222 | BE87: 0.5645525 | BF87: 0.5645525 | BG87: 2.5947175 | BH87: 0.54598247 | BI87: 0.54598247 | BJ87: 2.5814822 | BK87: 0.55283598 | BL87: 0.55283598 | BM87: 2.5679492 | BN87: 0.55483323 | BO87: 0.55483323 | BP87: 2.5683036 | BQ87: 0.55421479 | BR87: 0.55421479 | BS87: 2.5733676 | BT87: 0.55256224 | BU87: 0.55256224 | BV87: 2.5707312 | BW87: 0.54940585 | BX87: 0.54940585 | BY87: 2.56885 | BZ87: 0.53623617 | CA87: 0.53623617 | CB87: 2.5886258 | CC87: 0.55001077 | CD87: 0.55001077 | CE87: 2.5663153 | CF87: 0.55139972 | CG87: 0.55139972 | CH87: 2.569523 | CI87: 0.54999049 | CJ87: 0.54999049 | CK87: 2.5762451 | CL87: 0.54384329 | CM87: 0.54384329 | CN87: 2.5659116 | CO87: 0.55116654 | CP87: 0.55116654 | CQ87: 2.5749366 | CR87: 0.55487378 | CS87: 0.55487378 | CT87: 2.5710435 | CU87: 0.55071707 | CV87: 0.55071707 | CW87: 2.5671017 | CX87: 0.54889555 | CY87: 0.54889555 | CZ87: 2.5703251 | DA87: 0.55244058 | DB87: 0.55244058 | DC87: 2.5692057 | DD87: 0.55340373 | DE87: 0.55340373 | DF87: 2.5759955 | DG87: 0.55137944 | DH87: 0.55137944 | DI87: 2.5694606 | DJ87: 0.55135916 | DK87: 0.55135916 | DL87: 2.5695733 | DM87: 0.54909832 | DN87: 0.54909832 | DO87: 2.5704393 | DP87: 0.55274811 | DQ87: 0.55274811 | DR87: 2.5761375 | DS87: 0.54885838 | DT87: 0.54885838 | DU87: 2.5707295 | DV87: 0.55661757 | DW87: 0.55661757 | DX87: 2.571377 | DY87: 0.55147406 | DZ87: 0.55147406 | EA87: 2.5650062 | EB87: =OFFSET(B2GPPLYP_extrap!F$7,(ROW(B2GPPLYP_extrap!F84)-1)*4,0) -> 0.55558456 | EC87: =OFFSET(B2GPPLYP_extrap!G$7,(ROW(B2GPPLYP_extrap!G84)-1)*4,0) -> 0.55558456 | ED87: =OFFSET(B2GPPLYP_extrap!H$7,(ROW(B2GPPLYP_extrap!H84)-1)*4,0) -> 2.5719021 | EE87: =OFFSET(DSDPBE_extrap!F$7,(ROW(DSDPBE_extrap!F84)-1)*4,0) -> 0.55464017 | EF87: =OFFSET(DSDPBE_extrap!G$7,(ROW(DSDPBE_extrap!G84)-1)*4,0) -> 0.55464017 | EG87: =OFFSET(DSDPBE_extrap!H$7,(ROW(DSDPBE_extrap!H84)-1)*4,0) -> 2.5686868 | EH87: =OFFSET(PTPSS_extrap!F$7,(ROW(PTPSS_extrap!F84)-1)*4,0) -> 0.55473165 | EI87: =OFFSET(PTPSS_extrap!G$7,(ROW(PTPSS_extrap!G84)-1)*4,0) -> 0.55473165 | EJ87: =OFFSET(PTPSS_extrap!H$7,(ROW(PTPSS_extrap!H84)-1)*4,0) -> 2.5682464 | EK87: =OFFSET(wB97X2TQZ_extrap!F$7,(ROW(wB97X2TQZ_extrap!F84)-1)*4,0) -> 0.55807896 | EL87: =OFFSET(wB97X2TQZ_extrap!G$7,(ROW(wB97X2TQZ_extrap!G84)-1)*4,0) -> 0.55807896 | EM87: =OFFSET(wB97X2TQZ_extrap!H$7,(ROW(wB97X2TQZ_extrap!H84)-1)*4,0) -> 2.5730358 | EN87: =OFFSET(B2PLYP_extrap!F$7,(ROW(B2PLYP_extrap!F84)-1)*4,0) -> 0.55683498 | EO87: =OFFSET(B2PLYP_extrap!G$7,(ROW(B2PLYP_extrap!G84)-1)*4,0) -> 0.55683498 | EP87: =OFFSET(B2PLYP_extrap!H$7,(ROW(B2PLYP_extrap!H84)-1)*4,0) -> 2.5717774 | EQ87: =OFFSET(XYG3_extrap!F$7,(ROW(XYG3_extrap!F84)-1)*4,0) -> 0.55734137 | ER87: =OFFSET(XYG3_extrap!G$7,(ROW(XYG3_extrap!G84)-1)*4,0) -> 0.55734162 | ES87: =OFFSET(XYG3_extrap!H$7,(ROW(XYG3_extrap!H84)-1)*4,0) -> 2.5707978 | ET87: =OFFSET(XYGJOS_extrap!F$7,(ROW(XYGJOS_extrap!F84)-1)*4,0) -> 0.556775 | EU87: =OFFSET(XYGJOS_extrap!G$7,(ROW(XYGJOS_extrap!G84)-1)*4,0) -> 0.55677758 | EV87: =OFFSET(XYGJOS_extrap!H$7,(ROW(XYGJOS_extrap!H84)-1)*4,0) -> 2.5696021 | EW87: =OFFSET(wB97M2_extrap!F$7,(ROW(wB97M2_extrap!F84)-1)*4,0) -> 0.55521262 | EX87: =OFFSET(wB97M2_extrap!G$7,(ROW(wB97M2_extrap!G84)-1)*4,0) -> 0.55520869 | EY87: =OFFSET(wB97M2_extrap!H$7,(ROW(wB97M2_extrap!H84)-1)*4,0) -> 2.5575833

Sheet analytic_cc
A1: method | B1: analytic_cc | C1: analytic_cc | D1: analytic_cc | E1: finite_diff/CCSD
A2: component | B2: XX | C2: YY | D2: ZZ | F2: XX | G2: YY | H2: ZZ
A3: molecule
A4: AlF | B4: 0.53332985 | C4: 0.53332985 | D4: 3.0741161 | F4: =wft_table!AR5 -> 0.53333494 | G4: =wft_table!AS5 -> 0.53333494 | H4: =wft_table!AT5 -> 3.0741216
A5: Ar | B5: 0.48302462 | C5: 0.48302462 | D5: 0.48302462 | F5: =wft_table!AR6 -> 0.48302577 | G5: =wft_table!AS6 -> 0.48302577 | H5: =wft_table!AT6 -> 0.48302577
A6: BF | B6: 0.55876014 | C6: 0.55876014 | D6: 2.061605 | F6: =wft_table!AR7 -> 0.55876161 | G6: =wft_table!AS7 -> 0.55876161 | H6: =wft_table!AT7 -> 2.0616056
A7: BH2 | B7: 0.70762017 | C7: 1.1843789 | D7: 2.0556166 | F7: =wft_table!AR8 -> 0.70762256 | G7: =wft_table!AS8 -> 1.1843792 | H7: =wft_table!AT8 -> 2.055624
A8: BH2F | B8: 0.50553648 | C8: 1.0899998 | D8: 2.6200965 | F8: =wft_table!AR9 -> 0.50553518 | G8: =wft_table!AS9 -> 1.090005 | H8: =wft_table!AT9 -> 2.6200982
A9: BH3 | B9: 1.8128605 | C9: 1.812815 | D9: 0.66450116 | F9: =wft_table!AR10 -> 1.8128633 | G9: =wft_table!AS10 -> 1.8128086 | H9: =wft_table!AT10 -> 0.66450106
A10: BHF2 | B10: 0.44809049 | C10: 3.967785 | D10: 1.175101 | F10: =wft_table!AR11 -> 0.44808822 | G10: =wft_table!AS11 -> 3.9677852 | H10: =wft_table!AT11 -> 1.1751019
A11: BO | B11: 0.59645156 | C11: 0.59645156 | D11: 1.8101897 | F11: =wft_table!AR12 -> 0.5964548 | G11: =wft_table!AS12 -> 0.5964548 | H11: =wft_table!AT12 -> 1.8102831
A12: BS | B12: 0.68166928 | C12: 0.68166928 | D12: 2.2696416 | F12: =wft_table!AR13 -> 0.68167014 | G12: =wft_table!AS13 -> 0.68167014 | H12: =wft_table!AT13 -> 2.2696442
A13: Be | B13: 1.3597823 | C13: 1.3597823 | D13: 1.3597823 | F13: =wft_table!AR14 -> 1.3597897 | G13: =wft_table!AS14 -> 1.3597897 | H13: =wft_table!AT14 -> 1.3597897
A14: BeH | B14: 0.99001397 | C14: 0.99001397 | D14: 2.6567845 | F14: =wft_table!AR15 -> 0.99001158 | G14: =wft_table!AS15 -> 0.99001158 | H14: =wft_table!AT15 -> 2.6568561
A15: BeH2 | B15: 0.81547036 | C15: 0.81547036 | D15: 3.5729699 | F15: =wft_table!AR16 -> 0.8154763 | G15: =wft_table!AS16 -> 0.8154763 | H15: =wft_table!AT16 -> 3.5729795
... A87: SiO | B87: 0.55320434 | C87: 0.55320434 | D87: 2.5742542 | F87: =wft_table!AR88 -> 0.55320316 | G87: =wft_table!AS88 -> 0.55320316 | H87: =wft_table!AT88 -> 2.5742587
A91: RMSE | B91: {=SQRT(AVERAGE((B4:B87-F4:F87)^2))} -> 0.00063191576 | C91: {=SQRT(AVERAGE((C4:C87-G4:G87)^2))} -> 0.00085034387 | D91: {=SQRT(AVERAGE((D4:D87-H4:H87)^2))} -> 0.0021599197
A92: Total_RMSE | D92: {=SQRT(AVERAGE(B91:D91^2))} -> 0.0013889631

Sheet relative_error
A1: method | B1: CCSD\(T\) | C1: CCSD\(T\) | D1: CCSD\(T\) | E1: Error: | F1: HF | G1: HF | H1: HF | I1: MP2 | J1: MP2 | K1: MP2 | L1: CCSD | M1: CCSD | N1: CCSD | O1: Slater | P1: Slater | Q1: Slater | R1: SPW92 | S1: SPW92 | T1: SPW92 | U1: B97-D3 | V1: B97-D3 | W1: B97-D3 | X1: BLYP | Y1: BLYP | Z1: BLYP | AA1: BPBE | AB1: BPBE | AC1: BPBE | AD1: mPW91 | AE1: mPW91 | AF1: mPW91 | AG1: N12 | AH1: N12 | AI1: N12 | AJ1: PBE | AK1: PBE | AL1: PBE | AM1: SOGGA11 | AN1: SOGGA11 | AO1: SOGGA11 | AP1: B97M-V | AQ1: B97M-V | AR1: B97M-V | AS1: M06-L | AT1: M06-L | AU1: M06-L | AV1: M11-L | AW1: M11-L | AX1: M11-L | AY1: mBEEF | AZ1: mBEEF | BA1: mBEEF | BB1: MGGA_MS2 | BC1: MGGA_MS2 | BD1: MGGA_MS2 | BE1: MN15-L | BF1: MN15-L | BG1: MN15-L | BH1: revM06-L | BI1: revM06-L | BJ1: revM06-L | BK1: SCAN | BL1: SCAN | BM1: SCAN | BN1: TPSS | BO1: TPSS | BP1: TPSS | BQ1: B3LYP | BR1: B3LYP | BS1: B3LYP | BT1: B97 | BU1: B97 | BV1: B97 | BW1: B97-2 | BX1: B97-2 | BY1: B97-2 | BZ1: HFLYP | CA1: HFLYP | CB1: HFLYP | CC1: M06-2X | CD1: M06-2X | CE1: M06-2X | CF1: PBE0 | CG1: PBE0 | CH1: PBE0 | CI1: SOGGA11-X | CJ1: SOGGA11-X | CK1: SOGGA11-X | CL1: M06 | CM1: M06 | CN1: M06 | CO1: M08-HX | CP1: M08-HX | CQ1: M08-HX | CR1: MN15 | CS1: MN15 | CT1: MN15 | CU1: PW6B95 | CV1: PW6B95 | CW1: PW6B95 | CX1: SCAN0 | CY1: SCAN0 | CZ1: SCAN0 | DA1: TPSSh | DB1: TPSSh | DC1: TPSSh | DD1: CAM-B3LYP | DE1: CAM-B3LYP | DF1: CAM-B3LYP | DG1: HSE-HJS | DH1: HSE-HJS | DI1: HSE-HJS | DJ1: LRC-wPBEh | DK1: LRC-wPBEh | DL1: LRC-wPBEh | DM1: wB97X-D | DN1: wB97X-D | DO1: wB97X-D | DP1: wB97X-V | DQ1: wB97X-V | DR1: wB97X-V | DS1: M11 | DT1: M11 | DU1: M11 | DV1: wB97M-V | DW1: wB97M-V | DX1: wB97M-V | DY1: wM05-D | DZ1: wM05-D | EA1: wM05-D | EB1: B2GPPLYP | EC1: B2GPPLYP | ED1: B2GPPLYP | EE1: DSDPBE | EF1: DSDPBE | EG1: DSDPBE | EH1: PTPSS | EI1: PTPSS | EJ1: PTPSS | EK1: wB97X-2TQZ | EL1: wB97X-2TQZ | EM1: wB97X-2TQZ | EN1: B2PLYP | EO1: B2PLYP | EP1: B2PLYP | EQ1: XYG3 | ER1: XYG3 | ES1: XYG3 | ET1: XYGJOS | EU1: XYGJOS | EV1: XYGJOS | EW1: wB97M2 | EX1: wB97M2 | EY1: wB97M2
A2: component | B2: XX | C2: YY | D2: ZZ | F2: XX | G2: YY | H2: ZZ | I2: XX | J2: YY | K2: ZZ | L2: XX | M2: YY | N2: ZZ | O2: XX | P2: YY | Q2: ZZ | R2: XX | S2: YY | T2: ZZ | U2: XX | V2: YY | W2: ZZ | X2: XX | Y2: YY | Z2: ZZ | AA2: XX | AB2: YY | AC2: ZZ | AD2: XX | AE2: YY | AF2: ZZ | AG2: XX | AH2: YY | AI2: ZZ | AJ2: XX | AK2: YY | AL2: ZZ | AM2: XX | AN2: YY | AO2: ZZ | AP2: XX | AQ2: YY | AR2: ZZ | AS2: XX | AT2: YY | AU2: ZZ | AV2: XX | AW2: YY | AX2: ZZ | AY2: XX | AZ2: YY | BA2: ZZ | BB2: XX | BC2: YY | BD2: ZZ | BE2: XX | BF2: YY | BG2: ZZ | BH2: XX | BI2: YY | BJ2: ZZ | BK2: XX | BL2: YY | BM2: ZZ | BN2: XX | BO2: YY | BP2: ZZ | BQ2: XX | BR2: YY | BS2: ZZ | BT2: XX | BU2: YY | BV2: ZZ | BW2: XX | BX2: YY | BY2: ZZ | BZ2: XX | CA2: YY | CB2: ZZ | CC2: XX | CD2: YY | CE2: ZZ | CF2: XX | CG2: YY | CH2: ZZ | CI2: XX | CJ2: YY | CK2: ZZ | CL2: XX | CM2: YY | CN2: ZZ | CO2: XX | CP2: YY | CQ2: ZZ | CR2: XX | CS2: YY | CT2: ZZ | CU2: XX | CV2: YY | CW2: ZZ | CX2: XX | CY2: YY | CZ2: ZZ | DA2: XX | DB2: YY | DC2: ZZ | DD2: XX | DE2: YY | DF2: ZZ | DG2: XX | DH2: YY | DI2: ZZ | DJ2: XX | DK2: YY | DL2: ZZ | DM2: XX | DN2: YY | DO2: ZZ | DP2: XX | DQ2: YY | DR2: ZZ | DS2: XX | DT2: YY | DU2: ZZ | DV2: XX | DW2: YY | DX2: ZZ | DY2: XX | DZ2: YY | EA2: ZZ | EB2: XX | EC2: YY | ED2: ZZ | EE2: XX | EF2: YY | EG2: ZZ | EH2: XX | EI2: YY | EJ2: ZZ | EK2: XX | EL2: YY | EM2: ZZ | EN2: XX | EO2: YY | EP2: ZZ | EQ2: XX | ER2: YY | ES2: ZZ | ET2: XX | EU2: YY | EV2: ZZ | EW2: XX | EX2: YY | EY2: ZZ
A3: molecule
A4: AlF | B4: =combine_values!B4 -> 0.53115417 | C4: =combine_values!C4 -> 0.53115417 | D4: =combine_values!D4 -> 3.0638868 | F4: =(combine_values!F4-combine_values!$B4)/combine_values!$B4*100 -> -0.071387507 | G4: =(combine_values!G4-combine_values!$C4)/combine_values!$C4*100 -> -0.071387507 | H4: =(combine_values!H4-combine_values!$D4)/combine_values!$D4*100 -> 1.3525364 | I4: =(combine_values!I4-combine_values!$B4)/combine_values!$B4*100 -> 0.42817447 | J4: =(combine_values!J4-combine_values!$C4)/combine_values!$C4*100 -> 0.42817447 | K4: =(combine_values!K4-combine_values!$D4)/combine_values!$D4*100 -> 0.13697287 | L4: =(combine_values!L4-combine_values!$B4)/combine_values!$B4*100 -> -0.42294733 | M4: =(combine_values!M4-combine_values!$C4)/combine_values!$C4*100 -> -0.42294733 | N4: =(combine_values!N4-combine_values!$D4)/combine_values!$D4*100 -> 0.17215717 | O4: =(combine_values!O4-combine_values!$B4)/combine_values!$B4*100 -> 5.4391289 | P4: =(combine_values!P4-combine_values!$C4)/combine_values!$C4*100 -> 5.4391289 | Q4: =(combine_values!Q4-combine_values!$D4)/combine_values!$D4*100 -> 0.20027875 | R4: =(combine_values!R4-combine_values!$B4)/combine_values!$B4*100 -> 1.8742492 | S4: =(combine_values!S4-combine_values!$C4)/combine_values!$C4*100 -> 1.8742492 | T4: =(combine_values!T4-combine_values!$D4)/combine_values!$D4*100 -> -0.37462983 | U4: =(combine_values!U4-combine_values!$B4)/combine_values!$B4*100 -> 1.4651437 | V4: =(combine_values!V4-combine_values!$C4)/combine_values!$C4*100 -> 1.4651437 | W4: =(combine_values!W4-combine_values!$D4)/combine_values!$D4*100 -> 0.0081789083 | X4: =(combine_values!X4-combine_values!$B4)/combine_values!$B4*100 -> 2.1179309 | Y4: =(combine_values!Y4-combine_values!$C4)/combine_values!$C4*100 -> 2.1179309 | Z4: =(combine_values!Z4-combine_values!$D4)/combine_values!$D4*100 -> -0.028189109 | AA4: =(combine_values!AA4-combine_values!$B4)/combine_values!$B4*100 -> 1.130479 | AB4: =(combine_values!AB4-combine_values!$C4)/combine_values!$C4*100 -> 1.130479 | AC4: =(combine_values!AC4-combine_values!$D4)/combine_values!$D4*100 -> -0.17146487 | AD4: =(combine_values!AD4-combine_values!$B4)/combine_values!$B4*100 -> 1.491866 | AE4: =(combine_values!AE4-combine_values!$C4)/combine_values!$C4*100 -> 1.491866 | AF4: =(combine_values!AF4-combine_values!$D4)/combine_values!$D4*100 -> -0.13794013 | AG4: =(combine_values!AG4-combine_values!$B4)/combine_values!$B4*100 -> 0.7519133 | AH4: =(combine_values!AH4-combine_values!$C4)/combine_values!$C4*100 -> 0.7519133 | AI4: =(combine_values!AI4-combine_values!$D4)/combine_values!$D4*100 -> 0.045460822 | AJ4: =(combine_values!AJ4-combine_values!$B4)/combine_values!$B4*100 -> 1.9378737 | AK4: =(combine_values!AK4-combine_values!$C4)/combine_values!$C4*100 -> 1.9378737 | AL4: =(combine_values!AL4-combine_values!$D4)/combine_values!$D4*100 -> -0.094069178 | AM4: =(combine_values!AM4-combine_values!$B4)/combine_values!$B4*100 -> 7.7302466 | AN4: =(combine_values!AN4-combine_values!$C4)/combine_values!$C4*100 -> 7.7302466 | AO4: =(combine_values!AO4-combine_values!$D4)/combine_values!$D4*100 -> 0.29511532 | AP4: =(combine_values!AP4-combine_values!$B4)/combine_values!$B4*100 -> 1.2939939 | AQ4: =(combine_values!AQ4-combine_values!$C4)/combine_values!$C4*100 -> 1.2939939 | AR4: =(combine_values!AR4-combine_values!$D4)/combine_values!$D4*100 -> 0.39950351 | AS4: =(combine_values!AS4-combine_values!$B4)/combine_values!$B4*100 -> -1.086198 | AT4: =(combine_values!AT4-combine_values!$C4)/combine_values!$C4*100 -> -1.086198 | AU4: =(combine_values!AU4-combine_values!$D4)/combine_values!$D4*100 -> -0.17562798 | AV4: =(combine_values!AV4-combine_values!$B4)/combine_values!$B4*100 -> 2.8941496 | AW4: =(combine_values!AW4-combine_values!$C4)/combine_values!$C4*100 -> 2.8941496 | AX4: =(combine_values!AX4-combine_values!$D4)/combine_values!$D4*100 -> -0.31852369 | AY4: =(combine_values!AY4-combine_values!$B4)/combine_values!$B4*100 -> 0.4935979 | AZ4: =(combine_values!AZ4-combine_values!$C4)/combine_values!$C4*100 -> 0.4935979 | BA4: =(combine_values!BA4-combine_values!$D4)/combine_values!$D4*100 -> 0.17235346 | BB4: =(combine_values!BB4-combine_values!$B4)/combine_values!$B4*100 -> 0.88616096 | BC4: =(combine_values!BC4-combine_values!$C4)/combine_values!$C4*100 -> 0.88616096 | BD4: =(combine_values!BD4-combine_values!$D4)/combine_values!$D4*100 -> 0.12467319 | BE4: =(combine_values!BE4-combine_values!$B4)/combine_values!$B4*100 -> 4.7335334 | BF4: =(combine_values!BF4-combine_values!$C4)/combine_values!$C4*100 -> 4.7335334 | BG4: =(combine_values!BG4-combine_values!$D4)/combine_values!$D4*100 -> 1.0716657 | BH4: =(combine_values!BH4-combine_values!$B4)/combine_values!$B4*100 -> -0.073932486 | BI4: =(combine_values!BI4-combine_values!$C4)/combine_values!$C4*100 -> -0.073932486 | BJ4: =(combine_values!BJ4-combine_values!$D4)/combine_values!$D4*100 -> 0.91287267 | BK4: =(combine_values!BK4-combine_values!$B4)/combine_values!$B4*100 -> 0.92688063 | BL4: =(combine_values!BL4-combine_values!$C4)/combine_values!$C4*100 -> 0.92688063 | BM4: =(combine_values!BM4-combine_values!$D4)/combine_values!$D4*100 -> 0.071066488 | BN4: =(combine_values!BN4-combine_values!$B4)/combine_values!$B4*100 -> 1.3283511 | BO4: =(combine_values!BO4-combine_values!$C4)/combine_values!$C4*100 -> 1.3283511 | BP4: =(combine_values!BP4-combine_values!$D4)/combine_values!$D4*100 -> 0.099658669 | BQ4: =(combine_values!BQ4-combine_values!$B4)/combine_values!$B4*100 -> 0.89697712 | BR4: =(combine_values!BR4-combine_values!$C4)/combine_values!$C4*100 -> 0.89697712 | BS4: =(combine_values!BS4-combine_values!$D4)/combine_values!$D4*100 -> 0.094733307 | BT4: =(combine_values!BT4-combine_values!$B4)/combine_values!$B4*100 -> 0.82953517 | BU4: =(combine_values!BU4-combine_values!$C4)/combine_values!$C4*100 -> 0.82953517 | BV4: =(combine_values!BV4-combine_values!$D4)/combine_values!$D4*100 -> 0.18930379 | BW4: =(combine_values!BW4-combine_values!$B4)/combine_values!$B4*100 -> 0.36571269 | BX4: =(combine_values!BX4-combine_values!$C4)/combine_values!$C4*100 -> 0.36571269 | BY4: =(combine_values!BY4-combine_values!$D4)/combine_values!$D4*100 -> 0.16196795 | BZ4: =(combine_values!BZ4-combine_values!$B4)/combine_values!$B4*100 -> -1.8382394 | CA4: =(combine_values!CA4-combine_values!$C4)/combine_values!$C4*100 -> -1.8382394 | CB4: =(combine_values!CB4-combine_values!$D4)/combine_values!$D4*100 -> 0.83754687 | CC4: =(combine_values!CC4-combine_values!$B4)/combine_values!$B4*100 -> -0.19354651 | CD4: =(combine_values!CD4-combine_values!$C4)/combine_values!$C4*100 -> -0.19354651 | CE4: =(combine_values!CE4-combine_values!$D4)/combine_values!$D4*100 -> -0.031738431 | CF4: =(combine_values!CF4-combine_values!$B4)/combine_values!$B4*100 -> 0.58203593 | CG4: =(combine_values!CG4-combine_values!$C4)/combine_values!$C4*100 -> 0.58203593 | CH4: =(combine_values!CH4-combine_values!$D4)/combine_values!$D4*100 -> 0.12832713 | CI4: =(combine_values!CI4-combine_values!$B4)/combine_values!$B4*100 -> 0.25055238 | CJ4: =(combine_values!CJ4-combine_values!$C4)/combine_values!$C4*100 -> 0.25055238 | CK4: =(combine_values!CK4-combine_values!$D4)/combine_values!$D4*100 -> 0.41040357 | CL4: =(combine_values!CL4-combine_values!$B4)/combine_values!$B4*100 -> -1.3426047 | CM4: =(combine_values!CM4-combine_values!$C4)/combine_values!$C4*100 -> -1.3426047 | CN4: =(combine_values!CN4-combine_values!$D4)/combine_values!$D4*100 -> -0.31995672 | CO4: =(combine_values!CO4-combine_values!$B4)/combine_values!$B4*100 -> 0.56103985 | CP4: =(combine_values!CP4-combine_values!$C4)/combine_values!$C4*100 -> 0.56103985 | CQ4: =(combine_values!CQ4-combine_values!$D4)/combine_values!$D4*100 -> 0.45119725 | CR4: =(combine_values!CR4-combine_values!$B4)/combine_values!$B4*100 -> 2.3730651 | CS4: =(combine_values!CS4-combine_values!$C4)/combine_values!$C4*100 -> 2.3730651 | CT4: =(combine_values!CT4-combine_values!$D4)/combine_values!$D4*100 -> 0.057907825 | CU4: =(combine_values!CU4-combine_values!$B4)/combine_values!$B4*100 -> 0.36889391 | CV4: =(combine_values!CV4-combine_values!$C4)/combine_values!$C4*100 -> 0.36889391 | CW4: =(combine_values!CW4-combine_values!$D4)/combine_values!$D4*100 -> -0.042858699 | CX4: =(combine_values!CX4-combine_values!$B4)/combine_values!$B4*100 -> 0.13602831 | CY4: =(combine_values!CY4-combine_values!$C4)/combine_values!$C4*100 -> 0.13602831 | CZ4: =(combine_values!CZ4-combine_values!$D4)/combine_values!$D4*100 -> 0.21962311 | DA4: =(combine_values!DA4-combine_values!$B4)/combine_values!$B4*100 -> 0.85816618 | DB4: =(combine_values!DB4-combine_values!$C4)/combine_values!$C4*100 -> 0.85816618 | DC4: =(combine_values!DC4-combine_values!$D4)/combine_values!$D4*100 -> 0.1765105 | DD4: =(combine_values!DD4-combine_values!$B4)/combine_values!$B4*100 -> 0.70101371 | DE4: =(combine_values!DE4-combine_values!$C4)/combine_values!$C4*100 -> 0.70101371 | DF4: =(combine_values!DF4-combine_values!$D4)/combine_values!$D4*100 -> 0.22873675 | DG4: =(combine_values!DG4-combine_values!$B4)/combine_values!$B4*100 -> 0.5731285 | DH4: =(combine_values!DH4-combine_values!$C4)/combine_values!$C4*100 -> 0.5731285 | DI4: =(combine_values!DI4-combine_values!$D4)/combine_values!$D4*100 -> 0.11314285 | DJ4: =(combine_values!DJ4-combine_values!$B4)/combine_values!$B4*100 -> 0.53304508 | DK4: =(combine_values!DK4-combine_values!$C4)/combine_values!$C4*100 -> 0.53304508 | DL4: =(combine_values!DL4-combine_values!$D4)/combine_values!$D4*100 -> 0.22167162 | DM4: =(combine_values!DM4-combine_values!$B4)/combine_values!$B4*100 -> 0.17929295 | DN4: =(combine_values!DN4-combine_values!$C4)/combine_values!$C4*100 -> 0.17929295 | DO4: =(combine_values!DO4-combine_values!$D4)/combine_values!$D4*100 -> 0.25732796 | DP4: =(combine_values!DP4-combine_values!$B4)/combine_values!$B4*100 -> 0.76527444 | DQ4: =(combine_values!DQ4-combine_values!$C4)/combine_values!$C4*100 -> 0.76527444 | DR4: =(combine_values!DR4-combine_values!$D4)/combine_values!$D4*100 -> 0.45686097 | DS4: =(combine_values!DS4-combine_values!$B4)/combine_values!$B4*100 -> -0.09556481 | DT4: =(combine_values!DT4-combine_values!$C4)/combine_values!$C4*100 -> -0.09556481 | DU4: =(combine_values!DU4-combine_values!$D4)/combine_values!$D4*100 -> 0.50972604 | DV4: =(combine_values!DV4-combine_values!$B4)/combine_values!$B4*100 -> 1.335986 | DW4: =(combine_values!DW4-combine_values!$C4)/combine_values!$C4*100 -> 1.335986 | DX4: =(combine_values!DX4-combine_values!$D4)/combine_values!$D4*100 -> 0.039738436 | DY4: =(combine_values!DY4-combine_values!$B4)/combine_values!$B4*100 -> 0.29381702 | DZ4: =(combine_values!DZ4-combine_values!$C4)/combine_values!$C4*100 -> 0.29381702 | EA4: =(combine_values!EA4-combine_values!$D4)/combine_values!$D4*100 -> -0.044218727 | EB4: =(combine_values!EB4-combine_values!$B4)/combine_values!$B4*100 -> 0.4931486 | EC4: =(combine_values!EC4-combine_values!$C4)/combine_values!$C4*100 -> 0.4931486 | ED4: =(combine_values!ED4-combine_values!$D4)/combine_values!$D4*100 -> 0.19561977 | EE4: =(combine_values!EE4-combine_values!$B4)/combine_values!$B4*100 -> 0.36618873 | EF4: =(combine_values!EF4-combine_values!$C4)/combine_values!$C4*100 -> 0.36618873 | EG4: =(combine_values!EG4-combine_values!$D4)/combine_values!$D4*100 -> 0.18801556 | EH4: =(combine_values!EH4-combine_values!$B4)/combine_values!$B4*100 -> 0.4593256 | EI4: =(combine_values!EI4-combine_values!$C4)/combine_values!$C4*100 -> 0.4593256 | EJ4: =(combine_values!EJ4-combine_values!$D4)/combine_values!$D4*100 -> 0.062988865 | EK4: =(combine_values!EK4-combine_values!$B4)/combine_values!$B4*100 -> 0.96286347 | EL4: =(combine_values!EL4-combine_values!$C4)/combine_values!$C4*100 -> 0.96286347 | EM4: =(combine_values!EM4-combine_values!$D4)/combine_values!$D4*100 -> 0.3668575 | EN4: =(combine_values!EN4-combine_values!$B4)/combine_values!$B4*100 -> 0.79013594 | EO4: =(combine_values!EO4-combine_values!$C4)/combine_values!$C4*100 -> 0.79013594 | EP4: =(combine_values!EP4-combine_values!$D4)/combine_values!$D4*100 -> 0.14500213 | EQ4: =(combine_values!EQ4-combine_values!$B4)/combine_values!$B4*100 -> 0.33928352 | ER4: =(combine_values!ER4-combine_values!$C4)/combine_values!$C4*100 -> 0.33928619 | ES4: =(combine_values!ES4-combine_values!$D4)/combine_values!$D4*100 -> 0.17802264 | ET4: =(combine_values!ET4-combine_values!$B4)/combine_values!$B4*100 -> 0.37639252 | EU4: =(combine_values!EU4-combine_values!$C4)/combine_values!$C4*100 -> 0.37639009 | EV4: =(combine_values!EV4-combine_values!$D4)/combine_values!$D4*100 -> 0.14239444 | EW4: =(combine_values!EW4-combine_values!$B4)/combine_values!$B4*100 -> 0.45247112 | EX4: =(combine_values!EX4-combine_values!$C4)/combine_values!$C4*100 -> 0.45247112 | EY4: =(combine_values!EY4-combine_values!$D4)/combine_values!$D4*100 -> -0.028050166
A5: Ar | B5: =combine_values!B5 -> 0.48009052 | C5: =combine_values!C5 -> 0.48009052 | D5: =combine_values!D5 -> 0.48009052 | F5: =(combine_values!F5-combine_values!$B5)/combine_values!$B5*100 -> 0.43736543 | G5: =(combine_values!G5-combine_values!$C5)/combine_values!$C5*100 -> 0.43736543 | H5: =(combine_values!H5-combine_values!$D5)/combine_values!$D5*100 -> 0.43736543 | I5: =(combine_values!I5-combine_values!$B5)/combine_values!$B5*100 -> 0.21500297 | J5: =(combine_values!J5-combine_values!$C5)/combine_values!$C5*100 -> 0.21500297 | K5: =(combine_values!K5-combine_values!$D5)/combine_values!$D5*100 -> 0.21500297 | L5: =(combine_values!L5-combine_values!$B5)/combine_values!$B5*100 -> -0.12180218 | M5: =(combine_values!M5-combine_values!$C5)/combine_values!$C5*100 -> -0.12180218 | N5: =(combine_values!N5-combine_values!$D5)/combine_values!$D5*100 -> -0.12180218 | O5: =(combine_values!O5-combine_values!$B5)/combine_values!$B5*100 -> 3.3883438 | P5: =(combine_values!P5-combine_values!$C5)/combine_values!$C5*100 -> 3.3883438 | Q5: =(combine_values!Q5-combine_values!$D5)/combine_values!$D5*100 -> 3.3883438 | R5: =(combine_values!R5-combine_values!$B5)/combine_values!$B5*100 -> 1.4542915 | S5: =(combine_values!S5-combine_values!$C5)/combine_values!$C5*100 -> 1.4542915 | T5: =(combine_values!T5-combine_values!$D5)/combine_values!$D5*100 -> 1.4542915 | U5: =(combine_values!U5-combine_values!$B5)/combine_values!$B5*100 -> 0.1543124 | V5: =(combine_values!V5-combine_values!$C5)/combine_values!$C5*100 -> 0.1543124 | W5: =(combine_values!W5-combine_values!$D5)/combine_values!$D5*100 -> 0.1543124 | X5: =(combine_values!X5-combine_values!$B5)/combine_values!$B5*100 -> 1.7967082 | Y5: =(combine_values!Y5-combine_values!$C5)/combine_values!$C5*100 -> 1.7967082 | Z5: =(combine_values!Z5-combine_values!$D5)/combine_values!$D5*100 -> 1.7967082 | AA5: =(combine_values!AA5-combine_values!$B5)/combine_values!$B5*100 -> 0.61717723 | AB5: =(combine_values!AB5-combine_values!$C5)/combine_values!$C5*100 -> 0.61717723 | AC5: =(combine_values!AC5-combine_values!$D5)/combine_values!$D5*100 -> 0.61717723 | AD5: =(combine_values!AD5-combine_values!$B5)/combine_values!$B5*100 -> 0.90625266 | AE5: =(combine_values!AE5-combine_values!$C5)/combine_values!$C5*100 -> 0.90625266 | AF5: =(combine_values!AF5-combine_values!$D5)/combine_values!$D5*100 -> 0.90625266 | AG5: =(combine_values!AG5-combine_values!$B5)/combine_values!$B5*100 -> -0.47459873 | AH5: =(combine_values!AH5-combine_values!$C5)/combine_values!$C5*100 -> -0.47459873 | AI5: =(combine_values!AI5-combine_values!$D5)/combine_values!$D5*100 -> -0.47459873 | AJ5: =(combine_values!AJ5-combine_values!$B5)/combine_values!$B5*100 -> 1.1703781 | AK5: =(combine_values!AK5-combine_values!$C5)/combine_values!$C5*100 -> 1.1703781 | AL5: =(combine_values!AL5-combine_values!$D5)/combine_values!$D5*100 -> 1.1703781 | AM5: =(combine_values!AM5-combine_values!$B5)/combine_values!$B5*100 -> 0.52598081 | AN5: =(combine_values!AN5-combine_values!$C5)/combine_values!$C5*100 -> 0.52598081 | AO5: =(combine_values!AO5-combine_values!$D5)/combine_values!$D5*100 -> 0.52598081 | AP5: =(combine_values!AP5-combine_values!$B5)/combine_values!$B5*100 -> 0.28680531 | AQ5: =(combine_values!AQ5-combine_values!$C5)/combine_values!$C5*100 -> 0.28680531 | AR5: =(combine_values!AR5-combine_values!$D5)/combine_values!$D5*100 -> 0.28680531 | AS5: =(combine_values!AS5-combine_values!$B5)/combine_values!$B5*100 -> -0.67075706 | AT5: =(combine_values!AT5-combine_values!$C5)/combine_values!$C5*100 -> -0.67075706 | AU5: =(combine_values!AU5-combine_values!$D5)/combine_values!$D5*100 -> -0.67075706 | AV5: =(combine_values!AV5-combine_values!$B5)/combine_values!$B5*100 -> -1.6635935 | AW5: =(combine_values!AW5-combine_values!$C5)/combine_values!$C5*100 -> -1.6635935 | AX5: =(combine_values!AX5-combine_values!$D5)/combine_values!$D5*100 -> -1.6635935 | AY5: =(combine_values!AY5-combine_values!$B5)/combine_values!$B5*100 -> -0.54256587 | AZ5: =(combine_values!AZ5-combine_values!$C5)/combine_values!$C5*100 -> -0.54256587 | BA5: =(combine_values!BA5-combine_values!$D5)/combine_values!$D5*100 -> -0.54256587 | BB5: =(combine_values!BB5-combine_values!$B5)/combine_values!$B5*100 -> 0.040747053 | BC5: =(combine_values!BC5-combine_values!$C5)/combine_values!$C5*100 -> 0.040747053 | BD5: =(combine_values!BD5-combine_values!$D5)/combine_values!$D5*100 -> 0.040747053 | BE5: =(combine_values!BE5-combine_values!$B5)/combine_values!$B5*100 -> 0.99830941 | BF5: =(combine_values!BF5-combine_values!$C5)/combine_values!$C5*100 -> 0.99830941 | BG5: =(combine_values!BG5-combine_values!$D5)/combine_values!$D5*100 -> 0.99830941 | BH5: =(combine_values!BH5-combine_values!$B5)/combine_values!$B5*100 -> -0.30855243 | BI5: =(combine_values!BI5-combine_values!$C5)/combine_values!$C5*100 -> -0.30855243 | BJ5: =(combine_values!BJ5-combine_values!$D5)/combine_values!$D5*100 -> -0.30855243 | BK5: =(combine_values!BK5-combine_values!$B5)/combine_values!$B5*100 -> 0.24895019 | BL5: =(combine_values!BL5-combine_values!$C5)/combine_values!$C5*100 -> 0.24895019 | BM5: =(combine_values!BM5-combine_values!$D5)/combine_values!$D5*100 -> 0.24895019 | BN5: =(combine_values!BN5-combine_values!$B5)/combine_values!$B5*100 -> 0.63954616 | BO5: =(combine_values!BO5-combine_values!$C5)/combine_values!$C5*100 -> 0.63954616 | BP5: =(combine_values!BP5-combine_values!$D5)/combine_values!$D5*100 -> 0.63954616 | BQ5: =(combine_values!BQ5-combine_values!$B5)/combine_values!$B5*100 -> 1.1273609 | BR5: =(combine_values!BR5-combine_values!$C5)/combine_values!$C5*100 -> 1.1273609 | BS5: =(combine_values!BS5-combine_values!$D5)/combine_values!$D5*100 -> 1.1273609 | BT5: =(combine_values!BT5-combine_values!$B5)/combine_values!$B5*100 -> 0.62147894 | BU5: =(combine_values!BU5-combine_values!$C5)/combine_values!$C5*100 -> 0.62147894 | BV5: =(combine_values!BV5-combine_values!$D5)/combine_values!$D5*100 -> 0.62147894 | BW5: =(combine_values!BW5-combine_values!$B5)/combine_values!$B5*100 -> -0.12701994 | BX5: =(combine_values!BX5-combine_values!$C5)/combine_values!$C5*100 -> -0.12701994 | BY5: =(combine_values!BY5-combine_values!$D5)/combine_values!$D5*100 -> -0.12701994 | BZ5: =(combine_values!BZ5-combine_values!$B5)/combine_values!$B5*100 -> -0.25435078 | CA5: =(combine_values!CA5-combine_values!$C5)/combine_values!$C5*100 -> -0.25435078 | CB5: =(combine_values!CB5-combine_values!$D5)/combine_values!$D5*100 -> -0.25435078 | CC5: =(combine_values!CC5-combine_values!$B5)/combine_values!$B5*100 -> 0.59394795 | CD5: =(combine_values!CD5-combine_values!$C5)/combine_values!$C5*100 -> 0.59394795 | CE5: =(combine_values!CE5-combine_values!$D5)/combine_values!$D5*100 -> 0.59394795 | CF5: =(combine_values!CF5-combine_values!$B5)/combine_values!$B5*100 -> 0.46833779 | CG5: =(combine_values!CG5-combine_values!$C5)/combine_values!$C5*100 -> 0.46833779 | CH5: =(combine_values!CH5-combine_values!$D5)/combine_values!$D5*100 -> 0.46833779 | CI5: =(combine_values!CI5-combine_values!$B5)/combine_values!$B5*100 -> 0.39262756 | CJ5: =(combine_values!CJ5-combine_values!$C5)/combine_values!$C5*100 -> 0.39262756 | CK5: =(combine_values!CK5-combine_values!$D5)/combine_values!$D5*100 -> 0.39262756 | CL5: =(combine_values!CL5-combine_values!$B5)/combine_values!$B5*100 -> -0.0065718421 | CM5: =(combine_values!CM5-combine_values!$C5)/combine_values!$C5*100 -> -0.0065718421 | CN5: =(combine_values!CN5-combine_values!$D5)/combine_values!$D5*100 -> -0.0065718421 | CO5: =(combine_values!CO5-combine_values!$B5)/combine_values!$B5*100 -> 0.80473212 | CP5: =(combine_values!CP5-combine_values!$C5)/combine_values!$C5*100 -> 0.80473212 | CQ5: =(combine_values!CQ5-combine_values!$D5)/combine_values!$D5*100 -> 0.80473212 | CR5: =(combine_values!CR5-combine_values!$B5)/combine_values!$B5*100 -> -0.35070926 | CS5: =(combine_values!CS5-combine_values!$C5)/combine_values!$C5*100 -> -0.35070926 | CT5: =(combine_values!CT5-combine_values!$D5)/combine_values!$D5*100 -> -0.35070926 | CU5: =(combine_values!CU5-combine_values!$B5)/combine_values!$B5*100 -> 0.40811375 | CV5: =(combine_values!CV5-combine_values!$C5)/combine_values!$C5*100 -> 0.40811375 | CW5: =(combine_values!CW5-combine_values!$D5)/combine_values!$D5*100 -> 0.40811375 | CX5: =(combine_values!CX5-combine_values!$B5)/combine_values!$B5*100 -> 0.06913839 | CY5: =(combine_values!CY5-combine_values!$C5)/combine_values!$C5*100 -> 0.06913839 | CZ5: =(combine_values!CZ5-combine_values!$D5)/combine_values!$D5*100 -> 0.06913839 | DA5: =(combine_values!DA5-combine_values!$B5)/combine_values!$B5*100 -> 0.4210189 | DB5: =(combine_values!DB5-combine_values!$C5)/combine_values!$C5*100 -> 0.4210189 | DC5: =(combine_values!DC5-combine_values!$D5)/combine_values!$D5*100 -> 0.4210189 | DD5: =(combine_values!DD5-combine_values!$B5)/combine_values!$B5*100 -> 1.2512504 | DE5: =(combine_values!DE5-combine_values!$C5)/combine_values!$C5*100 -> 1.2512504 | DF5: =(combine_values!DF5-combine_values!$D5)/combine_values!$D5*100 -> 1.2512504 | DG5: =(combine_values!DG5-combine_values!$B5)/combine_values!$B5*100 -> 0.46919814 | DH5: =(combine_values!DH5-combine_values!$C5)/combine_values!$C5*100 -> 0.46919814 | DI5: =(combine_values!DI5-combine_values!$D5)/combine_values!$D5*100 -> 0.46919814 | DJ5: =(combine_values!DJ5-combine_values!$B5)/combine_values!$B5*100 -> 0.47608088 | DK5: =(combine_values!DK5-combine_values!$C5)/combine_values!$C5*100 -> 0.47608088 | DL5: =(combine_values!DL5-combine_values!$D5)/combine_values!$D5*100 -> 0.47608088 | DM5: =(combine_values!DM5-combine_values!$B5)/combine_values!$B5*100 -> 0.12592106 | DN5: =(combine_values!DN5-combine_values!$C5)/combine_values!$C5*100 -> 0.12592106 | DO5: =(combine_values!DO5-combine_values!$D5)/combine_values!$D5*100 -> 0.12592106 | DP5: =(combine_values!DP5-combine_values!$B5)/combine_values!$B5*100 -> 0.75225116 | DQ5: =(combine_values!DQ5-combine_values!$C5)/combine_values!$C5*100 -> 0.75225116 | DR5: =(combine_values!DR5-combine_values!$D5)/combine_values!$D5*100 -> 0.75225116 | DS5: =(combine_values!DS5-combine_values!$B5)/combine_values!$B5*100 -> 0.83656483 | DT5: =(combine_values!DT5-combine_values!$C5)/combine_values!$C5*100 -> 0.83656483 | DU5: =(combine_values!DU5-combine_values!$D5)/combine_values!$D5*100 -> 0.83656483 | DV5: =(combine_values!DV5-combine_values!$B5)/combine_values!$B5*100 -> 1.355352 | DW5: =(combine_values!DW5-combine_values!$C5)/combine_values!$C5*100 -> 1.355352 | DX5: =(combine_values!DX5-combine_values!$D5)/combine_values!$D5*100 -> 1.355352 | DY5: =(combine_values!DY5-combine_values!$B5)/combine_values!$B5*100 -> 0.54232734 | DZ5: =(combine_values!DZ5-combine_values!$C5)/combine_values!$C5*100 -> 0.54232734 | EA5: =(combine_values!EA5-combine_values!$D5)/combine_values!$D5*100 -> 0.54232734 | EB5: =(combine_values!EB5-combine_values!$B5)/combine_values!$B5*100 -> 0.59989537 | EC5: =(combine_values!EC5-combine_values!$C5)/combine_values!$C5*100 -> 0.59989537 | ED5: =(combine_values!ED5-combine_values!$D5)/combine_values!$D5*100 -> 0.59989537 | EE5: =(combine_values!EE5-combine_values!$B5)/combine_values!$B5*100 -> 0.2550981 | EF5: =(combine_values!EF5-combine_values!$C5)/combine_values!$C5*100 -> 0.2550981 | EG5: =(combine_values!EG5-combine_values!$D5)/combine_values!$D5*100 -> 0.2550981 | EH5: =(combine_values!EH5-combine_values!$B5)/combine_values!$B5*100 -> 0.4321156 | EI5: =(combine_values!EI5-combine_values!$C5)/combine_values!$C5*100 -> 0.4321156 | EJ5: =(combine_values!EJ5-combine_values!$D5)/combine_values!$D5*100 -> 0.4321156 | EK5: =(combine_values!EK5-combine_values!$B5)/combine_values!$B5*100 -> 0.95911556 | EL5: =(combine_values!EL5-combine_values!$C5)/combine_values!$C5*100 -> 0.95911556 | EM5: =(combine_values!EM5-combine_values!$D5)/combine_values!$D5*100 -> 0.95911556 | EN5: =(combine_values!EN5-combine_values!$B5)/combine_values!$B5*100 -> 0.80155245 | EO5: =(combine_values!EO5-combine_values!$C5)/combine_values!$C5*100 -> 0.80155245 | EP5: =(combine_values!EP5-combine_values!$D5)/combine_values!$D5*100 -> 0.80155245 | EQ5: =(combine_values!EQ5-combine_values!$B5)/combine_values!$B5*100 -> 0.2685513 | ER5: =(combine_values!ER5-combine_values!$C5)/combine_values!$C5*100 -> 0.26856866 | ES5: =(combine_values!ES5-combine_values!$D5)/combine_values!$D5*100 -> 0.26856866 | ET5: =(combine_values!ET5-combine_values!$B5)/combine_values!$B5*100 -> 0.34161932 | EU5: =(combine_values!EU5-combine_values!$C5)/combine_values!$C5*100 -> 0.34163668 | EV5: =(combine_values!EV5-combine_values!$D5)/combine_values!$D5*100 -> 0.34163668 | EW5: =(combine_values!EW5-combine_values!$B5)/combine_values!$B5*100 -> 0.39257702 | EX5: =(combine_values!EX5-combine_values!$C5)/combine_values!$C5*100 -> 0.39141982 | EY5: =(combine_values!EY5-combine_values!$D5)/combine_values!$D5*100 -> 0.39141982
A6: BF | B6: =combine_values!B6 -> 0.55769608 | C6: =combine_values!C6 -> 0.55769608 | D6: =combine_values!D6 -> 2.0541193 | F6: =(combine_values!F6-combine_values!$B6)/combine_values!$B6*100 -> -0.88998618 | G6: =(combine_values!G6-combine_values!$C6)/combine_values!$C6*100 -> -0.88998618 | H6: =(combine_values!H6-combine_values!$D6)/combine_values!$D6*100 -> 1.9654988 | I6: =(combine_values!I6-combine_values!$B6)/combine_values!$B6*100 -> 0.85874672 | J6: =(combine_values!J6-combine_values!$C6)/combine_values!$C6*100 -> 0.85874672 | K6: =(combine_values!K6-combine_values!$D6)/combine_values!$D6*100 -> 0.75176174 | L6: =(combine_values!L6-combine_values!$B6)/combine_values!$B6*100 -> -0.48361619 | M6: =(combine_values!M6-combine_values!$C6)/combine_values!$C6*100 -> -0.48361619 | N6: =(combine_values!N6-combine_values!$D6)/combine_values!$D6*100 -> 0.19107098 | O6: =(combine_values!O6-combine_values!$B6)/combine_values!$B6*100 -> 6.998288 | P6: =(combine_values!P6-combine_values!$C6)/combine_values!$C6*100 -> 6.998288 | Q6: =(combine_values!Q6-combine_values!$D6)/combine_values!$D6*100 -> 1.5689053 | R6: =(combine_values!R6-combine_values!$B6)/combine_values!$B6*100 -> 3.4769411 | S6: =(combine_values!S6-combine_values!$C6)/combine_values!$C6*100 -> 3.4769411 | T6: =(combine_values!T6-combine_values!$D6)/combine_values!$D6*100 -> 0.61142611 | U6: =(combine_values!U6-combine_values!$B6)/combine_values!$B6*100 -> 1.7419778 | V6: =(combine_values!V6-combine_values!$C6)/combine_values!$C6*100 -> 1.7419778 | W6: =(combine_values!W6-combine_values!$D6)/combine_values!$D6*100 -> 0.71431266 | X6: =(combine_values!X6-combine_values!$B6)/combine_values!$B6*100 -> 3.096049 | Y6: =(combine_values!Y6-combine_values!$C6)/combine_values!$C6*100 -> 3.096049 | Z6: =(combine_values!Z6-combine_values!$D6)/combine_values!$D6*100 -> 0.88733029 | AA6: =(combine_values!AA6-combine_values!$B6)/combine_values!$B6*100 -> 1.7238855 | AB6: =(combine_values!AB6-combine_values!$C6)/combine_values!$C6*100 -> 1.7238855 | AC6: =(combine_values!AC6-combine_values!$D6)/combine_values!$D6*100 -> 0.51977613 | AD6: =(combine_values!AD6-combine_values!$B6)/combine_values!$B6*100 -> 2.189526 | AE6: =(combine_values!AE6-combine_values!$C6)/combine_values!$C6*100 -> 2.189526 | AF6: =(combine_values!AF6-combine_values!$D6)/combine_values!$D6*100 -> 0.58480583 | AG6: =(combine_values!AG6-combine_values!$B6)/combine_values!$B6*100 -> 1.3772737 | AH6: =(combine_values!AH6-combine_values!$C6)/combine_values!$C6*100 -> 1.3772737 | AI6: =(combine_values!AI6-combine_values!$D6)/combine_values!$D6*100 -> 0.41020473 | AJ6: =(combine_values!AJ6-combine_values!$B6)/combine_values!$B6*100 -> 2.6675455 | AK6: =(combine_values!AK6-combine_values!$C6)/combine_values!$C6*100 -> 2.6675455 | AL6: =(combine_values!AL6-combine_values!$D6)/combine_values!$D6*100 -> 0.64408463 | AM6: =(combine_values!AM6-combine_values!$B6)/combine_values!$B6*100 -> 5.3080796 | AN6: =(combine_values!AN6-combine_values!$C6)/combine_values!$C6*100 -> 5.3080796 | AO6: =(combine_values!AO6-combine_values!$D6)/combine_values!$D6*100 -> 1.2710479 | AP6: =(combine_values!AP6-combine_values!$B6)/combine_values!$B6*100 -> 1.3944138 | AQ6: =(combine_values!AQ6-combine_values!$C6)/combine_values!$C6*100 -> 1.3944138 | AR6: =(combine_values!AR6-combine_values!$D6)/combine_values!$D6*100 -> 1.0732771 | AS6: =(combine_values!AS6-combine_values!$B6)/combine_values!$B6*100 -> -0.80428547 | AT6: =(combine_values!AT6-combine_values!$C6)/combine_values!$C6*100 -> -0.80428547 | AU6: =(combine_values!AU6-combine_values!$D6)/combine_values!$D6*100 -> 0.48602515 | AV6: =(combine_values!AV6-combine_values!$B6)/combine_values!$B6*100 -> -0.12629763 | AW6: =(combine_values!AW6-combine_values!$C6)/combine_values!$C6*100 -> -0.12629763 | AX6: =(combine_values!AX6-combine_values!$D6)/combine_values!$D6*100 -> 1.5057058 | AY6: =(combine_values!AY6-combine_values!$B6)/combine_values!$B6*100 -> 0.49931755 | AZ6: =(combine_values!AZ6-combine_values!$C6)/combine_values!$C6*100 -> 0.49931755 | BA6: =(combine_values!BA6-combine_values!$D6)/combine_values!$D6*100 -> 0.60245106 | BB6: =(combine_values!BB6-combine_values!$B6)/combine_values!$B6*100 -> 0.73642284 | BC6: =(combine_values!BC6-combine_values!$C6)/combine_values!$C6*100 -> 0.73642284 | BD6: =(combine_values!BD6-combine_values!$D6)/combine_values!$D6*100 -> 0.7643593 | BE6: =(combine_values!BE6-combine_values!$B6)/combine_values!$B6*100 -> 2.8779883 | BF6: =(combine_values!BF6-combine_values!$C6)/combine_values!$C6*100 -> 2.8779883 | BG6: =(combine_values!BG6-combine_values!$D6)/combine_values!$D6*100 -> 1.8216744 | BH6: =(combine_values!BH6-combine_values!$B6)/combine_values!$B6*100 -> -0.54337442 | BI6: =(combine_values!BI6-combine_values!$C6)/combine_values!$C6*100 -> -0.54337442 | BJ6: =(combine_values!BJ6-combine_values!$D6)/combine_values!$D6*100 -> 1.6058096 | BK6: =(combine_values!BK6-combine_values!$B6)/combine_values!$B6*100 -> 1.0925569 | BL6: =(combine_values!BL6-combine_values!$C6)/combine_values!$C6*100 -> 1.0925569 | BM6: =(combine_values!BM6-combine_values!$D6)/combine_values!$D6*100 -> 0.70512717 | BN6: =(combine_values!BN6-combine_values!$B6)/combine_values!$B6*100 -> 1.2763373 | BO6: =(combine_values!BO6-combine_values!$C6)/combine_values!$C6*100 -> 1.2763373 | BP6: =(combine_values!BP6-combine_values!$D6)/combine_values!$D6*100 -> 0.74410597 | BQ6: =(combine_values!BQ6-combine_values!$B6)/combine_values!$B6*100 -> 1.6629427 | BR6: =(combine_values!BR6-combine_values!$C6)/combine_values!$C6*100 -> 1.6629427 | BS6: =(combine_values!BS6-combine_values!$D6)/combine_values!$D6*100 -> 0.88509691 | BT6: =(combine_values!BT6-combine_values!$B6)/combine_values!$B6*100 -> 1.1544519 | BU6: =(combine_values!BU6-combine_values!$C6)/combine_values!$C6*100 -> 1.1544519 | BV6: =(combine_values!BV6-combine_values!$D6)/combine_values!$D6*100 -> 0.74607314 | BW6: =(combine_values!BW6-combine_values!$B6)/combine_values!$B6*100 -> 0.52788445 | BX6: =(combine_values!BX6-combine_values!$C6)/combine_values!$C6*100 -> 0.52788445 | BY6: =(combine_values!BY6-combine_values!$D6)/combine_values!$D6*100 -> 0.6782365 | BZ6: =(combine_values!BZ6-combine_values!$B6)/combine_values!$B6*100 -> -2.1374076 | CA6: =(combine_values!CA6-combine_values!$C6)/combine_values!$C6*100 -> -2.1374076 | CB6: =(combine_values!CB6-combine_values!$D6)/combine_values!$D6*100 -> 1.3264037 | CC6: =(combine_values!CC6-combine_values!$B6)/combine_values!$B6*100 -> 0.79546111 | CD6: =(combine_values!CD6-combine_values!$C6)/combine_values!$C6*100 -> 0.79546111 | CE6: =(combine_values!CE6-combine_values!$D6)/combine_values!$D6*100 -> 0.49149743 | CF6: =(combine_values!CF6-combine_values!$B6)/combine_values!$B6*100 -> 1.0192352 | CG6: =(combine_values!CG6-combine_values!$C6)/combine_values!$C6*100 -> 1.0192352 | CH6: =(combine_values!CH6-combine_values!$D6)/combine_values!$D6*100 -> 0.72265138 | CI6: =(combine_values!CI6-combine_values!$B6)/combine_values!$B6*100 -> 0.64596098 | CJ6: =(combine_values!CJ6-combine_values!$C6)/combine_values!$C6*100 -> 0.64596098 | CK6: =(combine_values!CK6-combine_values!$D6)/combine_values!$D6*100 -> 0.89438703 | CL6: =(combine_values!CL6-combine_values!$B6)/combine_values!$B6*100 -> 0.26602117 | CM6: =(combine_values!CM6-combine_values!$C6)/combine_values!$C6*100 -> 0.26602117 | CN6: =(combine_values!CN6-combine_values!$D6)/combine_values!$D6*100 -> 0.4611667 | CO6: =(combine_values!CO6-combine_values!$B6)/combine_values!$B6*100 -> 0.76213306 | CP6: =(combine_values!CP6-combine_values!$C6)/combine_values!$C6*100 -> 0.76213306 | CQ6: =(combine_values!CQ6-combine_values!$D6)/combine_values!$D6*100 -> 1.0198043 | CR6: =(combine_values!CR6-combine_values!$B6)/combine_values!$B6*100 -> 1.5572452 | CS6: =(combine_values!CS6-combine_values!$C6)/combine_values!$C6*100 -> 1.5572452 | CT6: =(combine_values!CT6-combine_values!$D6)/combine_values!$D6*100 -> 0.67282715 | CU6: =(combine_values!CU6-combine_values!$B6)/combine_values!$B6*100 -> 0.89258858 | CV6: =(combine_values!CV6-combine_values!$C6)/combine_values!$C6*100 -> 0.89258858 | CW6: =(combine_values!CW6-combine_values!$D6)/combine_values!$D6*100 -> 0.45201621 | CX6: =(combine_values!CX6-combine_values!$B6)/combine_values!$B6*100 -> 0.27268678 | CY6: =(combine_values!CY6-combine_values!$C6)/combine_values!$C6*100 -> 0.27268678 | CZ6: =(combine_values!CZ6-combine_values!$D6)/combine_values!$D6*100 -> 0.77073887 | DA6: =(combine_values!DA6-combine_values!$B6)/combine_values!$B6*100 -> 0.78212989 | DB6: =(combine_values!DB6-combine_values!$C6)/combine_values!$C6*100 -> 0.78212989 | DC6: =(combine_values!DC6-combine_values!$D6)/combine_values!$D6*100 -> 0.76807412 | DD6: =(combine_values!DD6-combine_values!$B6)/combine_values!$B6*100 -> 1.7257899 | DE6: =(combine_values!DE6-combine_values!$C6)/combine_values!$C6*100 -> 1.7257899 | DF6: =(combine_values!DF6-combine_values!$D6)/combine_values!$D6*100 -> 1.0474449 | DG6: =(combine_values!DG6-combine_values!$B6)/combine_values!$B6*100 -> 1.002095 | DH6: =(combine_values!DH6-combine_values!$C6)/combine_values!$C6*100 -> 1.002095 | DI6: =(combine_values!DI6-combine_values!$D6)/combine_values!$D6*100 -> 0.70941507 | DJ6: =(combine_values!DJ6-combine_values!$B6)/combine_values!$B6*100 -> 1.1354073 | DK6: =(combine_values!DK6-combine_values!$C6)/combine_values!$C6*100 -> 1.1354073 | DL6: =(combine_values!DL6-combine_values!$D6)/combine_values!$D6*100 -> 0.81263371 | DM6: =(combine_values!DM6-combine_values!$B6)/combine_values!$B6*100 -> 0.69928587 | DN6: =(combine_values!DN6-combine_values!$C6)/combine_values!$C6*100 -> 0.69928587 | DO6: =(combine_values!DO6-combine_values!$D6)/combine_values!$D6*100 -> 0.89974277 | DP6: =(combine_values!DP6-combine_values!$B6)/combine_values!$B6*100 -> 1.3306144 | DQ6: =(combine_values!DQ6-combine_values!$C6)/combine_values!$C6*100 -> 1.3306144 | DR6: =(combine_values!DR6-combine_values!$D6)/combine_values!$D6*100 -> 1.0892312 | DS6: =(combine_values!DS6-combine_values!$B6)/combine_values!$B6*100 -> 0.37838432 | DT6: =(combine_values!DT6-combine_values!$C6)/combine_values!$C6*100 -> 0.37838432 | DU6: =(combine_values!DU6-combine_values!$D6)/combine_values!$D6*100 -> 1.024377 | DV6: =(combine_values!DV6-combine_values!$B6)/combine_values!$B6*100 -> 2.3380739 | DW6: =(combine_values!DW6-combine_values!$C6)/combine_values!$C6*100 -> 2.3380739 | DX6: =(combine_values!DX6-combine_values!$D6)/combine_values!$D6*100 -> 0.83067398 | DY6: =(combine_values!DY6-combine_values!$B6)/combine_values!$B6*100 -> 1.0439932 | DZ6: =(combine_values!DZ6-combine_values!$C6)/combine_values!$C6*100 -> 1.0439932 | EA6: =(combine_values!EA6-combine_values!$D6)/combine_values!$D6*100 -> 0.74235073 | EB6: =(combine_values!EB6-combine_values!$B6)/combine_values!$B6*100 -> 0.95260049 | EC6: =(combine_values!EC6-combine_values!$C6)/combine_values!$C6*100 -> 0.95260049 | ED6: =(combine_values!ED6-combine_values!$D6)/combine_values!$D6*100 -> 0.85334978 | EE6: =(combine_values!EE6-combine_values!$B6)/combine_values!$B6*100 -> 0.61589173 | EF6: =(combine_values!EF6-combine_values!$C6)/combine_values!$C6*100 -> 0.61589173 | EG6: =(combine_values!EG6-combine_values!$D6)/combine_values!$D6*100 -> 0.71186231 | EH6: =(combine_values!EH6-combine_values!$B6)/combine_values!$B6*100 -> 0.75515041 | EI6: =(combine_values!EI6-combine_values!$C6)/combine_values!$C6*100 -> 0.75515041 | EJ6: =(combine_values!EJ6-combine_values!$D6)/combine_values!$D6*100 -> 0.67246864 | EK6: =(combine_values!EK6-combine_values!$B6)/combine_values!$B6*100 -> 1.4194914 | EL6: =(combine_values!EL6-combine_values!$C6)/combine_values!$C6*100 -> 1.4194914 | EM6: =(combine_values!EM6-combine_values!$D6)/combine_values!$D6*100 -> 1.0217194 | EN6: =(combine_values!EN6-combine_values!$B6)/combine_values!$B6*100 -> 1.3304166 | EO6: =(combine_values!EO6-combine_values!$C6)/combine_values!$C6*100 -> 1.3304166 | EP6: =(combine_values!EP6-combine_values!$D6)/combine_values!$D6*100 -> 0.83866145 | EQ6: =(combine_values!EQ6-combine_values!$B6)/combine_values!$B6*100 -> 0.47298339 | ER6: =(combine_values!ER6-combine_values!$C6)/combine_values!$C6*100 -> 0.47295777 | ES6: =(combine_values!ES6-combine_values!$D6)/combine_values!$D6*100 -> 0.68479929 | ET6: =(combine_values!ET6-combine_values!$B6)/combine_values!$B6*100 -> 0.55078983 | EU6: =(combine_values!EU6-combine_values!$C6)/combine_values!$C6*100 -> 0.55075781 | EV6: =(combine_values!EV6-combine_values!$D6)/combine_values!$D6*100 -> 0.60996055 | EW6: =(combine_values!EW6-combine_values!$B6)/combine_values!$B6*100 -> 1.0806128 | EX6: =(combine_values!EX6-combine_values!$C6)/combine_values!$C6*100 -> 1.0795051 | EY6: =(combine_values!EY6-combine_values!$D6)/combine_values!$D6*100 -> 0.32403159
A7: BH2 | B7: =combine_values!B7 -> 0.7049836 | C7: =combine_values!C7 -> 1.178443 | D7: =combine_values!D7 -> 2.0478529 | F7: =(combine_values!F7-combine_values!$B7)/combine_values!$B7*100 -> -0.87797268 | G7: =(combine_values!G7-combine_values!$C7)/combine_values!$C7*100 -> 0.92551476 | H7: =(combine_values!H7-combine_values!$D7)/combine_values!$D7*100 -> 0.95532689 | I7: =(combine_values!I7-combine_values!$B7)/combine_values!$B7*100 -> -0.30645084 | J7: =(combine_values!J7-combine_values!$C7)/combine_values!$C7*100 -> 0.28293384 | K7: =(combine_values!K7-combine_values!$D7)/combine_values!$D7*100 -> 0.17043021 | L7: =(combine_values!L7-combine_values!$B7)/combine_values!$B7*100 -> -0.23801901 | M7: =(combine_values!M7-combine_values!$C7)/combine_values!$C7*100 -> -0.056325789 | N7: =(combine_values!N7-combine_values!$D7)/combine_values!$D7*100 -> 0.011689444 | O7: =(combine_values!O7-combine_values!$B7)/combine_values!$B7*100 -> 8.0002683 | P7: =(combine_values!P7-combine_values!$C7)/combine_values!$C7*100 -> 6.6119548 | Q7: =(combine_values!Q7-combine_values!$D7)/combine_values!$D7*100 -> 2.3006937 | R7: =(combine_values!R7-combine_values!$B7)/combine_values!$B7*100 -> 4.435714 | S7: =(combine_values!S7-combine_values!$C7)/combine_values!$C7*100 -> 2.7390794 | T7: =(combine_values!T7-combine_values!$D7)/combine_values!$D7*100 -> 0.62080045 | U7: =(combine_values!U7-combine_values!$B7)/combine_values!$B7*100 -> 1.1016656 | V7: =(combine_values!V7-combine_values!$C7)/combine_values!$C7*100 -> 0.81558811 | W7: =(combine_values!W7-combine_values!$D7)/combine_values!$D7*100 -> 0.59020035 | X7: =(combine_values!X7-combine_values!$B7)/combine_values!$B7*100 -> 2.6519304 | Y7: =(combine_values!Y7-combine_values!$C7)/combine_values!$C7*100 -> 1.9108299 | Z7: =(combine_values!Z7-combine_values!$D7)/combine_values!$D7*100 -> 1.2857042 | AA7: =(combine_values!AA7-combine_values!$B7)/combine_values!$B7*100 -> 1.2568428 | AB7: =(combine_values!AB7-combine_values!$C7)/combine_values!$C7*100 -> 0.84326619 | AC7: =(combine_values!AC7-combine_values!$D7)/combine_values!$D7*100 -> 0.31583681 | AD7: =(combine_values!AD7-combine_values!$B7)/combine_values!$B7*100 -> 1.8519395 | AE7: =(combine_values!AE7-combine_values!$C7)/combine_values!$C7*100 -> 1.1974732 | AF7: =(combine_values!AF7-combine_values!$D7)/combine_values!$D7*100 -> 0.524851 | AG7: =(combine_values!AG7-combine_values!$B7)/combine_values!$B7*100 -> 3.3178361 | AH7: =(combine_values!AH7-combine_values!$C7)/combine_values!$C7*100 -> 3.5099919 | AI7: =(combine_values!AI7-combine_values!$D7)/combine_values!$D7*100 -> 1.181975 | AJ7: =(combine_values!AJ7-combine_values!$B7)/combine_values!$B7*100 -> 2.4651152 | AK7: =(combine_values!AK7-combine_values!$C7)/combine_values!$C7*100 -> 1.693794 | AL7: =(combine_values!AL7-combine_values!$D7)/combine_values!$D7*100 -> 0.61976316 | AM7: =(combine_values!AM7-combine_values!$B7)/combine_values!$B7*100 -> 5.086554 | AN7: =(combine_values!AN7-combine_values!$C7)/combine_values!$C7*100 -> 2.284929 | AO7: =(combine_values!AO7-combine_values!$D7)/combine_values!$D7*100 -> 1.438186 | AP7: =(combine_values!AP7-combine_values!$B7)/combine_values!$B7*100 -> 1.95288 | AQ7: =(combine_values!AQ7-combine_values!$C7)/combine_values!$C7*100 -> 2.323769 | AR7: =(combine_values!AR7-combine_values!$D7)/combine_values!$D7*100 -> 1.8831839 | AS7: =(combine_values!AS7-combine_values!$B7)/combine_values!$B7*100 -> -3.0715445 | AT7: =(combine_values!AT7-combine_values!$C7)/combine_values!$C7*100 -> -1.5799736 | AU7: =(combine_values!AU7-combine_values!$D7)/combine_values!$D7*100 -> 0.074147941 | AV7: =(combine_values!AV7-combine_values!$B7)/combine_values!$B7*100 -> 1.6440323 | AW7: =(combine_values!AW7-combine_values!$C7)/combine_values!$C7*100 -> 1.8472496 | AX7: =(combine_values!AX7-combine_values!$D7)/combine_values!$D7*100 -> 2.219785 | AY7: =(combine_values!AY7-combine_values!$B7)/combine_values!$B7*100 -> -0.45613194 | AZ7: =(combine_values!AZ7-combine_values!$C7)/combine_values!$C7*100 -> 0.071481581 | BA7: =(combine_values!BA7-combine_values!$D7)/combine_values!$D7*100 -> 0.59746139 | BB7: =(combine_values!BB7-combine_values!$B7)/combine_values!$B7*100 -> -0.49379629 | BC7: =(combine_values!BC7-combine_values!$C7)/combine_values!$C7*100 -> 0.25985687 | BD7: =(combine_values!BD7-combine_values!$D7)/combine_values!$D7*100 -> -0.0088353611 | BE7: =(combine_values!BE7-combine_values!$B7)/combine_values!$B7*100 -> 2.9758438 | BF7: =(combine_values!BF7-combine_values!$C7)/combine_values!$C7*100 -> 3.5911801 | BG7: =(combine_values!BG7-combine_values!$D7)/combine_values!$D7*100 -> 2.9759703 | BH7: =(combine_values!BH7-combine_values!$B7)/combine_values!$B7*100 -> -2.0033835 | BI7: =(combine_values!BI7-combine_values!$C7)/combine_values!$C7*100 -> 0.017095872 | BJ7: =(combine_values!BJ7-combine_values!$D7)/combine_values!$D7*100 -> 1.6451256 | BK7: =(combine_values!BK7-combine_values!$B7)/combine_values!$B7*100 -> 0.069662407 | BL7: =(combine_values!BL7-combine_values!$C7)/combine_values!$C7*100 -> 0.11775291 | BM7: =(combine_values!BM7-combine_values!$D7)/combine_values!$D7*100 -> 0.3225792 | BN7: =(combine_values!BN7-combine_values!$B7)/combine_values!$B7*100 -> 0.18265546 | BO7: =(combine_values!BO7-combine_values!$C7)/combine_values!$C7*100 -> 0.4521174 | BP7: =(combine_values!BP7-combine_values!$D7)/combine_values!$D7*100 -> 0.32413514 | BQ7: =(combine_values!BQ7-combine_values!$B7)/combine_values!$B7*100 -> 1.4466711 | BR7: =(combine_values!BR7-combine_values!$C7)/combine_values!$C7*100 -> 1.040878 | BS7: =(combine_values!BS7-combine_values!$D7)/combine_values!$D7*100 -> 0.8407062 | BT7: =(combine_values!BT7-combine_values!$B7)/combine_values!$B7*100 -> 0.92690305 | BU7: =(combine_values!BU7-combine_values!$C7)/combine_values!$C7*100 -> 0.99574788 | BV7: =(combine_values!BV7-combine_values!$D7)/combine_values!$D7*100 -> 0.43719989 | BW7: =(combine_values!BW7-combine_values!$B7)/combine_values!$B7*100 -> 0.33029972 | BX7: =(combine_values!BX7-combine_values!$C7)/combine_values!$C7*100 -> 0.61854715 | BY7: =(combine_values!BY7-combine_values!$D7)/combine_values!$D7*100 -> 0.13223625 | BZ7: =(combine_values!BZ7-combine_values!$B7)/combine_values!$B7*100 -> -1.6041414 | CA7: =(combine_values!CA7-combine_values!$C7)/combine_values!$C7*100 -> -0.73149424 | CB7: =(combine_values!CB7-combine_values!$D7)/combine_values!$D7*100 -> 0.041473266 | CC7: =(combine_values!CC7-combine_values!$B7)/combine_values!$B7*100 -> 1.9784917 | CD7: =(combine_values!CD7-combine_values!$C7)/combine_values!$C7*100 -> 0.86211437 | CE7: =(combine_values!CE7-combine_values!$D7)/combine_values!$D7*100 -> 0.56582401 | CF7: =(combine_values!CF7-combine_values!$B7)/combine_values!$B7*100 -> 0.99469888 | CG7: =(combine_values!CG7-combine_values!$C7)/combine_values!$C7*100 -> 0.72806814 | CH7: =(combine_values!CH7-combine_values!$D7)/combine_values!$D7*100 -> 0.21677549 | CI7: =(combine_values!CI7-combine_values!$B7)/combine_values!$B7*100 -> 0.92539647 | CJ7: =(combine_values!CJ7-combine_values!$C7)/combine_values!$C7*100 -> 1.6329797 | CK7: =(combine_values!CK7-combine_values!$D7)/combine_values!$D7*100 -> 0.40971167 | CL7: =(combine_values!CL7-combine_values!$B7)/combine_values!$B7*100 -> 1.0986525 | CM7: =(combine_values!CM7-combine_values!$C7)/combine_values!$C7*100 -> 0.60083422 | CN7: =(combine_values!CN7-combine_values!$D7)/combine_values!$D7*100 -> 0.58760713 | CO7: =(combine_values!CO7-combine_values!$B7)/combine_values!$B7*100 -> 2.4651152 | CP7: =(combine_values!CP7-combine_values!$C7)/combine_values!$C7*100 -> 1.0640771 | CQ7: =(combine_values!CQ7-combine_values!$D7)/combine_values!$D7*100 -> 1.0471272 | CR7: =(combine_values!CR7-combine_values!$B7)/combine_values!$B7*100 -> 3.4564409 | CS7: =(combine_values!CS7-combine_values!$C7)/combine_values!$C7*100 -> 1.8517766 | CT7: =(combine_values!CT7-combine_values!$D7)/combine_values!$D7*100 -> 1.5730338 | CU7: =(combine_values!CU7-combine_values!$B7)/combine_values!$B7*100 -> 1.3246386 | CV7: =(combine_values!CV7-combine_values!$C7)/combine_values!$C7*100 -> 0.84236374 | CW7: =(combine_values!CW7-combine_values!$D7)/combine_values!$D7*100 -> 0.56841724 | CX7: =(combine_values!CX7-combine_values!$B7)/combine_values!$B7*100 -> -0.22110639 | CY7: =(combine_values!CY7-combine_values!$C7)/combine_values!$C7*100 -> -0.18816855 | CZ7: =(combine_values!CZ7-combine_values!$D7)/combine_values!$D7*100 -> 0.19291779 | DA7: =(combine_values!DA7-combine_values!$B7)/combine_values!$B7*100 -> -0.13975139 | DB7: =(combine_values!DB7-combine_values!$C7)/combine_values!$C7*100 -> 0.19415092 | DC7: =(combine_values!DC7-combine_values!$D7)/combine_values!$D7*100 -> 0.21366362 | DD7: =(combine_values!DD7-combine_values!$B7)/combine_values!$B7*100 -> 1.892617 | DE7: =(combine_values!DE7-combine_values!$C7)/combine_values!$C7*100 -> 1.1365701 | DF7: =(combine_values!DF7-combine_values!$D7)/combine_values!$D7*100 -> 0.84329943 | DG7: =(combine_values!DG7-combine_values!$B7)/combine_values!$B7*100 -> 0.95703453 | DH7: =(combine_values!DH7-combine_values!$C7)/combine_values!$C7*100 -> 0.70690235 | DI7: =(combine_values!DI7-combine_values!$D7)/combine_values!$D7*100 -> 0.21729414 | DJ7: =(combine_values!DJ7-combine_values!$B7)/combine_values!$B7*100 -> 1.2056193 | DK7: =(combine_values!DK7-combine_values!$C7)/combine_values!$C7*100 -> 0.71706892 | DL7: =(combine_values!DL7-combine_values!$D7)/combine_values!$D7*100 -> 0.17632113 | DM7: =(combine_values!DM7-combine_values!$B7)/combine_values!$B7*100 -> 0.67229203 | DN7: =(combine_values!DN7-combine_values!$C7)/combine_values!$C7*100 -> 0.76493637 | DO7: =(combine_values!DO7-combine_values!$D7)/combine_values!$D7*100 -> 0.28938588 | DP7: =(combine_values!DP7-combine_values!$B7)/combine_values!$B7*100 -> 1.6018482 | DQ7: =(combine_values!DQ7-combine_values!$C7)/combine_values!$C7*100 -> 1.4852589 | DR7: =(combine_values!DR7-combine_values!$D7)/combine_values!$D7*100 -> 0.61094618 | DS7: =(combine_values!DS7-combine_values!$B7)/combine_values!$B7*100 -> 1.6289666 | DT7: =(combine_values!DT7-combine_values!$C7)/combine_values!$C7*100 -> 1.1799047 | DU7: =(combine_values!DU7-combine_values!$D7)/combine_values!$D7*100 -> 0.23648403 | DV7: =(combine_values!DV7-combine_values!$B7)/combine_values!$B7*100 -> 4.0711231 | DW7: =(combine_values!DW7-combine_values!$C7)/combine_values!$C7*100 -> 2.625483 | DX7: =(combine_values!DX7-combine_values!$D7)/combine_values!$D7*100 -> 1.4101791 | DY7: =(combine_values!DY7-combine_values!$B7)/combine_values!$B7*100 -> 1.3999673 | DZ7: =(combine_values!DZ7-combine_values!$C7)/combine_values!$C7*100 -> 0.57528467 | EA7: =(combine_values!EA7-combine_values!$D7)/combine_values!$D7*100 -> 0.50047466 | EB7: =(combine_values!EB7-combine_values!$B7)/combine_values!$B7*100 -> 0.37603282 | EC7: =(combine_values!EC7-combine_values!$C7)/combine_values!$C7*100 -> 0.47140454 | ED7: =(combine_values!ED7-combine_values!$D7)/combine_values!$D7*100 -> 0.47644361 | EE7: =(combine_values!EE7-combine_values!$B7)/combine_values!$B7*100 -> 0.13703252 | EF7: =(combine_values!EF7-combine_values!$C7)/combine_values!$C7*100 -> 0.35385327 | EG7: =(combine_values!EG7-combine_values!$D7)/combine_values!$D7*100 -> 0.13522819 | EH7: =(combine_values!EH7-combine_values!$B7)/combine_values!$B7*100 -> 0.13693463 | EI7: =(combine_values!EI7-combine_values!$C7)/combine_values!$C7*100 -> 0.157951 | EJ7: =(combine_values!EJ7-combine_values!$D7)/combine_values!$D7*100 -> 0.19227679 | EK7: =(combine_values!EK7-combine_values!$B7)/combine_values!$B7*100 -> 0.43289537 | EL7: =(combine_values!EL7-combine_values!$C7)/combine_values!$C7*100 -> 0.56353034 | EM7: =(combine_values!EM7-combine_values!$D7)/combine_values!$D7*100 -> 0.4408245 | EN7: =(combine_values!EN7-combine_values!$B7)/combine_values!$B7*100 -> 0.76788172 | EO7: =(combine_values!EO7-combine_values!$C7)/combine_values!$C7*100 -> 0.68403303 | EP7: =(combine_values!EP7-combine_values!$D7)/combine_values!$D7*100 -> 0.60941243 | EQ7: =(combine_values!EQ7-combine_values!$B7)/combine_values!$B7*100 -> -0.19417589 | ER7: =(combine_values!ER7-combine_values!$C7)/combine_values!$C7*100 -> 0.0090402904 | ES7: =(combine_values!ES7-combine_values!$D7)/combine_values!$D7*100 -> 0.25879 | ET7: =(combine_values!ET7-combine_values!$B7)/combine_values!$B7*100 -> 0.39865711 | EU7: =(combine_values!EU7-combine_values!$C7)/combine_values!$C7*100 -> 0.34394807 | EV7: =(combine_values!EV7-combine_values!$D7)/combine_values!$D7*100 -> 0.18034554 | EW7: =(combine_values!EW7-combine_values!$B7)/combine_values!$B7*100 -> 0.96688532 | EX7: =(combine_values!EX7-combine_values!$C7)/combine_values!$C7*100 -> 0.68902799 | EY7: =(combine_values!EY7-combine_values!$D7)/combine_values!$D7*100 -> 0.48951229
A8: BH2F | B8: =combine_values!B8 -> 0.50452573 | C8: =combine_values!C8 -> 1.0867402 | D8: =combine_values!D8 -> 2.6157257 | F8: =(combine_values!F8-combine_values!$B8)/combine_values!$B8*100 -> -1.5901071 | G8: =(combine_values!G8-combine_values!$C8)/combine_values!$C8*100 -> 0.10667313 | H8: =(combine_values!H8-combine_values!$D8)/combine_values!$D8*100 -> 0.26965264 | I8: =(combine_values!I8-combine_values!$B8)/combine_values!$B8*100 -> 0.3416547 | J8: =(combine_values!J8-combine_values!$C8)/combine_values!$C8*100 -> 0.26190287 | K8: =(combine_values!K8-combine_values!$D8)/combine_values!$D8*100 -> 0.093011865 | L8: =(combine_values!L8-combine_values!$B8)/combine_values!$B8*100 -> -0.42902281 | M8: =(combine_values!M8-combine_values!$C8)/combine_values!$C8*100 -> -0.14353014 | N8: =(combine_values!N8-combine_values!$D8)/combine_values!$D8*100 -> -0.0054737477 | O8: =(combine_values!O8-combine_values!$B8)/combine_values!$B8*100 -> 6.0874302 | P8: =(combine_values!P8-combine_values!$C8)/combine_values!$C8*100 -> 2.6277105 | Q8: =(combine_values!Q8-combine_values!$D8)/combine_values!$D8*100 -> 0.92790586 | R8: =(combine_values!R8-combine_values!$B8)/combine_values!$B8*100 -> 3.2894026 | S8: =(combine_values!S8-combine_values!$C8)/combine_values!$C8*100 -> 0.85238026 | T8: =(combine_values!T8-combine_values!$D8)/combine_values!$D8*100 -> 0.28685156 | U8: =(combine_values!U8-combine_values!$B8)/combine_values!$B8*100 -> 0.85148975 | V8: =(combine_values!V8-combine_values!$C8)/combine_values!$C8*100 -> 0.76429788 | W8: =(combine_values!W8-combine_values!$D8)/combine_values!$D8*100 -> 0.26641992 | X8: =(combine_values!X8-combine_values!$B8)/combine_values!$B8*100 -> 2.3472096 | Y8: =(combine_values!Y8-combine_values!$C8)/combine_values!$C8*100 -> 1.4586949 | Z8: =(combine_values!Z8-combine_values!$D8)/combine_values!$D8*100 -> 0.54584646 | AA8: =(combine_values!AA8-combine_values!$B8)/combine_values!$B8*100 -> 1.2604181 | AB8: =(combine_values!AB8-combine_values!$C8)/combine_values!$C8*100 -> 0.55563671 | AC8: =(combine_values!AC8-combine_values!$D8)/combine_values!$D8*100 -> 0.1810774 | AD8: =(combine_values!AD8-combine_values!$B8)/combine_values!$B8*100 -> 1.6638204 | AE8: =(combine_values!AE8-combine_values!$C8)/combine_values!$C8*100 -> 0.73693248 | AF8: =(combine_values!AF8-combine_values!$D8)/combine_values!$D8*100 -> 0.2544882 | AG8: =(combine_values!AG8-combine_values!$B8)/combine_values!$B8*100 -> 0.33388226 | AH8: =(combine_values!AH8-combine_values!$C8)/combine_values!$C8*100 -> 0.22596917 | AI8: =(combine_values!AI8-combine_values!$D8)/combine_values!$D8*100 -> 0.1599377 | AJ8: =(combine_values!AJ8-combine_values!$B8)/combine_values!$B8*100 -> 2.1464295 | AK8: =(combine_values!AK8-combine_values!$C8)/combine_values!$C8*100 -> 0.90796622 | AL8: =(combine_values!AL8-combine_values!$D8)/combine_values!$D8*100 -> 0.31082486 | AM8: =(combine_values!AM8-combine_values!$B8)/combine_values!$B8*100 -> 2.9559971 | AN8: =(combine_values!AN8-combine_values!$C8)/combine_values!$C8*100 -> 1.3205851 | AO8: =(combine_values!AO8-combine_values!$D8)/combine_values!$D8*100 -> 0.48707764 | AP8: =(combine_values!AP8-combine_values!$B8)/combine_values!$B8*100 -> 0.51163715 | AQ8: =(combine_values!AQ8-combine_values!$C8)/combine_values!$C8*100 -> 1.5241153 | AR8: =(combine_values!AR8-combine_values!$D8)/combine_values!$D8*100 -> 0.48608305 | AS8: =(combine_values!AS8-combine_values!$B8)/combine_values!$B8*100 -> -1.480507 | AT8: =(combine_values!AT8-combine_values!$C8)/combine_values!$C8*100 -> 0.20843821 | AU8: =(combine_values!AU8-combine_values!$D8)/combine_values!$D8*100 -> 0.025838791 | AV8: =(combine_values!AV8-combine_values!$B8)/combine_values!$B8*100 -> -1.4961641 | AW8: =(combine_values!AW8-combine_values!$C8)/combine_values!$C8*100 -> 1.2042822 | AX8: =(combine_values!AX8-combine_values!$D8)/combine_values!$D8*100 -> 0.18076096 | AY8: =(combine_values!AY8-combine_values!$B8)/combine_values!$B8*100 -> -0.17175209 | AZ8: =(combine_values!AZ8-combine_values!$C8)/combine_values!$C8*100 -> 0.58813312 | BA8: =(combine_values!BA8-combine_values!$D8)/combine_values!$D8*100 -> 0.14417027 | BB8: =(combine_values!BB8-combine_values!$B8)/combine_values!$B8*100 -> 0.32098813 | BC8: =(combine_values!BC8-combine_values!$C8)/combine_values!$C8*100 -> 0.26701727 | BD8: =(combine_values!BD8-combine_values!$D8)/combine_values!$D8*100 -> 0.016496677 | BE8: =(combine_values!BE8-combine_values!$B8)/combine_values!$B8*100 -> 1.3792283 | BF8: =(combine_values!BF8-combine_values!$C8)/combine_values!$C8*100 -> 2.4361527 | BG8: =(combine_values!BG8-combine_values!$D8)/combine_values!$D8*100 -> 0.77726808 | BH8: =(combine_values!BH8-combine_values!$B8)/combine_values!$B8*100 -> -0.77501349 | BI8: =(combine_values!BI8-combine_values!$C8)/combine_values!$C8*100 -> 1.679756 | BJ8: =(combine_values!BJ8-combine_values!$D8)/combine_values!$D8*100 -> 0.5109799 | BK8: =(combine_values!BK8-combine_values!$B8)/combine_values!$B8*100 -> 0.38269578 | BL8: =(combine_values!BL8-combine_values!$C8)/combine_values!$C8*100 -> 0.36365133 | BM8: =(combine_values!BM8-combine_values!$D8)/combine_values!$D8*100 -> 0.10738646 | BN8: =(combine_values!BN8-combine_values!$B8)/combine_values!$B8*100 -> 0.76307281 | BO8: =(combine_values!BO8-combine_values!$C8)/combine_values!$C8*100 -> 0.54323677 | BP8: =(combine_values!BP8-combine_values!$D8)/combine_values!$D8*100 -> 0.15536502 | BQ8: =(combine_values!BQ8-combine_values!$B8)/combine_values!$B8*100 -> 1.1213456 | BR8: =(combine_values!BR8-combine_values!$C8)/combine_values!$C8*100 -> 0.75873928 | BS8: =(combine_values!BS8-combine_values!$D8)/combine_values!$D8*100 -> 0.33867357 | BT8: =(combine_values!BT8-combine_values!$B8)/combine_values!$B8*100 -> 0.61755327 | BU8: =(combine_values!BU8-combine_values!$C8)/combine_values!$C8*100 -> 0.46798192 | BV8: =(combine_values!BV8-combine_values!$D8)/combine_values!$D8*100 -> 0.20875552 | BW8: =(combine_values!BW8-combine_values!$B8)/combine_values!$B8*100 -> -0.060309914 | BX8: =(combine_values!BX8-combine_values!$C8)/combine_values!$C8*100 -> 0.081445656 | BY8: =(combine_values!BY8-combine_values!$D8)/combine_values!$D8*100 -> 0.068429916 | BZ8: =(combine_values!BZ8-combine_values!$B8)/combine_values!$B8*100 -> -2.2974426 | CA8: =(combine_values!CA8-combine_values!$C8)/combine_values!$C8*100 -> -0.81776425 | CB8: =(combine_values!CB8-combine_values!$D8)/combine_values!$D8*100 -> -0.088600465 | CC8: =(combine_values!CC8-combine_values!$B8)/combine_values!$B8*100 -> 0.47019171 | CD8: =(combine_values!CD8-combine_values!$C8)/combine_values!$C8*100 -> 0.21912782 | CE8: =(combine_values!CE8-combine_values!$D8)/combine_values!$D8*100 -> 0.16643858 | CF8: =(combine_values!CF8-combine_values!$B8)/combine_values!$B8*100 -> 0.64610457 | CG8: =(combine_values!CG8-combine_values!$C8)/combine_values!$C8*100 -> 0.17722455 | CH8: =(combine_values!CH8-combine_values!$D8)/combine_values!$D8*100 -> 0.10911567 | CI8: =(combine_values!CI8-combine_values!$B8)/combine_values!$B8*100 -> 0.22704513 | CJ8: =(combine_values!CJ8-combine_values!$C8)/combine_values!$C8*100 -> 0.33286526 | CK8: =(combine_values!CK8-combine_values!$D8)/combine_values!$D8*100 -> 0.17697688 | CL8: =(combine_values!CL8-combine_values!$B8)/combine_values!$B8*100 -> -0.22424965 | CM8: =(combine_values!CM8-combine_values!$C8)/combine_values!$C8*100 -> 0.31832739 | CN8: =(combine_values!CN8-combine_values!$D8)/combine_values!$D8*100 -> 0.11832272 | CO8: =(combine_values!CO8-combine_values!$B8)/combine_values!$B8*100 -> 1.0393757 | CP8: =(combine_values!CP8-combine_values!$C8)/combine_values!$C8*100 -> 0.71427051 | CQ8: =(combine_values!CQ8-combine_values!$D8)/combine_values!$D8*100 -> 0.41928184 | CR8: =(combine_values!CR8-combine_values!$B8)/combine_values!$B8*100 -> 0.94543274 | CS8: =(combine_values!CS8-combine_values!$C8)/combine_values!$C8*100 -> 0.85195267 | CT8: =(combine_values!CT8-combine_values!$D8)/combine_values!$D8*100 -> 0.30135544 | CU8: =(combine_values!CU8-combine_values!$B8)/combine_values!$B8*100 -> 0.59913307 | CV8: =(combine_values!CV8-combine_values!$C8)/combine_values!$C8*100 -> 0.32858942 | CW8: =(combine_values!CW8-combine_values!$D8)/combine_values!$D8*100 -> 0.13394087 | CX8: =(combine_values!CX8-combine_values!$B8)/combine_values!$B8*100 -> -0.27490519 | CY8: =(combine_values!CY8-combine_values!$C8)/combine_values!$C8*100 -> -0.022029759 | CZ8: =(combine_values!CZ8-combine_values!$D8)/combine_values!$D8*100 -> 0.032219105 | DA8: =(combine_values!DA8-combine_values!$B8)/combine_values!$B8*100 -> 0.32467217 | DB8: =(combine_values!DB8-combine_values!$C8)/combine_values!$C8*100 -> 0.31020329 | DC8: =(combine_values!DC8-combine_values!$D8)/combine_values!$D8*100 -> 0.098264727 | DD8: =(combine_values!DD8-combine_values!$B8)/combine_values!$B8*100 -> 1.5496151 | DE8: =(combine_values!DE8-combine_values!$C8)/combine_values!$C8*100 -> 0.77798058 | DF8: =(combine_values!DF8-combine_values!$D8)/combine_values!$D8*100 -> 0.36376634 | DG8: =(combine_values!DG8-combine_values!$B8)/combine_values!$B8*100 -> 0.62768438 | DH8: =(combine_values!DH8-combine_values!$C8)/combine_values!$C8*100 -> 0.17936247 | DI8: =(combine_values!DI8-combine_values!$D8)/combine_values!$D8*100 -> 0.1090453 | DJ8: =(combine_values!DJ8-combine_values!$B8)/combine_values!$B8*100 -> 0.92885457 | DK8: =(combine_values!DK8-combine_values!$C8)/combine_values!$C8*100 -> 0.2058727 | DL8: =(combine_values!DL8-combine_values!$D8)/combine_values!$D8*100 -> 0.12205024 | DM8: =(combine_values!DM8-combine_values!$B8)/combine_values!$B8*100 -> 0.17178455 | DN8: =(combine_values!DN8-combine_values!$C8)/combine_values!$C8*100 -> 0.10539038 | DO8: =(combine_values!DO8-combine_values!$D8)/combine_values!$D8*100 -> 0.089865067 | DP8: =(combine_values!DP8-combine_values!$B8)/combine_values!$B8*100 -> 1.2014735 | DQ8: =(combine_values!DQ8-combine_values!$C8)/combine_values!$C8*100 -> 0.62062953 | DR8: =(combine_values!DR8-combine_values!$D8)/combine_values!$D8*100 -> 0.92483802 | DS8: =(combine_values!DS8-combine_values!$B8)/combine_values!$B8*100 -> 0.9030663 | DT8: =(combine_values!DT8-combine_values!$C8)/combine_values!$C8*100 -> 0.25547249 | DU8: =(combine_values!DU8-combine_values!$D8)/combine_values!$D8*100 -> 0.31344065 | DV8: =(combine_values!DV8-combine_values!$B8)/combine_values!$B8*100 -> 2.01012 | DW8: =(combine_values!DW8-combine_values!$C8)/combine_values!$C8*100 -> 1.1713582 | DX8: =(combine_values!DX8-combine_values!$D8)/combine_values!$D8*100 -> 1.0228437 | DY8: =(combine_values!DY8-combine_values!$B8)/combine_values!$B8*100 -> 0.78609806 | DZ8: =(combine_values!DZ8-combine_values!$C8)/combine_values!$C8*100 -> 0.49235423 | EA8: =(combine_values!EA8-combine_values!$D8)/combine_values!$D8*100 -> 0.26215879 | EB8: =(combine_values!EB8-combine_values!$B8)/combine_values!$B8*100 -> 0.4748685 | EC8: =(combine_values!EC8-combine_values!$C8)/combine_values!$C8*100 -> 0.41031859 | ED8: =(combine_values!ED8-combine_values!$D8)/combine_values!$D8*100 -> 0.19167916 | EE8: =(combine_values!EE8-combine_values!$B8)/combine_values!$B8*100 -> 0.25211178 | EF8: =(combine_values!EF8-combine_values!$C8)/combine_values!$C8*100 -> 0.1586475 | EG8: =(combine_values!EG8-combine_values!$D8)/combine_values!$D8*100 -> 0.079939782 | EH8: =(combine_values!EH8-combine_values!$B8)/combine_values!$B8*100 -> 0.4892476 | EI8: =(combine_values!EI8-combine_values!$C8)/combine_values!$C8*100 -> 0.30424759 | EJ8: =(combine_values!EJ8-combine_values!$D8)/combine_values!$D8*100 -> 0.12316633 | EK8: =(combine_values!EK8-combine_values!$B8)/combine_values!$B8*100 -> 1.0689378 | EL8: =(combine_values!EL8-combine_values!$C8)/combine_values!$C8*100 -> 0.63391345 | EM8: =(combine_values!EM8-combine_values!$D8)/combine_values!$D8*100 -> 0.25924497 | EN8: =(combine_values!EN8-combine_values!$B8)/combine_values!$B8*100 -> 0.81721945 | EO8: =(combine_values!EO8-combine_values!$C8)/combine_values!$C8*100 -> 0.59305112 | EP8: =(combine_values!EP8-combine_values!$D8)/combine_values!$D8*100 -> 0.25066445 | EQ8: =(combine_values!EQ8-combine_values!$B8)/combine_values!$B8*100 -> 0.14505825 | ER8: =(combine_values!ER8-combine_values!$C8)/combine_values!$C8*100 -> 0.21591896 | ES8: =(combine_values!ES8-combine_values!$D8)/combine_values!$D8*100 -> 0.10195654 | ET8: =(combine_values!ET8-combine_values!$B8)/combine_values!$B8*100 -> 0.39913072 | EU8: =(combine_values!EU8-combine_values!$C8)/combine_values!$C8*100 -> 0.18082659 | EV8: =(combine_values!EV8-combine_values!$D8)/combine_values!$D8*100 -> 0.093445965 | EW8: =(combine_values!EW8-combine_values!$B8)/combine_values!$B8*100 -> 0.90131709 | EX8: =(combine_values!EX8-combine_values!$C8)/combine_values!$C8*100 -> 0.52671728 | EY8: =(combine_values!EY8-combine_values!$D8)/combine_values!$D8*100 -> 0.14919331
A9: BH3 | B9: =combine_values!B9 -> 1.8064702 | C9: =combine_values!C9 -> 1.8064309 | D9: =combine_values!D9 -> 0.66202158 | F9: =(combine_values!F9-combine_values!$B9)/combine_values!$B9*100 -> 0.97006387 | G9: =(combine_values!G9-combine_values!$C9)/combine_values!$C9*100 -> 0.96973895 | H9: =(combine_values!H9-combine_values!$D9)/combine_values!$D9*100 -> -0.16170623 | I9: =(combine_values!I9-combine_values!$B9)/combine_values!$B9*100 -> 0.17027784 | J9: =(combine_values!J9-combine_values!$C9)/combine_values!$C9*100 -> 0.1694306 | K9: =(combine_values!K9-combine_values!$D9)/combine_values!$D9*100 -> -0.032481438 | L9: =(combine_values!L9-combine_values!$B9)/combine_values!$B9*100 -> 0.00077611527 | M9: =(combine_values!M9-combine_values!$C9)/combine_values!$C9*100 -> 0.0010286091 | N9: =(combine_values!N9-combine_values!$D9)/combine_values!$D9*100 -> -0.19567961 | O9: =(combine_values!O9-combine_values!$B9)/combine_values!$B9*100 -> 2.5232013 | P9: =(combine_values!P9-combine_values!$C9)/combine_values!$C9*100 -> 2.5223956 | Q9: =(combine_values!Q9-combine_values!$D9)/combine_values!$D9*100 -> 7.4426812 | R9: =(combine_values!R9-combine_values!$B9)/combine_values!$B9*100 -> 0.74318954 | S9: =(combine_values!S9-combine_values!$C9)/combine_values!$C9*100 -> 0.74234523 | T9: =(combine_values!T9-combine_values!$D9)/combine_values!$D9*100 -> 3.9696787 | U9: =(combine_values!U9-combine_values!$B9)/combine_values!$B9*100 -> 0.71695237 | V9: =(combine_values!V9-combine_values!$C9)/combine_values!$C9*100 -> 0.7161075 | W9: =(combine_values!W9-combine_values!$D9)/combine_values!$D9*100 -> 0.7254957 | X9: =(combine_values!X9-combine_values!$B9)/combine_values!$B9*100 -> 1.1912792 | Y9: =(combine_values!Y9-combine_values!$C9)/combine_values!$C9*100 -> 1.1904446 | Z9: =(combine_values!Z9-combine_values!$D9)/combine_values!$D9*100 -> 1.9313604 | AA9: =(combine_values!AA9-combine_values!$B9)/combine_values!$B9*100 -> 0.26886272 | AB9: =(combine_values!AB9-combine_values!$C9)/combine_values!$C9*100 -> 0.26800811 | AC9: =(combine_values!AC9-combine_values!$D9)/combine_values!$D9*100 -> 0.78164772 | AD9: =(combine_values!AD9-combine_values!$B9)/combine_values!$B9*100 -> 0.47670224 | AE9: =(combine_values!AE9-combine_values!$C9)/combine_values!$C9*100 -> 0.47585214 | AF9: =(combine_values!AF9-combine_values!$D9)/combine_values!$D9*100 -> 1.3221109 | AG9: =(combine_values!AG9-combine_values!$B9)/combine_values!$B9*100 -> 0.64029869 | AH9: =(combine_values!AH9-combine_values!$C9)/combine_values!$C9*100 -> 0.63945215 | AI9: =(combine_values!AI9-combine_values!$D9)/combine_values!$D9*100 -> 1.0231014 | AJ9: =(combine_values!AJ9-combine_values!$B9)/combine_values!$B9*100 -> 0.62383615 | AK9: =(combine_values!AK9-combine_values!$C9)/combine_values!$C9*100 -> 0.62350372 | AL9: =(combine_values!AL9-combine_values!$D9)/combine_values!$D9*100 -> 1.8948615 | AM9: =(combine_values!AM9-combine_values!$B9)/combine_values!$B9*100 -> 1.3744249 | AN9: =(combine_values!AN9-combine_values!$C9)/combine_values!$C9*100 -> 1.3741088 | AO9: =(combine_values!AO9-combine_values!$D9)/combine_values!$D9*100 -> 4.2097286 | AP9: =(combine_values!AP9-combine_values!$B9)/combine_values!$B9*100 -> 1.4644544 | AQ9: =(combine_values!AQ9-combine_values!$C9)/combine_values!$C9*100 -> 1.4636258 | AR9: =(combine_values!AR9-combine_values!$D9)/combine_values!$D9*100 -> 0.52194463 | AS9: =(combine_values!AS9-combine_values!$B9)/combine_values!$B9*100 -> -0.10771779 | AT9: =(combine_values!AT9-combine_values!$C9)/combine_values!$C9*100 -> -0.10858058 | AU9: =(combine_values!AU9-combine_values!$D9)/combine_values!$D9*100 -> -2.4105947 | AV9: =(combine_values!AV9-combine_values!$B9)/combine_values!$B9*100 -> 1.5045818 | AW9: =(combine_values!AW9-combine_values!$C9)/combine_values!$C9*100 -> 1.5032396 | AX9: =(combine_values!AX9-combine_values!$D9)/combine_values!$D9*100 -> 0.14291848 | AY9: =(combine_values!AY9-combine_values!$B9)/combine_values!$B9*100 -> 0.57702082 | AZ9: =(combine_values!AZ9-combine_values!$C9)/combine_values!$C9*100 -> 0.5746295 | BA9: =(combine_values!BA9-combine_values!$D9)/combine_values!$D9*100 -> -0.43123593 | BB9: =(combine_values!BB9-combine_values!$B9)/combine_values!$B9*100 -> 0.048161847 | BC9: =(combine_values!BC9-combine_values!$C9)/combine_values!$C9*100 -> 0.044730093 | BD9: =(combine_values!BD9-combine_values!$D9)/combine_values!$D9*100 -> -0.52529057 | BE9: =(combine_values!BE9-combine_values!$B9)/combine_values!$B9*100 -> 2.6245487 | BF9: =(combine_values!BF9-combine_values!$C9)/combine_values!$C9*100 -> 2.6237453 | BG9: =(combine_values!BG9-combine_values!$D9)/combine_values!$D9*100 -> 1.8316905 | BH9: =(combine_values!BH9-combine_values!$B9)/combine_values!$B9*100 -> 1.5153854 | BI9: =(combine_values!BI9-combine_values!$C9)/combine_values!$C9*100 -> 1.5145578 | BJ9: =(combine_values!BJ9-combine_values!$D9)/combine_values!$D9*100 -> -1.3984545 | BK9: =(combine_values!BK9-combine_values!$B9)/combine_values!$B9*100 -> 0.31362024 | BL9: =(combine_values!BL9-combine_values!$C9)/combine_values!$C9*100 -> 0.31585336 | BM9: =(combine_values!BM9-combine_values!$D9)/combine_values!$D9*100 -> 0.14011088 | BN9: =(combine_values!BN9-combine_values!$B9)/combine_values!$B9*100 -> 0.32442378 | BO9: =(combine_values!BO9-combine_values!$C9)/combine_values!$C9*100 -> 0.32408484 | BP9: =(combine_values!BP9-combine_values!$D9)/combine_values!$D9*100 -> -0.21224305 | BQ9: =(combine_values!BQ9-combine_values!$B9)/combine_values!$B9*100 -> 0.77920134 | BR9: =(combine_values!BR9-combine_values!$C9)/combine_values!$C9*100 -> 0.77835781 | BS9: =(combine_values!BS9-combine_values!$D9)/combine_values!$D9*100 -> 1.110137 | BT9: =(combine_values!BT9-combine_values!$B9)/combine_values!$B9*100 -> 0.46486979 | BU9: =(combine_values!BU9-combine_values!$C9)/combine_values!$C9*100 -> 0.4645339 | BV9: =(combine_values!BV9-combine_values!$D9)/combine_values!$D9*100 -> 0.55703964 | BW9: =(combine_values!BW9-combine_values!$B9)/combine_values!$B9*100 -> 0.18655004 | BX9: =(combine_values!BX9-combine_values!$C9)/combine_values!$C9*100 -> 0.18569364 | BY9: =(combine_values!BY9-combine_values!$D9)/combine_values!$D9*100 -> 0.010961233 | BZ9: =(combine_values!BZ9-combine_values!$B9)/combine_values!$B9*100 -> 0.05947984 | CA9: =(combine_values!CA9-combine_values!$C9)/combine_values!$C9*100 -> 0.05862068 | CB9: =(combine_values!CB9-combine_values!$D9)/combine_values!$D9*100 -> -0.94643073 | CC9: =(combine_values!CC9-combine_values!$B9)/combine_values!$B9*100 -> 0.45458071 | CD9: =(combine_values!CD9-combine_values!$C9)/combine_values!$C9*100 -> 0.45373013 | CE9: =(combine_values!CE9-combine_values!$D9)/combine_values!$D9*100 -> 1.2308639 | CF9: =(combine_values!CF9-combine_values!$B9)/combine_values!$B9*100 -> 0.23799547 | CG9: =(combine_values!CG9-combine_values!$C9)/combine_values!$C9*100 -> 0.23765465 | CH9: =(combine_values!CH9-combine_values!$D9)/combine_values!$D9*100 -> 0.84341495 | CI9: =(combine_values!CI9-combine_values!$B9)/combine_values!$B9*100 -> 0.46641315 | CJ9: =(combine_values!CJ9-combine_values!$C9)/combine_values!$C9*100 -> 0.4660773 | CK9: =(combine_values!CK9-combine_values!$D9)/combine_values!$D9*100 -> 0.40964058 | CL9: =(combine_values!CL9-combine_values!$B9)/combine_values!$B9*100 -> 0.24674119 | CM9: =(combine_values!CM9-combine_values!$C9)/combine_values!$C9*100 -> 0.2458861 | CN9: =(combine_values!CN9-combine_values!$D9)/combine_values!$D9*100 -> 0.11765007 | CO9: =(combine_values!CO9-combine_values!$B9)/combine_values!$B9*100 -> 0.88826564 | CP9: =(combine_values!CP9-combine_values!$C9)/combine_values!$C9*100 -> 0.88691002 | CQ9: =(combine_values!CQ9-combine_values!$D9)/combine_values!$D9*100 -> 1.9074958 | CR9: =(combine_values!CR9-combine_values!$B9)/combine_values!$B9*100 -> 1.1053653 | CS9: =(combine_values!CS9-combine_values!$C9)/combine_values!$C9*100 -> 1.1045289 | CT9: =(combine_values!CT9-combine_values!$D9)/combine_values!$D9*100 -> 1.6014672 | CU9: =(combine_values!CU9-combine_values!$B9)/combine_values!$B9*100 -> 0.47721669 | CV9: =(combine_values!CV9-combine_values!$C9)/combine_values!$C9*100 -> 0.47688107 | CW9: =(combine_values!CW9-combine_values!$D9)/combine_values!$D9*100 -> 0.90377837 | CX9: =(combine_values!CX9-combine_values!$B9)/combine_values!$B9*100 -> 0.19838249 | CY9: =(combine_values!CY9-combine_values!$C9)/combine_values!$C9*100 -> 0.20009865 | CZ9: =(combine_values!CZ9-combine_values!$D9)/combine_values!$D9*100 -> 0.02921064 | DA9: =(combine_values!DA9-combine_values!$B9)/combine_values!$B9*100 -> 0.22359075 | DB9: =(combine_values!DB9-combine_values!$C9)/combine_values!$C9*100 -> 0.22324962 | DC9: =(combine_values!DC9-combine_values!$D9)/combine_values!$D9*100 -> -0.37789151 | DD9: =(combine_values!DD9-combine_values!$B9)/combine_values!$B9*100 -> 0.88363555 | DE9: =(combine_values!DE9-combine_values!$C9)/combine_values!$C9*100 -> 0.88279429 | DF9: =(combine_values!DF9-combine_values!$D9)/combine_values!$D9*100 -> 1.8597665 | DG9: =(combine_values!DG9-combine_values!$B9)/combine_values!$B9*100 -> 0.2364521 | DH9: =(combine_values!DH9-combine_values!$C9)/combine_values!$C9*100 -> 0.23559679 | DI9: =(combine_values!DI9-combine_values!$D9)/combine_values!$D9*100 -> 0.80691613 | DJ9: =(combine_values!DJ9-combine_values!$B9)/combine_values!$B9*100 -> 0.23953883 | DK9: =(combine_values!DK9-combine_values!$C9)/combine_values!$C9*100 -> 0.23919805 | DL9: =(combine_values!DL9-combine_values!$D9)/combine_values!$D9*100 -> 1.1578663 | DM9: =(combine_values!DM9-combine_values!$B9)/combine_values!$B9*100 -> 0.2724639 | DN9: =(combine_values!DN9-combine_values!$C9)/combine_values!$C9*100 -> 0.27212383 | DO9: =(combine_values!DO9-combine_values!$D9)/combine_values!$D9*100 -> 0.42788999 | DP9: =(combine_values!DP9-combine_values!$B9)/combine_values!$B9*100 -> 0.64904441 | DQ9: =(combine_values!DQ9-combine_values!$C9)/combine_values!$C9*100 -> 0.64819806 | DR9: =(combine_values!DR9-combine_values!$D9)/combine_values!$D9*100 -> 1.2968425 | DS9: =(combine_values!DS9-combine_values!$B9)/combine_values!$B9*100 -> 0.53637893 | DT9: =(combine_values!DT9-combine_values!$C9)/combine_values!$C9*100 -> 0.53501566 | DU9: =(combine_values!DU9-combine_values!$D9)/combine_values!$D9*100 -> 1.637966 | DV9: =(combine_values!DV9-combine_values!$B9)/combine_values!$B9*100 -> 1.2319211 | DW9: =(combine_values!DW9-combine_values!$C9)/combine_values!$C9*100 -> 1.2310874 | DX9: =(combine_values!DX9-combine_values!$D9)/combine_values!$D9*100 -> 2.6683556 | DY9: =(combine_values!DY9-combine_values!$B9)/combine_values!$B9*100 -> 0.60171462 | DZ9: =(combine_values!DZ9-combine_values!$C9)/combine_values!$C9*100 -> 0.60138171 | EA9: =(combine_values!EA9-combine_values!$D9)/combine_values!$D9*100 -> 1.39932 | EB9: =(combine_values!EB9-combine_values!$B9)/combine_values!$B9*100 -> 0.45699738 | EC9: =(combine_values!EC9-combine_values!$C9)/combine_values!$C9*100 -> 0.45614683 | ED9: =(combine_values!ED9-combine_values!$D9)/combine_values!$D9*100 -> 0.42491987 | EE9: =(combine_values!EE9-combine_values!$B9)/combine_values!$B9*100 -> 0.1549519 | EF9: =(combine_values!EF9-combine_values!$C9)/combine_values!$C9*100 -> 0.15435678 | EG9: =(combine_values!EG9-combine_values!$D9)/combine_values!$D9*100 -> 0.17825285 | EH9: =(combine_values!EH9-combine_values!$B9)/combine_values!$B9*100 -> 0.23121166 | EI9: =(combine_values!EI9-combine_values!$C9)/combine_values!$C9*100 -> 0.23035621 | EJ9: =(combine_values!EJ9-combine_values!$D9)/combine_values!$D9*100 -> 0.26046705 | EK9: =(combine_values!EK9-combine_values!$B9)/combine_values!$B9*100 -> 0.48610989 | EL9: =(combine_values!EL9-combine_values!$C9)/combine_values!$C9*100 -> 0.48585844 | EM9: =(combine_values!EM9-combine_values!$D9)/combine_values!$D9*100 -> 0.65631852 | EN9: =(combine_values!EN9-combine_values!$B9)/combine_values!$B9*100 -> 0.57992422 | EO9: =(combine_values!EO9-combine_values!$C9)/combine_values!$C9*100 -> 0.57971375 | EP9: =(combine_values!EP9-combine_values!$D9)/combine_values!$D9*100 -> 0.6918279 | EQ9: =(combine_values!EQ9-combine_values!$B9)/combine_values!$B9*100 -> 0.253288 | ER9: =(combine_values!ER9-combine_values!$C9)/combine_values!$C9*100 -> 0.25252392 | ES9: =(combine_values!ES9-combine_values!$D9)/combine_values!$D9*100 -> 0.057269829 | ET9: =(combine_values!ET9-combine_values!$B9)/combine_values!$B9*100 -> 0.24899403 | EU9: =(combine_values!EU9-combine_values!$C9)/combine_values!$C9*100 -> 0.24848486 | EV9: =(combine_values!EV9-combine_values!$D9)/combine_values!$D9*100 -> 0.58302234 | EW9: =(combine_values!EW9-combine_values!$B9)/combine_values!$B9*100 -> 0.40812115 | EX9: =(combine_values!EX9-combine_values!$C9)/combine_values!$C9*100 -> 0.40692358 | EY9: =(combine_values!EY9-combine_values!$D9)/combine_values!$D9*100 -> 0.7770664
A10: BHF2 | B10: =combine_values!B10 -> 0.44735507 | C10: =combine_values!C10 -> 3.9633939 | D10: =combine_values!D10 -> 1.1725781 | F10: =(combine_values!F10-combine_values!$B10)/combine_values!$B10*100 -> -2.0771483 | G10: =(combine_values!G10-combine_values!$C10)/combine_values!$C10*100 -> 0.27000414 | H10: =(combine_values!H10-combine_values!$D10)/combine_values!$D10*100 -> -0.23764134 | I10: =(combine_values!I10-combine_values!$B10)/combine_values!$B10*100 -> 0.49132705 | J10: =(combine_values!J10-combine_values!$C10)/combine_values!$C10*100 -> 0.045033537 | K10: =(combine_values!K10-combine_values!$D10)/combine_values!$D10*100 -> 0.21825819 | L10: =(combine_values!L10-combine_values!$B10)/combine_values!$B10*100 -> -0.48382549 | M10: =(combine_values!M10-combine_values!$C10)/combine_values!$C10*100 -> 0.043320219 | N10: =(combine_values!N10-combine_values!$D10)/combine_values!$D10*100 -> -0.13998086 | O10: =(combine_values!O10-combine_values!$B10)/combine_values!$B10*100 -> 5.2153031 | P10: =(combine_values!P10-combine_values!$C10)/combine_values!$C10*100 -> 0.12564112 | Q10: =(combine_values!Q10-combine_values!$D10)/combine_values!$D10*100 -> 1.833501 | R10: =(combine_values!R10-combine_values!$B10)/combine_values!$B10*100 -> 2.8027211 | S10: =(combine_values!S10-combine_values!$C10)/combine_values!$C10*100 -> -0.087268925 | T10: =(combine_values!T10-combine_values!$D10)/combine_values!$D10*100 -> 0.65807113 | U10: =(combine_values!U10-combine_values!$B10)/combine_values!$B10*100 -> 0.75784322 | V10: =(combine_values!V10-combine_values!$C10)/combine_values!$C10*100 -> -0.12478611 | W10: =(combine_values!W10-combine_values!$D10)/combine_values!$D10*100 -> 0.58089679 | X10: =(combine_values!X10-combine_values!$B10)/combine_values!$B10*100 -> 2.3865438 | Y10: =(combine_values!Y10-combine_values!$C10)/combine_values!$C10*100 -> 0.057719378 | Z10: =(combine_values!Z10-combine_values!$D10)/combine_values!$D10*100 -> 1.1843245 | AA10: =(combine_values!AA10-combine_values!$B10)/combine_values!$B10*100 -> 1.3007434 | AB10: =(combine_values!AB10-combine_values!$C10)/combine_values!$C10*100 -> -0.17488719 | AC10: =(combine_values!AC10-combine_values!$D10)/combine_values!$D10*100 -> 0.57180202 | AD10: =(combine_values!AD10-combine_values!$B10)/combine_values!$B10*100 -> 1.653213 | AE10: =(combine_values!AE10-combine_values!$C10)/combine_values!$C10*100 -> -0.12150336 | AF10: =(combine_values!AF10-combine_values!$D10)/combine_values!$D10*100 -> 0.68363726 | AG10: =(combine_values!AG10-combine_values!$B10)/combine_values!$B10*100 -> -0.090438329 | AH10: =(combine_values!AH10-combine_values!$C10)/combine_values!$C10*100 -> -0.023177061 | AI10: =(combine_values!AI10-combine_values!$D10)/combine_values!$D10*100 -> -0.006738918 | AJ10: =(combine_values!AJ10-combine_values!$B10)/combine_values!$B10*100 -> 2.0867022 | AK10: =(combine_values!AK10-combine_values!$C10)/combine_values!$C10*100 -> -0.098055117 | AL10: =(combine_values!AL10-combine_values!$D10)/combine_values!$D10*100 -> 0.80398172 | AM10: =(combine_values!AM10-combine_values!$B10)/combine_values!$B10*100 -> 2.5991335 | AN10: =(combine_values!AN10-combine_values!$C10)/combine_values!$C10*100 -> -0.045374731 | AO10: =(combine_values!AO10-combine_values!$D10)/combine_values!$D10*100 -> 0.92101422 | AP10: =(combine_values!AP10-combine_values!$B10)/combine_values!$B10*100 -> 0.34305085 | AQ10: =(combine_values!AQ10-combine_values!$C10)/combine_values!$C10*100 -> -0.096804544 | AR10: =(combine_values!AR10-combine_values!$D10)/combine_values!$D10*100 -> 0.95124806 | AS10: =(combine_values!AS10-combine_values!$B10)/combine_values!$B10*100 -> -1.1748538 | AT10: =(combine_values!AT10-combine_values!$C10)/combine_values!$C10*100 -> -0.34754443 | AU10: =(combine_values!AU10-combine_values!$D10)/combine_values!$D10*100 -> 0.30253513 | AV10: =(combine_values!AV10-combine_values!$B10)/combine_values!$B10*100 -> -2.3562156 | AW10: =(combine_values!AW10-combine_values!$C10)/combine_values!$C10*100 -> -0.50042697 | AX10: =(combine_values!AX10-combine_values!$D10)/combine_values!$D10*100 -> 0.3833569 | AY10: =(combine_values!AY10-combine_values!$B10)/combine_values!$B10*100 -> -0.19569449 | AZ10: =(combine_values!AZ10-combine_values!$C10)/combine_values!$C10*100 -> -0.18348488 | BA10: =(combine_values!BA10-combine_values!$D10)/combine_values!$D10*100 -> 0.34863583 | BB10: =(combine_values!BB10-combine_values!$B10)/combine_values!$B10*100 -> 0.51201469 | BC10: =(combine_values!BC10-combine_values!$C10)/combine_values!$C10*100 -> -0.22834919 | BD10: =(combine_values!BD10-combine_values!$D10)/combine_values!$D10*100 -> 0.30854342 | BE10: =(combine_values!BE10-combine_values!$B10)/combine_values!$B10*100 -> 0.93442427 | BF10: =(combine_values!BF10-combine_values!$C10)/combine_values!$C10*100 -> -0.018643734 | BG10: =(combine_values!BG10-combine_values!$D10)/combine_values!$D10*100 -> 1.4315821 | BH10: =(combine_values!BH10-combine_values!$B10)/combine_values!$B10*100 -> -0.72751508 | BI10: =(combine_values!BI10-combine_values!$C10)/combine_values!$C10*100 -> -0.19458372 | BJ10: =(combine_values!BJ10-combine_values!$D10)/combine_values!$D10*100 -> 1.1057503 | BK10: =(combine_values!BK10-combine_values!$B10)/combine_values!$B10*100 -> 0.34928312 | BL10: =(combine_values!BL10-combine_values!$C10)/combine_values!$C10*100 -> -0.15026654 | BM10: =(combine_values!BM10-combine_values!$D10)/combine_values!$D10*100 -> 0.2710313 | BN10: =(combine_values!BN10-combine_values!$B10)/combine_values!$B10*100 -> 1.0500676 | BO10: =(combine_values!BO10-combine_values!$C10)/combine_values!$C10*100 -> -0.13283668 | BP10: =(combine_values!BP10-combine_values!$D10)/combine_values!$D10*100 -> 0.54445538 | BQ10: =(combine_values!BQ10-combine_values!$B10)/combine_values!$B10*100 -> 1.0424503 | BR10: =(combine_values!BR10-combine_values!$C10)/combine_values!$C10*100 -> 0.068192927 | BS10: =(combine_values!BS10-combine_values!$D10)/combine_values!$D10*100 -> 0.57620144 | BT10: =(combine_values!BT10-combine_values!$B10)/combine_values!$B10*100 -> 0.5473309 | BU10: =(combine_values!BU10-combine_values!$C10)/combine_values!$C10*100 -> -0.046000017 | BV10: =(combine_values!BV10-combine_values!$D10)/combine_values!$D10*100 -> 0.39072838 | BW10: =(combine_values!BW10-combine_values!$B10)/combine_values!$B10*100 -> -0.1763052 | BX10: =(combine_values!BX10-combine_values!$C10)/combine_values!$C10*100 -> -0.10016546 | BY10: =(combine_values!BY10-combine_values!$D10)/combine_values!$D10*100 -> 0.059679206 | BZ10: =(combine_values!BZ10-combine_values!$B10)/combine_values!$B10*100 -> -2.7149176 | CA10: =(combine_values!CA10-combine_values!$C10)/combine_values!$C10*100 -> 0.18519966 | CB10: =(combine_values!CB10-combine_values!$D10)/combine_values!$D10*100 -> -0.9043801 | CC10: =(combine_values!CC10-combine_values!$B10)/combine_values!$B10*100 -> 0.18793651 | CD10: =(combine_values!CD10-combine_values!$C10)/combine_values!$C10*100 -> 0.070772234 | CE10: =(combine_values!CE10-combine_values!$D10)/combine_values!$D10*100 -> 0.12637792 | CF10: =(combine_values!CF10-combine_values!$B10)/combine_values!$B10*100 -> 0.46561888 | CG10: =(combine_values!CG10-combine_values!$C10)/combine_values!$C10*100 -> -0.061475858 | CH10: =(combine_values!CH10-combine_values!$D10)/combine_values!$D10*100 -> 0.15184972 | CI10: =(combine_values!CI10-combine_values!$B10)/combine_values!$B10*100 -> 0.10830192 | CJ10: =(combine_values!CJ10-combine_values!$C10)/combine_values!$C10*100 -> 0.033411366 | CK10: =(combine_values!CK10-combine_values!$D10)/combine_values!$D10*100 -> 0.19616821 | CL10: =(combine_values!CL10-combine_values!$B10)/combine_values!$B10*100 -> -0.42698105 | CM10: =(combine_values!CM10-combine_values!$C10)/combine_values!$C10*100 -> -0.15378378 | CN10: =(combine_values!CN10-combine_values!$D10)/combine_values!$D10*100 -> 0.28220543 | CO10: =(combine_values!CO10-combine_values!$B10)/combine_values!$B10*100 -> 0.71006246 | CP10: =(combine_values!CP10-combine_values!$C10)/combine_values!$C10*100 -> 0.18324564 | CQ10: =(combine_values!CQ10-combine_values!$D10)/combine_values!$D10*100 -> 0.50482878 | CR10: =(combine_values!CR10-combine_values!$B10)/combine_values!$B10*100 -> 0.4787759 | CS10: =(combine_values!CS10-combine_values!$C10)/combine_values!$C10*100 -> -0.029117282 | CT10: =(combine_values!CT10-combine_values!$D10)/combine_values!$D10*100 -> 0.48855695 | CU10: =(combine_values!CU10-combine_values!$B10)/combine_values!$B10*100 -> 0.36728747 | CV10: =(combine_values!CV10-combine_values!$C10)/combine_values!$C10*100 -> -0.034041413 | CW10: =(combine_values!CW10-combine_values!$D10)/combine_values!$D10*100 -> 0.17551109 | CX10: =(combine_values!CX10-combine_values!$B10)/combine_values!$B10*100 -> -0.47129943 | CY10: =(combine_values!CY10-combine_values!$C10)/combine_values!$C10*100 -> -0.073590784 | CZ10: =(combine_values!CZ10-combine_values!$D10)/combine_values!$D10*100 -> -0.094365305 | DA10: =(combine_values!DA10-combine_values!$B10)/combine_values!$B10*100 -> 0.51893943 | DB10: =(combine_values!DB10-combine_values!$C10)/combine_values!$C10*100 -> -0.11157694 | DC10: =(combine_values!DC10-combine_values!$D10)/combine_values!$D10*100 -> 0.3206582 | DD10: =(combine_values!DD10-combine_values!$B10)/combine_values!$B10*100 -> 1.3367521 | DE10: =(combine_values!DE10-combine_values!$C10)/combine_values!$C10*100 -> 0.1366618 | DF10: =(combine_values!DF10-combine_values!$D10)/combine_values!$D10*100 -> 0.54754795 | DG10: =(combine_values!DG10-combine_values!$B10)/combine_values!$B10*100 -> 0.45661671 | DH10: =(combine_values!DH10-combine_values!$C10)/combine_values!$C10*100 -> -0.062413788 | DI10: =(combine_values!DI10-combine_values!$D10)/combine_values!$D10*100 -> 0.15478831 | DJ10: =(combine_values!DJ10-combine_values!$B10)/combine_values!$B10*100 -> 0.71421731 | DK10: =(combine_values!DK10-combine_values!$C10)/combine_values!$C10*100 -> -0.054050581 | DL10: =(combine_values!DL10-combine_values!$D10)/combine_values!$D10*100 -> 0.19320521 | DM10: =(combine_values!DM10-combine_values!$B10)/combine_values!$B10*100 -> -0.029500553 | DN10: =(combine_values!DN10-combine_values!$C10)/combine_values!$C10*100 -> -0.085314905 | DO10: =(combine_values!DO10-combine_values!$D10)/combine_values!$D10*100 -> 0.075503199 | DP10: =(combine_values!DP10-combine_values!$B10)/combine_values!$B10*100 -> 1.0687644 | DQ10: =(combine_values!DQ10-combine_values!$C10)/combine_values!$C10*100 -> 0.054671107 | DR10: =(combine_values!DR10-combine_values!$D10)/combine_values!$D10*100 -> 0.4791385 | DS10: =(combine_values!DS10-combine_values!$B10)/combine_values!$B10*100 -> 0.66989893 | DT10: =(combine_values!DT10-combine_values!$C10)/combine_values!$C10*100 -> 0.19137436 | DU10: =(combine_values!DU10-combine_values!$D10)/combine_values!$D10*100 -> 0.15976088 | DV10: =(combine_values!DV10-combine_values!$B10)/combine_values!$B10*100 -> 1.6151269 | DW10: =(combine_values!DW10-combine_values!$C10)/combine_values!$C10*100 -> 0.074992918 | DX10: =(combine_values!DX10-combine_values!$D10)/combine_values!$D10*100 -> 0.7777295 | DY10: =(combine_values!DY10-combine_values!$B10)/combine_values!$B10*100 -> 0.44276721 | DZ10: =(combine_values!DZ10-combine_values!$C10)/combine_values!$C10*100 -> -0.010202366 | EA10: =(combine_values!EA10-combine_values!$D10)/combine_values!$D10*100 -> 0.36386126 | EB10: =(combine_values!EB10-combine_values!$B10)/combine_values!$B10*100 -> 0.45926474 | EC10: =(combine_values!EC10-combine_values!$C10)/combine_values!$C10*100 -> 0.071652149 | ED10: =(combine_values!ED10-combine_values!$D10)/combine_values!$D10*100 -> 0.28571127 | EE10: =(combine_values!EE10-combine_values!$B10)/combine_values!$B10*100 -> 0.23651774 | EF10: =(combine_values!EF10-combine_values!$C10)/combine_values!$C10*100 -> -0.01093943 | EG10: =(combine_values!EG10-combine_values!$D10)/combine_values!$D10*100 -> 0.141392 | EH10: =(combine_values!EH10-combine_values!$B10)/combine_values!$B10*100 -> 0.50059451 | EI10: =(combine_values!EI10-combine_values!$C10)/combine_values!$C10*100 -> -0.031576078 | EJ10: =(combine_values!EJ10-combine_values!$D10)/combine_values!$D10*100 -> 0.27217675 | EK10: =(combine_values!EK10-combine_values!$B10)/combine_values!$B10*100 -> 1.1882787 | EL10: =(combine_values!EL10-combine_values!$C10)/combine_values!$C10*100 -> 0.087216949 | EM10: =(combine_values!EM10-combine_values!$D10)/combine_values!$D10*100 -> 0.54584462 | EN10: =(combine_values!EN10-combine_values!$B10)/combine_values!$B10*100 -> 0.80914502 | EO10: =(combine_values!EO10-combine_values!$C10)/combine_values!$C10*100 -> 0.067615397 | EP10: =(combine_values!EP10-combine_values!$D10)/combine_values!$D10*100 -> 0.4425284 | EQ10: =(combine_values!EQ10-combine_values!$B10)/combine_values!$B10*100 -> 0.14737624 | ER10: =(combine_values!ER10-combine_values!$C10)/combine_values!$C10*100 -> 0.048737601 | ES10: =(combine_values!ES10-combine_values!$D10)/combine_values!$D10*100 -> 0.12666576 | ET10: =(combine_values!ET10-combine_values!$B10)/combine_values!$B10*100 -> 0.2655768 | EU10: =(combine_values!EU10-combine_values!$C10)/combine_values!$C10*100 -> 0.030020121 | EV10: =(combine_values!EV10-combine_values!$D10)/combine_values!$D10*100 -> 0.10570548 | EW10: =(combine_values!EW10-combine_values!$B10)/combine_values!$B10*100 -> 0.85801746 | EX10: =(combine_values!EX10-combine_values!$C10)/combine_values!$C10*100 -> -0.023702918 | EY10: =(combine_values!EY10-combine_values!$D10)/combine_values!$D10*100 -> 0.3776866
