Workbook

Sheet XX
A1: Molecules | B1: Q-Chem: | C1: PBE(LSDA) | D1: SPW92(GGA) | E1: SCAN(metaGGA) | F1: PBE0(GHGGA) | G1: SCAN0(GHmGGA) | H1: Finite Diff: | I1: PBE(LSDA) | J1: SPW92(GGA) | K1: SCAN(metaGGA) | L1: PBE0(GHGGA) | M1: SCAN0(GHmGGA) | N1: Experimental value
A2: C2H | C2: -12.901 | D2: -12.901 | E2: -12.83 | F2: -12.887 | G2: -12.8664 | I2: =(workspace!D14-workspace!D25)/(2*workspace!$B$2)*workspace!$B$5 -> -12.900974 | J2: =(workspace!F14-workspace!F25)/(2*workspace!$B$2)*workspace!$B$5 -> -12.900974
A3: CH4 | C3: -8.4939 | D3: -8.4939 | E3: -8.3783 | F3: -8.3942 | G3: -8.347 | I3: =(workspace!D15-workspace!D26)/(2*workspace!$B$2)*workspace!$B$5 -> -8.4938715 | J3: =(workspace!F15-workspace!F26)/(2*workspace!$B$2)*workspace!$B$5 -> -8.4938715
A4: CN | C4: -11.0544 | D4: -11.0544 | E4: -10.9701 | F4: -11.0323 | G4: -10.9977 | I4: =(workspace!D16-workspace!D27)/(2*workspace!$B$2)*workspace!$B$5 -> -11.054403 | J4: =(workspace!F16-workspace!F27)/(2*workspace!$B$2)*workspace!$B$5 -> -11.054403
A5: CO2 | C5: -14.8972 | D5: -14.8972 | E5: -14.7535 | F5: -14.8102 | G5: -14.7407 | I5: =(workspace!D17-workspace!D28)/(2*workspace!$B$2)*workspace!$B$5 -> -14.89719 | J5: =(workspace!F17-workspace!F28)/(2*workspace!$B$2)*workspace!$B$5 -> -14.89719 | N5: 2.139
A6: H2O | C6: -7.8672 | D6: -7.8672 | E6: -7.7149 | F6: -7.726 | G6: -7.6496 | I6: =(workspace!D18-workspace!D29)/(2*workspace!$B$2)*workspace!$B$5 -> -7.8672452 | J6: =(workspace!F18-workspace!F29)/(2*workspace!$B$2)*workspace!$B$5 -> -7.8672452
A7: HCO | C7: -11.3376 | D7: -11.3376 | E7: -11.2067 | F7: -11.2044 | G7: -11.1559 | I7: =(workspace!D19-workspace!D30)/(2*workspace!$B$2)*workspace!$B$5 -> -11.337622 | J7: =(workspace!F19-workspace!F30)/(2*workspace!$B$2)*workspace!$B$5 -> -11.337622
A8: HF | C8: -5.9602 | D8: -5.9602 | E8: -5.8386 | F8: -5.8505 | G8: -5.7852 | I8: =(workspace!D20-workspace!D31)/(2*workspace!$B$2)*workspace!$B$5 -> -5.9602242 | J8: =(workspace!F20-workspace!F31)/(2*workspace!$B$2)*workspace!$B$5 -> -5.9602242
A9: HO2 | C9: -10.2084 | D9: -10.2084 | E9: -10.0002 | F9: -9.9966 | G9: -9.8884 | I9: =(workspace!D21-workspace!D32)/(2*workspace!$B$2)*workspace!$B$5 -> -10.208424 | J9: =(workspace!F21-workspace!F32)/(2*workspace!$B$2)*workspace!$B$5 -> -10.208424
A10: N2 | C10: -10.3198 | D10: -10.3198 | E10: -10.226 | F10: -10.2842 | G10: -10.2478 | I10: =(workspace!D22-workspace!D33)/(2*workspace!$B$2)*workspace!$B$5 -> -10.319788 | J10: =(workspace!F22-workspace!F33)/(2*workspace!$B$2)*workspace!$B$5 -> -10.319788
A11: OH | C11: -5.6404 | D11: -5.6404 | E11: -5.5148 | F11: -5.5457 | G11: -5.4775 | I11: =(workspace!D23-workspace!D34)/(2*workspace!$B$2)*workspace!$B$5 -> -5.6403832 | J11: =(workspace!F23-workspace!F34)/(2*workspace!$B$2)*workspace!$B$5 -> -5.6403832

Sheet workspace
A1: Workspace: | B1: Field gradient step size: | C1: Zero field: | D1: Total energy (pbe) | E1: Electronic energy | F1: Total energy (spw92) | G1: Electronic | H1: Total energy(scan) | J1: Total energy(pbe0) | L1: Total energy(scan0)
B2: 0.0001 | D2: -76.533695 | F2: -76.533695 | H2: -76.599782 | J2: -76.535956 | L2: -76.585898
D3: -40.464719 | F3: -40.464719 | H3: -40.506761 | J3: -40.47542 | L3: =-40.5024948792 -> -40.502495
B4: Conversion factor: | D4: -92.64323 | F4: -92.64323 | H4: -92.708364 | J4: -92.632986 | L4: -92.684066
B5: =1/0.3934303*0.529177 -> 1.3450337 | D5: -188.47705 | F5: -188.47705 | H5: -188.60127 | J5: -188.46277 | L5: -188.55733
D6: -76.381692 | F6: -76.381692
D7: -113.77339 | F7: -113.77339
B8: 0.2081943 | D8: -100.39288 | F8: -100.39288
D9: -150.82902 | F9: -150.82902
D10: -109.4525 | F10: -109.4525
D11: -75.683904 | F11: -75.683904
C13: XX: | D13: Total energy (pbe) | E13: Electronic energy | F13: Total energy (spw92)
D14: -76.534655 | F14: -76.534655
D15: -40.465351 | F15: -40.465351
D16: -92.644052 | F16: -92.644052
D17: -188.47816 | F17: -188.47816
D18: -76.382277 | F18: -76.382277
D19: -113.77424 | F19: -113.77424
D20: -100.39332 | F20: -100.39332
D21: -150.82978 | F21: -150.82978
D22: -109.45327 | F22: -109.45327
D23: -75.684323 | F23: -75.684323
C25: (-)XX: | D25: -76.532736 | F25: -76.532736
D26: -40.464088 | F26: -40.464088
D27: -92.642409 | F27: -92.642409
D28: -188.47594 | F28: -188.47594
D29: -76.381107 | F29: -76.381107
D30: -113.77255 | F30: -113.77255
D31: -100.39243 | F31: -100.39243
D32: -150.82826 | F32: -150.82826
D33: -109.45173 | F33: -109.45173
D34: -75.683485 | F34: -75.683485

Sheet Sheet6
A1: Conversion factor: | D1: X | E1: Y | F1: Z
A2: =1/0.3934303*0.529177 -> 1.3450337 | D2: 0 | E2: 0 | F2: -1.5939
C3: Atomic_unit | F3: =F2*A6 -> -0.62708856
C4: Electronic | F4: =F3-F16 -> -15.286858
C5: per charge | D5: 0 | E5: 0 | F5: =F4/-9 -> 1.6985398
A6: 0.3934303 | D6: XX | E6: YY | F6: ZZ
D7: -5.6404 | E7: -7.0038 | F7: -7.5713
C8: Atomic_unit | D8: =D7/A2 -> -4.193501 | E8: =E7/A2 -> -5.2071559 | F8: =F7/A2 -> -5.6290784
C9: Electronic | F9: =F8-F15 -> -32.492683
C10: per charge | D10: =D8/-9 -> 0.46594455 | E10: =E8/-9 -> 0.57857288 | F10: =F9/-9 -> 3.6102982
C11: std_dev | D11: =SQRT(D10-D5^2) -> 0.68260131 | E11: =SQRT(E10-E5^2) -> 0.76063978 | F11: =SQRT(F10-F5^2) -> 0.85162244
A12: A to Bohr
A13: 1.88973 | F13: 0.9697
F14: =F13*A13 -> 1.8324712
E15: sum_q: | F15: =8*F14^2 -> 26.863605
A16: =0.9697*A13 -> 1.8324712 | E16: sum_d: | F16: =8*F14 -> 14.659769
