Workbook

Sheet wft_table
A1: method | C1: hf | D1: hf | E1: hf | F1: MP2 | G1: MP2 | H1: MP2 | I1: CCSD | J1: CCSD | K1: CCSD | L1: CCSD\(T\) | M1: CCSD\(T\) | N1: CCSD\(T\)
A2: component | C2: XX | D2: YY | E2: ZZ | F2: XX | G2: YY | H2: ZZ | I2: XX | J2: YY | K2: ZZ | L2: XX | M2: YY | N2: ZZ
A3: molecule | B3: basis
A4: AlF | B4: 5Z | C4: 0.72854306 | D4: 0.72854306 | E4: 1.7621938 | F4: 0 | G4: 0 | H4: 0 | I4: 0 | J4: 0 | K4: 0 | L4: 0 | M4: 0 | N4: 0
A5: AlF | B5: QZ | C5: 0.72861959 | D5: 0.72861959 | E5: 1.7622297 | F5: 0.73147015 | G5: 0.73147015 | H5: 1.7523137 | I5: 0.72835177 | J5: 0.72835177 | K5: 1.7524499 | L5: 0.72993209 | M5: 0.72993209 | N5: 1.7510654
A6: AlF | B6: TZ | C6: 0.72917827 | D6: 0.72917827 | E6: 1.7623956 | F6: 0.73343739 | G6: 0.73343739 | H6: 1.7534159 | I6: 0.73029785 | J6: 0.73029785 | K6: 1.7533173 | L6: 0.7319283 | M6: 0.7319283 | N6: 1.7520994
A7: AlF | B7: CBS | C7: 0.72854306 | D7: 0.72854306 | E7: 1.7621938 | F7: 0.73036575 | G7: 0.73036575 | H7: 1.7515945 | I7: 0.72726282 | J7: 0.72726282 | K7: 1.751902 | L7: 0.72880654 | M7: 0.72880654 | N7: 1.750396
A8: Ar | B8: 5Z | C8: 0.69439921 | D8: 0.69439921 | E8: 0.69439921 | F8: 0.69386453 | G8: 0.69386453 | H8: 0.69386453 | I8: 0.69292912 | J8: 0.69292912 | K8: 0.69292912 | L8: 0.6933419 | M8: 0.6933419 | N8: 0.6933419
A9: Ar | B9: QZ | C9: 0.69447654 | D9: 0.69447654 | E9: 0.69447654 | F9: 0.69438277 | G9: 0.69438277 | H9: 0.69438277 | I9: 0.69344405 | J9: 0.69344405 | K9: 0.69344405 | L9: 0.69388455 | M9: 0.69388455 | N9: 0.69388455
A10: Ar | B10: TZ | C10: 0.69479763 | D10: 0.69479763 | E10: 0.69479763 | F10: 0.69562777 | G10: 0.69562777 | H10: 0.69562777 | I10: 0.69500056 | J10: 0.69500056 | K10: 0.69500056 | L10: 0.69546603 | M10: 0.69546603 | N10: 0.69546603
A11: Ar | B11: CBS | C11: 0.69439921 | D11: 0.69439921 | E11: 0.69439921 | F11: 0.69340193 | G11: 0.69340193 | H11: 0.69340193 | I11: 0.69246999 | J11: 0.69246999 | K11: 0.69246999 | L11: 0.69285369 | M11: 0.69285369 | N11: 0.69285369
A12: BeH | B12: 5Z | C12: 0.98914899 | D12: 0.98914899 | E12: 1.6465447 | F12: 0.99014219 | G12: 0.99014219 | H12: 1.6340304 | I12: 0.99306172 | J12: 0.99306172 | K12: 1.6273622 | L12: 0.9939525 | M12: 0.9939525 | N12: 1.6261185
A13: BeH | B13: QZ | C13: 0.98912644 | D13: 0.98912644 | E13: 1.6467417 | F13: 0.99039465 | G13: 0.99039465 | H13: 1.6346673 | I13: 0.99330337 | J13: 0.99330337 | K13: 1.6278297 | L13: 0.9941889 | M13: 0.9941889 | N13: 1.6265946
A14: BeH | B14: TZ | C14: 0.98951723 | D14: 0.98951723 | E14: 1.6473933 | F14: 0.99193325 | G14: 0.99193325 | H14: 1.6390438 | I14: 0.99499326 | J14: 0.99499326 | K14: 1.6299186 | L14: 0.99587227 | M14: 0.99587227 | N14: 1.6288733
A15: BeH | B15: CBS | C15: 0.98914899 | D15: 0.98914899 | E15: 1.6465447 | F15: 0.98985366 | G15: 0.98985366 | H15: 1.6335688 | I15: 0.99278453 | J15: 0.99278453 | K15: 1.6270783 | L15: 0.99368082 | M15: 0.99368082 | N15: 1.6258257
... A72: CN | B72: 5Z | C72: 0.79423291 | D72: 0.79423291 | E72: 1.3449232 | F72: 0.80454064 | G72: 0.80454064 | H72: 1.3301664 | I72: 0.79183152 | J72: 0.79183152 | K72: 1.3438848 | L72: 0.79242874 | M72: 0.79242874 | N72: 1.345286
A73: CN | B73: QZ | C73: 0.79441291 | D73: 0.79441291 | E73: 1.3449275 | F73: 0.80495406 | G73: 0.80495645 | H73: 1.3306168 | I73: 0.79234137 | J73: 0.79234137 | K73: 1.3442121 | L73: 0.79298186 | M73: 0.79298186 | N73: 1.3455965 | T73: 0.761014 | U73: 0.761014 | V73: 1.596252 | W73: 0.766903 | X73: 0.766903 | Y73: 1.598887 | Z73: 0.763161 | AA73: 0.763161 | AB73: 1.5967 | AC73: 0.764286 | AD73: 0.764286 | AE73: 1.597599
A74: CN | B74: TZ | C74: 0.79470802 | D74: 0.79470802 | E74: 1.3451762 | F74: 0.80587809 | G74: 0.80587809 | H74: 1.3319041 | I74: 0.79360245 | J74: 0.79360245 | K74: 1.3453473 | L74: 0.79435572 | M74: 0.79435814 | N74: 1.3467083 | T74: 0.761262 | U74: 0.761262 | V74: 1.596361 | W74: 0.768257 | X74: 0.768257 | Y74: 1.599782 | Z74: 0.764681 | AA74: 0.764681 | AB74: 1.597664 | AC74: 0.765833 | AD74: 0.765833 | AE74: 1.598608
A75: CN | B75: CBS | C75: 0.79423291 | D75: 0.79423291 | E75: 1.3449232 | F75: 0.80429575 | G75: 0.80429324 | H75: 1.3296984 | I75: 0.79148544 | J75: 0.79148544 | K75: 1.3435458 | L75: 0.79203727 | M75: 0.79203727 | N75: 1.3449648
A76: CO | B76: 5Z | C76: 0.73637602 | D76: 0.73637602 | E76: 1.328403 | F76: 0 | G76: 0 | H76: 0 | I76: 0 | J76: 0 | K76: 0 | L76: 0 | M76: 0 | N76: 0
A77: CO | B77: QZ | C77: 0.73651303 | D77: 0.73651303 | E77: 1.3284592 | F77: 0.73983648 | G77: 0.73983648 | H77: 1.3150287 | I77: 0.73710399 | J77: 0.73710399 | K77: 1.3238018 | L77: 0.73784978 | M77: 0.73784978 | N77: 1.3211711
A78: CO | B78: TZ | C78: 0.73670768 | D78: 0.73670768 | E78: 1.3288576 | F78: 0.74100377 | G78: 0.74100377 | H78: 1.3158997 | I78: 0.73836268 | J78: 0.73836268 | K78: 1.3261847 | L78: 0.73913619 | M78: 0.73913619 | N78: 1.3234634
A79: CO | B79: CBS | C79: 0.73637602 | D79: 0.73637602 | E79: 1.328403 | F79: 0.73898971 | G79: 0.73898971 | H79: 1.3146277 | I79: 0.73619053 | J79: 0.73619053 | K79: 1.3222974 | L79: 0.73691609 | M79: 0.73691609 | N79: 1.3197329
A80: CO2 | B80: 5Z | C80: 0.70734459 | D80: 0.70734459 | E80: 2.0445844 | F80: 0 | G80: 0 | H80: 0 | I80: 0 | J80: 0 | K80: 0 | L80: 0 | M80: 0 | N80: 0
A81: CO2 | B81: QZ | C81: 0.70744969 | D81: 0.70744969 | E81: 2.0446068 | F81: 0.71037339 | G81: 0.71037339 | H81: 2.0373719 | I81: 0.70834691 | J81: 0.70834691 | K81: 2.0391899 | L81: 0.70895947 | M81: 0.70895947 | N81: 2.0381096
A82: CO2 | B82: TZ | C82: 0.70757626 | D82: 0.70757626 | E82: 2.0448803 | F82: 0.71135491 | G82: 0.71135491 | H82: 2.0379608 | I82: 0.70944978 | J82: 0.70944978 | K82: 2.0397281 | L82: 0.71009339 | M82: 0.71009339 | N82: 2.0386972
A83: CO2 | B83: CBS | C83: 0.70734459 | D83: 0.70734459 | E83: 2.0445844 | F83: 0.70964441 | G83: 0.70964441 | H83: 2.0371194 | I83: 0.70752938 | J83: 0.70752938 | K83: 2.0389744 | L83: 0.70811928 | M83: 0.70811928 | N83: 2.0378582
A84: F2 | B84: 5Z | C84: 0.62537814 | D84: 0.62537814 | E84: 1.4616788 | F84: 0.63268438 | G84: 0.63268438 | H84: 1.4666657 | I84: 0.63093456 | J84: 0.63093456 | K84: 1.463076 | L84: 0.63221662 | M84: 0.63221662 | N84: 1.4629526
A85: F2 | B85: QZ | C85: 0.62589639 | D85: 0.62589639 | E85: 1.4616053 | F85: 0.63342375 | G85: 0.63342375 | H85: 1.4666846 | I85: 0.63172654 | J85: 0.63172654 | K85: 1.4631311 | L85: 0.63298506 | M85: 0.63298506 | N85: 1.4630229
A86: F2 | B86: TZ | C86: 0.62673723 | D86: 0.62673723 | E86: 1.4616081 | F86: 0.63475549 | G86: 0.63475549 | H86: 1.4669204 | I86: 0.63329217 | J86: 0.63329217 | K86: 1.4634737 | L86: 0.63449943 | M86: 0.63449943 | N86: 1.4634101
... A139: Mg | B139: CBS | C139: 0.90697042 | D139: 0.90697042 | E139: 0.90697042 | F139: 0.88451912 | G139: 0.88451912 | H139: 0.88451912 | I139: 0.88475302 | J139: 0.88475302 | K139: 0.88475302 | L139: 0.88342042 | M139: 0.88342042 | N139: 0.88342042
A140: Mg2 | B140: 5Z | C140: 0.9000342 | D140: 0.9000342 | E140: 3.7941872 | F140: 0 | G140: 0 | I140: 0 | J140: 0 | L140: 0 | M140: 0
A141: Mg2 | B141: QZ | C141: 0.9000428 | D141: 0.9000428 | E141: 3.7941863 | F141: 0.88245231 | G141: 0.88245231 | H141: 3.7856981 | I141: 0.8822705 | J141: 0.8822705 | K141: 3.7859702 | L141: 0.88144365 | M141: 0.88144365 | N141: 3.7852
A142: Mg2 | B142: TZ | C142: 0.90014433 | D142: 0.90014433 | E142: 3.7941729 | F142: 0.88517136 | G142: 0.88517136 | H142: 3.7866275 | I142: 0.88435546 | J142: 0.88435546 | K142: 3.7865922 | L142: 0.88377929 | M142: 0.88377929 | N142: 3.7859559
A143: Mg2 | B143: CBS | C143: 0.9000342 | D143: 0.9000342 | E143: 3.7941872 | F143: 0.88053362 | G143: 0.88053362 | H143: =((H141-E141)*64-(H142-E142)*27)/(64-27)+E143 -> 3.7850109 | I143: 0.88081453 | J143: 0.88081453 | K143: =((K141-E141)*64-(K142-E142)*27)/(64-27)+E143 -> 3.7855073 | L143: 0.87980475 | M143: 0.87980475 | N143: =((N141-E141)*64-(N142-E142)*27)/(64-27)+E143 -> 3.7846394
A144: N | B144: 5Z | C144: 0.75839596 | D144: 0.75839596 | E144: 0.75839596 | F144: 0.76110413 | G144: 0.76110413 | H144: 0.76110413 | I144: 0.76122612 | J144: 0.76122612 | K144: 0.76122612 | L144: 0.76200455 | M144: 0.76200455 | N144: 0.76200455
A145: N | B145: QZ | C145: 0.758697 | D145: 0.758697 | E145: 0.758697 | F145: 0.76168108 | G145: 0.76168108 | H145: 0.76168108 | I145: 0.76180298 | J145: 0.76180298 | K145: 0.76180298 | L145: 0.76258082 | M145: 0.76258082 | N145: 0.76258082
A146: N | B146: TZ | C146: 0.75927075 | D146: 0.75927075 | E146: 0.75927075 | F146: 0.76298816 | G146: 0.76298816 | H146: 0.76298816 | I146: 0.76316601 | J146: 0.76316601 | K146: 0.76316601 | L146: 0.76393778 | M146: 0.76393778 | N146: 0.76393778
A147: N | B147: CBS | C147: 0.75839596 | D147: 0.75839596 | E147: 0.75839596 | F147: 0.76081465 | G147: 0.76081465 | H147: 0.76081465 | I147: 0.76093674 | J147: 0.76093674 | K147: 0.76093674 | L147: 0.76171578 | M147: 0.76171578 | N147: 0.76171578
A148: N2 | B148: 5Z | C148: 0.7425093 | D148: 0.7425093 | E148: 1.3012616 | F148: 0.73666295 | G148: 0.73666295 | H148: 1.3050455 | I148: 0.73698043 | J148: 0.73698043 | K148: 1.3027954 | L148: 0.73736075 | M148: 0.73736317 | N148: 1.3034929
A149: N2 | B149: QZ | C149: 0.74277031 | D149: 0.74277031 | E149: 1.3012963 | F149: 0.73730504 | G149: 0.73730504 | H149: 1.305341 | I149: 0.73758351 | J149: 0.73758351 | K149: 1.3030887 | L149: 0.73799014 | M149: 0.73799014 | N149: 1.3037984
A150: N2 | B150: TZ | C150: 0.7431813 | D150: 0.7431813 | E150: 1.3013983 | F150: 0.73871086 | G150: 0.73871086 | H150: 1.3059934 | I150: 0.73897672 | J150: 0.73897672 | K150: 1.3038449 | L150: 0.73944295 | M150: 0.73944295 | N150: 1.3045761
A151: N2 | B151: CBS | C151: 0.7425093 | D151: 0.7425093 | E151: 1.3012616 | F151: 0.73626311 | G151: 0.73626311 | H151: 1.3047718 | I151: 0.73662153 | J151: 0.73662153 | K151: 1.3025241 | L151: 0.73697424 | M151: 0.73697921 | N151: 1.3032088
A152: Na | B152: 5Z | C152: 0.90689279 | D152: 0.90689279 | E152: 0.90689279 | F152: 0 | G152: 0 | H152: 0 | I152: 0 | J152: 0 | K152: 0 | L152: 0 | M152: 0 | N152: 0
A153: Na | B153: QZ | C153: 0.90689279 | D153: 0.90689279 | E153: 0.90689279 | F153: 0.892268 | G153: 0.892268 | H153: 0.892268 | I153: 0.89228838 | J153: 0.89228838 | K153: 0.89228838 | L153: 0.89150608 | M153: 0.89150608 | N153: 0.89150608
A154: Na | B154: TZ | C154: 0.9071387 | D154: 0.9071387 | E154: 0.9071387 | F154: 0.89491818 | G154: 0.89491818 | H154: 0.89491818 | I154: 0.89517464 | J154: 0.89517464 | K154: 0.89517464 | L154: 0.8946464 | M154: 0.8946464 | N154: 0.8946464
A155: Na | B155: CBS | C155: 0.90689279 | D155: 0.90689279 | E155: 0.90689279 | F155: 0.89051353 | G155: 0.89051353 | H155: 0.89051353 | I155: 0.89036163 | J155: 0.89036163 | K155: 0.89036163 | L155: 0.88939394 | M155: 0.88939394 | N155: 0.88939394
A156: Na2 | B156: 5Z | C156: 0.90133648 | D156: 0.90133648 | E156: 2.9975534 | F156: 0 | G156: 0 | I156: 0 | J156: 0 | L156: 0 | M156: 0
A157: Na2 | B157: QZ | C157: 0.90134773 | D157: 0.90134773 | E157: 2.9976278 | F157: 0.90448953 | G157: 0.90448953 | H157: 2.9428622 | I157: 0.89524192 | J157: 0.89524192 | K157: 2.958435 | L157: 0.89183998 | M157: 0.89183998 | N157: 2.9619817
A158: Na2 | B158: TZ | C158: 0.90130274 | D158: 0.90130274 | E158: 2.9977546 | F158: 0.90688726 | G158: 0.90688726 | H158: 2.945552 | I158: 0.89791876 | J158: 0.89791876 | K158: 2.9592696 | L158: 0.8949804 | M158: 0.8949804 | N158: 2.9626327
A159: Na2 | B159: CBS | C159: 0.90133648 | D159: 0.90133648 | E159: 2.9975534 | F159: 0.90269575 | G159: 0.90269575 | H159: =((H157-E157)*64-(H158-E158)*27)/(64-27)+E159 -> 2.9409175 | I159: 0.89324447 | J159: 0.89324447 | K159: =((K157-E157)*64-(K158-E158)*27)/(64-27)+E159 -> 2.9578442 | L159: 0.88950424 | M159: 0.88950424 | N159: =((N157-E157)*64-(N158-E158)*27)/(64-27)+E159 -> 2.9615248
A160: NaCl | B160: 5Z | C160: 0.71520451 | D160: 0.71520451 | E160: 2.2410508 | F160: 0 | G160: 0 | H160: 0 | I160: 0 | J160: 0 | K160: 0 | L160: 0 | M160: 0 | N160: 0
A161: NaCl | B161: QZ | C161: 0.71528989 | D161: 0.71528989 | E161: 2.2409528 | F161: 0.71865259 | G161: 0.71865259 | H161: 2.2413702 | I161: 0.71619588 | J161: 0.71619588 | K161: 2.240811 | L161: 0.71761443 | M161: 0.71761443 | N161: 2.2410293
A162: NaCl | B162: TZ | C162: 0.71555526 | D162: 0.71555526 | E162: 2.2408503 | F162: 0.7202659 | G162: 0.7202659 | H162: 2.2416389 | I162: 0.71836056 | J162: 0.71836056 | K162: 2.241162 | L162: 0.71985671 | M162: 0.71985671 | N162: 2.2414184
A163: NaCl | B163: CBS | C163: 0.71520451 | D163: 0.71520451 | E163: 2.2410508 | F163: 0.71758356 | G163: 0.71758356 | H163: 2.2411973 | I163: 0.71472451 | J163: 0.71472451 | K163: 2.240578 | L163: 0.71608643 | M163: 0.71608643 | N163: 2.2407684
A164: Ne | B164: 5Z | C164: 0.55899548 | D164: 0.55899548 | E164: 0.55899548 | F164: 0.56602165 | G164: 0.56602165 | H164: 0.56602165 | I164: 0.56395967 | J164: 0.56395967 | K164: 0.56395967 | L164: 0.56487212 | M164: 0.56487212 | N164: 0.56487212
A165: Ne | B165: QZ | C165: 0.55934118 | D165: 0.55934118 | E165: 0.55934118 | F165: 0.56652053 | G165: 0.56652053 | H165: 0.56652053 | I165: 0.56454451 | J165: 0.56454451 | K165: 0.56454451 | L165: 0.56543833 | M165: 0.56543833 | N165: 0.56543833
A166: Ne | B166: TZ | C166: 0.55986597 | D166: 0.55986597 | E166: 0.55986597 | F166: 0.56743327 | G166: 0.56743327 | H166: 0.56743327 | I166: 0.56568146 | J166: 0.56568146 | K166: 0.56568146 | L166: 0.56653377 | M166: 0.56653377 | N166: 0.56653377
A167: Ne | B167: CBS | C167: 0.55899548 | D167: 0.55899548 | E167: 0.55899548 | F167: 0.56586094 | G167: 0.56586094 | H167: 0.56586094 | I167: 0.56370876 | J167: 0.56370876 | K167: 0.56370876 | L167: 0.56464075 | M167: 0.56464075 | N167: 0.56464075
A168: NH2 | B168: 5Z | C168: 0.76718818 | D168: 0.98161109 | E168: 0.93368986 | F168: 0.77521385 | G168: 0.98408836 | H168: 0.93885677 | I168: 0.77201098 | J168: 0.9835632 | K168: 0.9364486 | L168: 0.77334473 | M168: 0.98466966 | N168: 0.93788862
A169: NH2 | B169: QZ | C169: 0.76730661 | D169: 0.98172049 | E169: 0.93371123 | F169: 0.77559358 | G169: 0.98466402 | H169: 0.93932179 | I169: 0.77243544 | J169: 0.98409118 | K169: 0.93687704 | L169: 0.77376487 | M169: 0.98521115 | N169: 0.93832809
A170: NH2 | B170: TZ | C170: 0.7674627 | D170: 0.98198131 | E170: 0.93393573 | F170: 0.77652779 | G170: 0.98607635 | H170: 0.94060064 | I170: 0.77354226 | J170: 0.98560298 | K170: 0.93828482 | L170: 0.7748662 | M170: 0.98676065 | N170: 0.93975193
A171: NH2 | B171: CBS | C171: 0.76718818 | D171: 0.98161109 | E171: 0.93368986 | F171: 0.77493971 | G171: 0.98359916 | H171: 0.93839131 | I171: 0.7716899 | J171: 0.98312402 | K171: 0.93602151 | L171: 0.77302819 | M171: 0.98421632 | N171: 0.93744995
... A207: LiH | B207: CBS | C207: 0.987089 | D207: 0.987089 | E207: 1.651807 | F207: 0.987065 | G207: 0.987065 | H207: 1.676782 | I207: 0.995175 | J207: 0.995175 | K207: 1.689657 | L207: 0.995281 | M207: 0.995281 | N207: 1.690688

Sheet dft_values
A1: method | B1: Slater | C1: Slater | D1: Slater | E1: SPW92 | F1: SPW92 | G1: SPW92 | H1: B97-D3 | I1: B97-D3 | J1: B97-D3 | K1: BLYP | L1: BLYP | M1: BLYP | N1: BPBE | O1: BPBE | P1: BPBE | Q1: mPW91 | R1: mPW91 | S1: mPW91 | T1: PBE | U1: PBE | V1: PBE | W1: B97M-V | X1: B97M-V | Y1: B97M-V | Z1: M06-L | AA1: M06-L | AB1: M06-L | AC1: mBEEF | AD1: mBEEF | AE1: mBEEF | AF1: MGGA_MS2 | AG1: MGGA_MS2 | AH1: MGGA_MS2 | AI1: MN15-L | AJ1: MN15-L | AK1: MN15-L | AL1: revM06-L | AM1: revM06-L | AN1: revM06-L | AO1: SCAN | AP1: SCAN | AQ1: SCAN | AR1: TPSS | AS1: TPSS | AT1: TPSS | AU1: B3LYP | AV1: B3LYP | AW1: B3LYP | AX1: M06-2X | AY1: M06-2X | AZ1: M06-2X | BA1: PBE0 | BB1: PBE0 | BC1: PBE0 | BD1: M08-HX | BE1: M08-HX | BF1: M08-HX | BG1: MN15 | BH1: MN15 | BI1: MN15 | BJ1: SCAN0 | BK1: SCAN0 | BL1: SCAN0 | BM1: CAM-B3LYP | BN1: CAM-B3LYP | BO1: CAM-B3LYP | BP1: wB97X-D | BQ1: wB97X-D | BR1: wB97X-D | BS1: wB97X-V | BT1: wB97X-V | BU1: wB97X-V | BV1: wB97M-V | BW1: wB97M-V | BX1: wB97M-V
A2: component | B2: XX | C2: YY | D2: ZZ | E2: XX | F2: YY | G2: ZZ | H2: XX | I2: YY | J2: ZZ | K2: XX | L2: YY | M2: ZZ | N2: XX | O2: YY | P2: ZZ | Q2: XX | R2: YY | S2: ZZ | T2: XX | U2: YY | V2: ZZ | W2: XX | X2: YY | Y2: ZZ | Z2: XX | AA2: YY | AB2: ZZ | AC2: XX | AD2: YY | AE2: ZZ | AF2: XX | AG2: YY | AH2: ZZ | AI2: XX | AJ2: YY | AK2: ZZ | AL2: XX | AM2: YY | AN2: ZZ | AO2: XX | AP2: YY | AQ2: ZZ | AR2: XX | AS2: YY | AT2: ZZ | AU2: XX | AV2: YY | AW2: ZZ | AX2: XX | AY2: YY | AZ2: ZZ | BA2: XX | BB2: YY | BC2: ZZ | BD2: XX | BE2: YY | BF2: ZZ | BG2: XX | BH2: YY | BI2: ZZ | BJ2: XX | BK2: YY | BL2: ZZ | BM2: XX | BN2: YY | BO2: ZZ | BP2: XX | BQ2: YY | BR2: ZZ | BS2: XX | BT2: YY | BU2: ZZ | BV2: XX | BW2: YY | BX2: ZZ
A3: molecule
A4: AlF | B4: 0.74836109 | C4: 0.74836109 | D4: 1.7521481 | E4: 0.73560133 | F4: 0.73560133 | G4: 1.7471144 | H4: 0.73412284 | I4: 0.73412284 | J4: 1.7504678 | K4: 0.73648058 | L4: 0.73648058 | M4: 1.7501495 | N4: 0.73291115 | O4: 0.73291115 | P4: 1.7488949 | Q4: 0.7342195 | R4: 0.7342195 | S4: 1.7491885 | T4: 0.735831 | U4: 0.735831 | V4: 1.7495727 | W4: 0.73350342 | X4: 0.73350342 | Y4: 1.7538892 | Z4: 0.72483431 | AA4: 0.72483431 | AB4: 1.7488584 | AC4: 0.73059971 | AD4: 0.73059971 | AE4: 1.751904 | AF4: 0.73202531 | AG4: 0.73202531 | AH4: 1.751487 | AI4: 0.74585289 | AJ4: 0.74585289 | AK4: 1.7597504 | AL4: 0.72853378 | AM4: 0.72853378 | AN4: 1.7583675 | AO4: 0.73217302 | AP4: 0.73217302 | AQ4: 1.7510181 | AR4: 0.73362781 | AS4: 0.73362781 | AT4: 1.7512682 | AU4: 0.73206455 | AV4: 0.73206455 | AW4: 1.7512251 | AX4: 0.72809761 | AY4: 0.72809761 | AZ4: 1.7501184 | BA4: 0.73092111 | BB4: 0.73092111 | BC4: 1.7515189 | BD4: 0.73084482 | BE4: 0.73084482 | BF4: 1.7543406 | BG4: 0.73740003 | BH4: 0.73740003 | BI4: 1.7509029 | BJ4: 0.72929876 | BK4: 0.72929876 | BL4: 1.7523173 | BM4: 0.73135329 | BN4: 0.73135329 | BO4: 1.7523969 | BP4: 0.729456 | BQ4: 0.729456 | BR4: 1.752647 | BS4: 0.7315866 | BT4: 0.7315866 | BU4: 1.7543901 | BV4: 0.73365545 | BW4: 0.73365545 | BX4: 1.7507439
A5: Ar | B5: 0.70452653 | C5: 0.70452653 | D5: 0.70452653 | E5: 0.69790575 | F5: 0.69790575 | G5: 0.69790575 | H5: 0.69342004 | I5: 0.69342004 | J5: 0.69342004 | K5: 0.6990825 | L5: 0.6990825 | M5: 0.6990825 | N5: 0.69502052 | O5: 0.69502052 | P5: 0.69502052 | Q5: 0.69601821 | R5: 0.69601821 | S5: 0.69601821 | T5: 0.69692854 | U5: 0.69692854 | V5: 0.69692854 | W5: 0.69387855 | X5: 0.69387855 | Y5: 0.69387855 | Z5: 0.69055795 | AA5: 0.69055795 | AB5: 0.69055795 | AC5: 0.69100341 | AD5: 0.69100341 | AE5: 0.69100341 | AF5: 0.6930268 | AG5: 0.6930268 | AH5: 0.6930268 | AI5: 0.69633563 | AJ5: 0.69633563 | AK5: 0.69633563 | AL5: 0.69181586 | AM5: 0.69181586 | AN5: 0.69181586 | AO5: 0.69374758 | AP5: 0.69374758 | AQ5: 0.69374758 | AR5: 0.69509778 | AS5: 0.69509778 | AT5: 0.69509778 | AU5: 0.69678036 | AV5: 0.69678036 | AW5: 0.69678036 | AX5: 0.69494029 | AY5: 0.69494029 | AZ5: 0.69494029 | BA5: 0.69450627 | BB5: 0.69450627 | BC5: 0.69450627 | BD5: 0.695668 | BE5: 0.695668 | BF5: 0.695668 | BG5: 0.69166957 | BH5: 0.69166957 | BI5: 0.69166957 | BJ5: 0.69312513 | BK5: 0.69312513 | BL5: 0.69312513 | BM5: 0.69720704 | BN5: 0.69720704 | BO5: 0.69720704 | BP5: 0.69332175 | BQ5: 0.69332175 | BR5: 0.69332175 | BS5: 0.69548688 | BT5: 0.69548688 | BU5: 0.69548688 | BV5: 0.69756536 | BW5: 0.69756536 | BX5: 0.69756536
A6: BeH | B6: 1.0396475 | C6: 1.0396475 | D6: 1.6487272 | E6: 1.021016 | F6: 1.021016 | G6: 1.6229892 | H6: 1.0119905 | I6: 1.0119905 | J6: 1.6222705 | K6: 1.0097988 | L6: 1.0097988 | M6: 1.6220269 | N6: 1.003358 | O6: 1.003358 | P6: 1.6180907 | Q6: 1.0067682 | R6: 1.0067682 | S6: 1.6192359 | T6: 1.0102993 | U6: 1.0102993 | V6: 1.6202855 | W6: 1.0273244 | X6: 1.0273244 | Y6: 1.6426538 | Z6: 0.98396417 | AA6: 0.98396417 | AB6: 1.6156648 | AC6: 0.99777769 | AD6: 0.99777769 | AE6: 1.6238103 | AF6: 0.99506171 | AG6: 0.99506171 | AH6: 1.619569 | AI6: 1.022515 | AJ6: 1.022515 | AK6: 1.6504464 | AL6: 0.99820977 | AM6: 0.99820977 | AN6: 1.6408482 | AO6: 1.0013182 | AP6: 1.0013182 | AQ6: 1.6198093 | AR6: 1.0007835 | AS6: 1.0007835 | AT6: 1.616571 | AU6: 1.0027428 | AV6: 1.0027428 | AW6: 1.6225195 | AX6: 1.0068716 | AY6: 1.0068716 | AZ6: 1.6161825 | BA6: 1.0020011 | BB6: 1.0020011 | BC6: 1.6218952 | BD6: 1.0071817 | BE6: 1.0071817 | BF6: 1.6338911 | BG6: 1.0328818 | BH6: 1.0328818 | BI6: 1.6270494 | BJ6: 0.99855977 | BK6: 0.99855977 | BL6: 1.6204713 | BM6: 1.0025723 | BN6: 1.0025723 | BO6: 1.6254349 | BP6: 1.0028021 | BQ6: 1.0028021 | BR6: 1.6340919 | BS6: 1.0009469 | BT6: 1.0009469 | BU6: 1.6335338 | BV6: 1.0251655 | BW6: 1.0251655 | BX6: 1.6307032
A7: BeH2 | B7: 0.94719506 | C7: 0.94719506 | D7: 1.893168 | E7: 0.92643523 | F7: 0.92643523 | G7: 1.8818534 | H7: 0.9115222 | I7: 0.9115222 | J7: 1.8912197 | K7: 0.91563193 | L7: 0.91563193 | M7: 1.8910035 | N7: 0.91034555 | O7: 0.91034555 | P7: 1.8836271 | Q7: 0.91305704 | R7: 0.91305704 | S7: 1.8848141 | T7: 0.91599725 | U7: 0.91599725 | V7: 1.8846629 | W7: 0.91207259 | X7: 0.91207259 | Y7: 1.9129686 | Z7: 0.89443749 | AA7: 0.89443749 | AB7: 1.8851264 | AC7: 0.90459006 | AD7: 0.90459006 | AE7: 1.8937668 | AF7: 0.9036581 | AG7: 0.9036581 | AH7: 1.8834067 | AI7: 0.91865159 | AJ7: 0.91865159 | AK7: 1.917911 | AL7: 0.8996383 | AM7: 0.8996383 | AN7: 1.9102882 | AO7: 0.90742116 | AP7: 0.90742116 | AQ7: 1.8884462 | AR7: 0.90386376 | AS7: 0.90386376 | AT7: 1.8837521 | AU7: 0.90999158 | AV7: 0.90999158 | AW7: 1.8901252 | AX7: 0.90832198 | AY7: 0.90832198 | AZ7: 1.8836567 | BA7: 0.90894248 | BB7: 0.90894248 | BC7: 1.8850738 | BD7: 0.91118908 | BE7: 0.91118908 | BF7: 1.8973294 | BG7: 0.91536123 | BH7: 0.91536123 | BI7: 1.9019803 | BJ7: 0.90497353 | BK7: 0.90497353 | BL7: 1.8886759 | BM7: 0.91240539 | BN7: 0.91240539 | BO7: 1.8910887 | BP7: 0.90920827 | BQ7: 0.90920827 | BR7: 1.8904333 | BS7: 0.90971239 | BT7: 0.90971239 | BU7: 1.8905906 | BV7: 0.91713287 | BW7: 0.91713287 | BX7: 1.8952024
A8: BF | B8: 0.77247994 | C8: 0.77247994 | D8: 1.4444191 | E8: 0.75966232 | F8: 0.75966232 | G8: 1.4375948 | H8: 0.7532669 | I8: 0.7532669 | J8: 1.4383296 | K8: 0.7582629 | L8: 0.7582629 | M8: 1.4395646 | N8: 0.75319992 | O8: 0.75319992 | P8: 1.4369398 | Q8: 0.75492184 | R8: 0.75492184 | S8: 1.4374046 | T8: 0.75668546 | U8: 0.75668546 | V8: 1.4378281 | W8: 0.75197917 | X8: 0.75197917 | Y8: 1.4408906 | Z8: 0.74378129 | AA8: 0.74378129 | AB8: 1.4366986 | AC8: 0.74865263 | AD8: 0.74865263 | AE8: 1.4375306 | AF8: 0.74953525 | AG8: 0.74953525 | AH8: 1.4386869 | AI8: 0.75746057 | AJ8: 0.75746057 | AK8: 1.4462153 | AL8: 0.74475882 | AM8: 0.74475882 | AN8: 1.4446815 | AO8: 0.75085899 | AP8: 0.75085899 | AQ8: 1.438264 | AR8: 0.75154119 | AS8: 0.75154119 | AT8: 1.4385424 | AU8: 0.75297427 | AV8: 0.75297427 | AW8: 1.4395486 | AX8: 0.74975485 | AY8: 0.74975485 | AZ8: 1.4367377 | BA8: 0.75058665 | BB8: 0.75058665 | BC8: 1.4383892 | BD8: 0.74963089 | BE8: 0.74963089 | BF8: 1.4405094 | BG8: 0.75258274 | BH8: 0.75258274 | BI8: 1.4380334 | BJ8: 0.74780803 | BK8: 0.74780803 | BL8: 1.4387325 | BM8: 0.75320697 | BN8: 0.75320697 | BO8: 1.4407064 | BP8: 0.74939707 | BQ8: 0.74939707 | BR8: 1.4396531 | BS8: 0.75174255 | BT8: 0.75174255 | BU8: 1.4410043 | BV8: 0.75547034 | BW8: 0.75547034 | BX8: 1.4391603
A9: BH2 | B9: 0.87257331 | C9: 1.1208751 | D9: 1.4474003 | E9: 0.85805283 | F9: 1.1003279 | G9: 1.4354672 | H9: 0.84424532 | I9: 1.089979 | J9: 1.4352489 | K9: 0.85069341 | L9: 1.0958837 | M9: 1.4402022 | N9: 0.84489297 | O9: 1.0901286 | P9: 1.4332902 | Q9: 0.84737209 | R9: 1.0920414 | S9: 1.4347826 | T9: 0.84991897 | U9: 1.0947161 | V9: 1.4354598 | W9: 0.8471151 | X9: 1.0975841 | Y9: 1.4443114 | Z9: 0.82663759 | AA9: 1.0769512 | AB9: 1.4315626 | AC9: 0.83771591 | AD9: 1.085949 | AE9: 1.4353007 | AF9: 0.83755741 | AG9: 1.0869707 | AH9: 1.4309689 | AI9: 0.85203451 | AJ9: 1.1048814 | AK9: 1.4521696 | AL9: 0.83117993 | AM9: 1.0856539 | AN9: 1.4427552 | AO9: 0.83992542 | AP9: 1.0862001 | AQ9: 1.4333384 | AR9: 0.84039948 | AS9: 1.0880124 | AT9: 1.4333495 | AU9: 0.84568457 | AV9: 1.0911962 | AW9: 1.4370349 | AX9: 0.84789837 | AY9: 1.0902305 | AZ9: 1.435075 | BA9: 0.84379859 | BB9: 1.0895058 | BC9: 1.4325823 | BD9: 0.84991897 | BE9: 1.0913214 | BF9: 1.438505 | BG9: 0.85402045 | BH9: 1.0955661 | BI9: 1.4422435 | BJ9: 0.83870426 | BK9: 1.0845393 | BL9: 1.4324118 | BM9: 0.84754129 | BN9: 1.0917128 | BO9: 1.4370534 | BP9: 0.84245068 | BQ9: 1.0897051 | BR9: 1.4331012 | BS9: 0.84633112 | BT9: 1.0935931 | BU9: 1.4353969 | BV9: 0.85655376 | BW9: 1.0997194 | BX9: 1.4410869
A10: BH2F | B10: 0.73159988 | C10: 1.056076 | D10: 1.6248068 | E10: 0.72188754 | F10: 1.0469018 | G10: 1.6196385 | H10: 0.7133174 | I10: 1.0464445 | J10: 1.6194735 | K10: 0.71858751 | L10: 1.050044 | M10: 1.6217286 | N10: 0.71476211 | O10: 1.0453605 | P10: 1.6187842 | Q10: 0.71618443 | R10: 1.0463024 | S10: 1.6193772 | T10: 0.71788232 | U10: 1.0471903 | V10: 1.6198321 | W10: 0.71211451 | X10: 1.0503825 | Y10: 1.6212465 | Z10: 0.70502212 | AA10: 1.0435542 | AB10: 1.6175295 | AC10: 0.70968951 | AD10: 1.0455294 | AE10: 1.6184859 | AF10: 0.71143882 | AG10: 1.0438592 | AH10: 1.6174539 | AI10: 0.7151813 | AJ10: 1.05509 | AK10: 1.6235938 | AL10: 0.70754194 | AM10: 1.0511873 | AN10: 1.6214473 | AO10: 0.71165759 | AP10: 1.0443621 | AQ10: 1.6181887 | AR10: 0.71300465 | AS10: 1.045296 | AT10: 1.6185764 | AU10: 0.7142711 | AV10: 1.0464157 | AW10: 1.6200569 | AX10: 0.71196768 | AY10: 1.0436099 | AZ10: 1.6186659 | BA10: 0.71259069 | BB10: 1.0433917 | BC10: 1.6182027 | BD10: 0.71398155 | BE10: 1.0461847 | BF10: 1.6207075 | BG10: 0.71364955 | BH10: 1.0468996 | BI10: 1.6197556 | BJ10: 0.70932275 | BK10: 1.0423535 | BL10: 1.617581 | BM10: 0.71578205 | BN10: 1.0465156 | BO10: 1.6202595 | BP10: 0.71090958 | BQ10: 1.0430175 | BR10: 1.6180471 | BS10: 0.73847794 | BT10: 1.065409 | BU10: 1.6308994 | BV10: 0.739198 | BW10: 1.066497 | BX10: 1.631131
A11: BH3 | B11: 1.3609008 | C11: 1.3608807 | D11: 0.84338232 | E11: 1.3490351 | F11: 1.3490148 | G11: 0.82963951 | H11: 1.3488594 | I11: 1.3488391 | J11: 0.81659324 | K11: 1.3520319 | L11: 1.3520116 | M11: 0.82146674 | N11: 1.3458555 | O11: 1.3458352 | P11: 0.81682082 | Q11: 1.3472497 | R11: 1.3472293 | S11: 0.81900808 | T11: 1.3482357 | U11: 1.3482189 | V11: 0.82131965 | W11: 1.3538556 | X11: 1.3538354 | Y11: 0.81576772 | Z11: 1.3433258 | AA11: 1.3433054 | AB11: 0.8037804 | AC11: 1.3479221 | AD11: 1.3478914 | AE11: 0.81189082 | AF11: 1.3443735 | AG11: 1.3443359 | AH11: 0.81150727 | AI11: 1.3615733 | AJ11: 1.3615532 | AK11: 0.82106502 | AL11: 1.3541954 | AM11: 1.3541752 | AN11: 0.80793781 | AO11: 1.3461559 | AP11: 1.3461562 | AQ11: 0.81421689 | AR11: 1.3462283 | AS11: 1.3462115 | AT11: 0.81278317 | AU11: 1.3492762 | AV11: 1.3492559 | AW11: 0.81815092 | AX11: 1.3471013 | AY11: 1.347081 | AZ11: 0.81863922 | BA11: 1.3456483 | BB11: 1.3456314 | BC11: 0.81707109 | BD11: 1.3500061 | BE11: 1.3499823 | BF11: 0.82137057 | BG11: 1.3514578 | BH11: 1.3514376 | BI11: 0.82013636 | BJ11: 1.3453824 | BK11: 1.3453793 | BL11: 0.81376591 | BM11: 1.3499751 | BN11: 1.3499548 | BO11: 0.8211782 | BP11: 1.3458797 | BQ11: 1.3458628 | BR11: 0.81538599 | BS11: 1.368589 | BT11: 1.368569 | BU11: 0.845199 | BV11: 1.3523034 | BW11: 1.3522831 | BX11: 0.82443112
A12: BO | B12: 0.78698471 | C12: 0.78698471 | D12: 1.3564866 | E12: 0.77789565 | F12: 0.77789565 | G12: 1.3490207 | H12: 0.77286166 | I12: 0.77286166 | J12: 1.3478662 | K12: 0.77766403 | L12: 0.77766403 | M12: 1.3495621 | N12: 0.77295415 | O12: 0.77295415 | P12: 1.3466995 | Q12: 0.77433652 | R12: 0.77433652 | S12: 1.3474993 | T12: 0.7758528 | U12: 0.7758528 | V12: 1.3484466 | W12: 0.77424788 | X12: 0.77424788 | Y12: 1.3459615 | Z12: 0.76392275 | AA12: 0.76392275 | AB12: 1.3436147 | AC12: 0.76836055 | AD12: 0.76836055 | AE12: 1.3433437 | AF12: 0.77021167 | AG12: 0.77021167 | AH12: 1.3455 | AI12: 0.77783684 | AJ12: 0.77783684 | AK12: 1.3475969 | AL12: 0.76673248 | AM12: 0.76673248 | AN12: 1.3447858 | AO12: 0.77079434 | AP12: 0.77079434 | AQ12: 1.343494 | AR12: 0.77275805 | AS12: 0.77275805 | AT12: 1.3470988 | AU12: 0.77371587 | AV12: 0.77371587 | AW12: 1.3459127 | AX12: 0.77259522 | AY12: 0.77259522 | AZ12: 1.3422314 | BA12: 0.77141363 | BB12: 0.77141363 | BC12: 1.3442355 | BD12: 0.77440668 | BE12: 0.77440668 | BF12: 1.3440784 | BG12: 0.77451376 | BH12: 0.77451376 | BI12: 1.3423694 | BJ12: 0.76901899 | BK12: 0.76901899 | BL12: 1.3411026 | BM12: 0.77432913 | BN12: 0.77432913 | BO12: 1.3456458 | BP12: 0.77053089 | BQ12: 0.77053089 | BR12: 1.3434275 | BS12: 0.7739967 | BT12: 0.7739967 | BU12: 1.3459736 | BV12: 0.77820438 | BW12: 0.77820438 | BX12: 1.3455695
A13: BS | B13: 0.83499403 | C13: 0.83499403 | D13: 1.5164507 | E13: 0.82525736 | F13: 0.82525736 | G13: 1.5101725 | H13: 0.82161999 | I13: 0.82161999 | J13: 1.5088705 | K13: 0.8260292 | L13: 0.8260292 | M13: 1.510934 | N13: 0.82091301 | O13: 0.82091301 | P13: 1.5073817 | Q13: 0.82229408 | R13: 0.82229408 | S13: 1.5082435 | T13: 0.82352237 | U13: 0.82352237 | V13: 1.509216 | W13: 0.82412187 | X13: 0.82412187 | Y13: 1.5070707 | Z13: 0.81487239 | AA13: 0.81487239 | AB13: 1.5041364 | AC13: 0.81797511 | AD13: 0.81797511 | AE13: 1.5036399 | AF13: 0.81964841 | AG13: 0.81964841 | AH13: 1.5055985 | AI13: 0.83141842 | AJ13: 0.83141842 | AK13: 1.5081547 | AL13: 0.81861976 | AM13: 0.81861976 | AN13: 1.5050028 | AO13: 0.82170186 | AP13: 0.82170186 | AQ13: 1.5045637 | AR13: 0.82138512 | AS13: 0.82138512 | AT13: 1.5077407 | AU13: 0.82521232 | AV13: 0.82521232 | AW13: 1.5070735 | AX13: 0.82543752 | AY13: 0.82543752 | AZ13: 1.5040098 | BA13: 0.82305579 | BB13: 0.82305579 | BC13: 1.5048568 | BD13: 0.82774397 | BE13: 0.82774397 | BF13: 1.5056627 | BG13: 0.82520803 | BH13: 0.82520803 | BI13: 1.5032026 | BJ13: 0.82291168 | BK13: 0.82291168 | BL13: 1.5022308 | BM13: 0.82613849 | BN13: 0.82613849 | BO13: 1.5054245 | BP13: 0.82301063 | BQ13: 0.82301063 | BR13: 1.5031525 | BS13: 0.82530455 | BT13: 0.82530455 | BU13: 1.5043921 | BV13: 0.8293997 | BW13: 0.8293997 | BX13: 1.5059323
A14: C2H | B14: 0.87268425 | C14: 0.87268425 | D14: 1.5542355 | E14: 0.8607774 | F14: 0.8607774 | G14: 1.5476206 | H14: 0.85644454 | I14: 0.85644454 | J14: 1.5465062 | K14: 0.86110954 | L14: 0.86110954 | M14: 1.5502138 | N14: 0.8555125 | O14: 0.8555125 | P14: 1.5458932 | Q14: 0.8570987 | R14: 0.8570987 | S14: 1.5468959 | T14: 0.85859539 | U14: 0.85859539 | V14: 1.5475259 | W14: 0.85928785 | X14: 0.85928785 | Y14: 1.5449144 | Z14: 0.84767864 | AA14: 0.84767864 | AB14: 1.5427839 | AC14: 0.85298185 | AD14: 0.85298185 | AE14: 1.5428353 | AF14: 0.85478353 | AG14: 0.85478353 | AH14: 1.5436219 | AI14: 0.86863468 | AJ14: 0.86863468 | AK14: 1.5474372 | AL14: 0.85254257 | AM14: 0.85254257 | AN14: 1.5424924 | AO14: 0.85613063 | AP14: 0.85613063 | AQ14: 1.542885 | AR14: 0.85648461 | AS14: 0.85648461 | AT14: 1.5455952 | AU14: 0.86024239 | AV14: 0.86024239 | AW14: 1.5464047 | AX14: 0.86057806 | AY14: 0.86057806 | AZ14: 1.5440491 | BA14: 0.85803569 | BB14: 0.85803569 | BC14: 1.5433064 | BD14: 0.8617668 | BE14: 0.8617668 | BF14: 1.5444026 | BG14: 0.85944091 | BH14: 0.85944091 | BI14: 1.5463041 | BJ14: 0.85723548 | BK14: 0.85723548 | BL14: 1.5411847 | BM14: 0.86152786 | BN14: 0.86152786 | BO14: 1.5455975 | BP14: 0.85749896 | BQ14: 0.85749896 | BR14: 1.5420896 | BS14: 0.86076744 | BT14: 0.86076744 | BU14: 1.5442492 | BV14: 0.86443384 | BW14: 0.86443384 | BX14: 1.5464392
A15: C2H2 | B15: 0.86817721 | C15: 0.86817721 | D15: 1.7087401 | E15: 0.85557672 | F15: 0.85557672 | G15: 1.7027797 | H15: 0.85132679 | I15: 0.85132679 | J15: 1.7037743 | K15: 0.85569464 | L15: 0.85569464 | M15: 1.7073643 | N15: 0.84986898 | O15: 0.84986898 | P15: 1.7026144 | Q15: 0.85158875 | R15: 0.85158875 | S15: 1.7035685 | T15: 0.85314634 | U15: 0.85314634 | V15: 1.7040392 | W15: 0.8531619 | X15: 0.8531619 | Y15: 1.7022728 | Z15: 0.8420976 | AA15: 0.8420976 | AB15: 1.7005998 | AC15: 0.8480925 | AD15: 0.8480925 | AE15: 1.7009058 | AF15: 0.84978774 | AG15: 0.84978774 | AH15: 1.7009136 | AI15: 0.86242971 | AJ15: 0.86242971 | AK15: 1.7052838 | AL15: 0.84664166 | AM15: 0.84664166 | AN15: 1.7011665 | AO15: 0.85101172 | AP15: 0.85101172 | AQ15: 1.6991628 | AR15: 0.85097428 | AS15: 0.85097428 | AT15: 1.7025317 | AU15: 0.85500238 | AV15: 0.85500238 | AW15: 1.7032256 | AX15: 0.85449291 | AY15: 0.85449291 | AZ15: 1.6998252 | BA15: 0.85285061 | BB15: 0.85285061 | BC15: 1.6995534 | BD15: 0.85548982 | BE15: 0.85548982 | BF15: 1.6999346 | BG15: 0.85336728 | BH15: 0.85336728 | BI15: 1.7033051 | BJ15: 0.85267002 | BK15: 0.85267002 | BL15: 1.6970362 | BM15: 0.85644836 | BN15: 0.85644836 | BO15: 1.7018984 | BP15: 0.85203139 | BQ15: 0.85203139 | BR15: 1.6981811 | BS15: 0.85509865 | BT15: 0.85509865 | BU15: 1.7001501 | BV15: 0.85864059 | BW15: 0.85864059 | BX15: 1.7020341
... A54: LiH | B54: 1.0802771 | C54: 1.0802771 | D54: 1.6767796 | E54: 1.0334611 | F54: 1.0334611 | G54: 1.6543187 | H54: 1.0171274 | I54: 1.0171274 | J54: 1.6535085 | K54: 1.0241297 | L54: 1.0241297 | M54: 1.6568466 | N54: 1.0126588 | O54: 1.0126588 | P54: 1.6472563 | Q54: 1.0175294 | R54: 1.0175294 | S54: 1.6511885 | T54: 1.0219495 | U54: 1.0219495 | V54: 1.652162 | W54: 1.0062049 | X54: 1.0062049 | Y54: 1.6569263 | Z54: 0.98539309 | AA54: 0.98539309 | AB54: 1.6459379 | AC54: 4.0790949 | AD54: 4.0790949 | AE54: 5.8895221 | AF54: 0.99799748 | AG54: 0.99799748 | AH54: 1.6427018 | AI54: 1.0197282 | AJ54: 1.0197282 | AK54: 1.6651913 | AL54: 0.97981287 | AM54: 0.97981287 | AN54: 1.647621 | AO54: 1.0049111 | AP54: 1.0049111 | AQ54: 1.6484281 | AR54: 0.99940262 | AS54: 0.99940262 | AT54: 1.6432762 | AU54: 1.0084376 | AV54: 1.0084376 | AW54: 1.6512195 | AX54: 1.0035784 | AY54: 1.0035784 | AZ54: 1.6503548 | BA54: 1.0040506 | BB54: 1.0040506 | BC54: 1.6468778 | BD54: 0.99486369 | BE54: 0.99486369 | BF54: 1.6543191 | BG54: 1.0158109 | BH54: 1.0158109 | BI54: 1.6600059 | BJ54: 0.99608666 | BK54: 0.99608666 | BL54: 1.6468836 | BM54: 1.0053918 | BN54: 1.0053918 | BO54: 1.651272 | BP54: 1.0061311 | BQ54: 1.0061311 | BR54: 1.6528726 | BS54: 0.99782053 | BT54: 0.99782053 | BU54: 1.6484836 | BV54: 1.0159024 | BW54: 1.0159024 | BX54: 1.6593702

Sheet combine_values
A1: method | B1: CCSD\(T\) | C1: CCSD\(T\) | D1: CCSD\(T\) | F1: HF | G1: HF | H1: HF | I1: MP2 | J1: MP2 | K1: MP2 | L1: CCSD | M1: CCSD | N1: CCSD | O1: Slater | P1: Slater | Q1: Slater | R1: SPW92 | S1: SPW92 | T1: SPW92 | U1: B97-D3 | V1: B97-D3 | W1: B97-D3 | X1: BLYP | Y1: BLYP | Z1: BLYP | AA1: BPBE | AB1: BPBE | AC1: BPBE | AD1: mPW91 | AE1: mPW91 | AF1: mPW91 | AG1: PBE | AH1: PBE | AI1: PBE | AJ1: B97M-V | AK1: B97M-V | AL1: B97M-V | AM1: M06-L | AN1: M06-L | AO1: M06-L | AP1: mBEEF | AQ1: mBEEF | AR1: mBEEF | AS1: MGGA_MS2 | AT1: MGGA_MS2 | AU1: MGGA_MS2 | AV1: MN15-L | AW1: MN15-L | AX1: MN15-L | AY1: revM06-L | AZ1: revM06-L | BA1: revM06-L | BB1: SCAN | BC1: SCAN | BD1: SCAN | BE1: TPSS | BF1: TPSS | BG1: TPSS | BH1: B3LYP | BI1: B3LYP | BJ1: B3LYP | BK1: M06-2X | BL1: M06-2X | BM1: M06-2X | BN1: PBE0 | BO1: PBE0 | BP1: PBE0 | BQ1: M08-HX | BR1: M08-HX | BS1: M08-HX | BT1: MN15 | BU1: MN15 | BV1: MN15 | BW1: SCAN0 | BX1: SCAN0 | BY1: SCAN0 | BZ1: CAM-B3LYP | CA1: CAM-B3LYP | CB1: CAM-B3LYP | CC1: wB97X-D | CD1: wB97X-D | CE1: wB97X-D | CF1: wB97X-V | CG1: wB97X-V | CH1: wB97X-V | CI1: wB97M-V | CJ1: wB97M-V | CK1: wB97M-V
A2: component | B2: XX | C2: YY | D2: ZZ | F2: XX | G2: YY | H2: ZZ | I2: XX | J2: YY | K2: ZZ | L2: XX | M2: YY | N2: ZZ | O2: XX | P2: YY | Q2: ZZ | R2: XX | S2: YY | T2: ZZ | U2: XX | V2: YY | W2: ZZ | X2: XX | Y2: YY | Z2: ZZ | AA2: XX | AB2: YY | AC2: ZZ | AD2: XX | AE2: YY | AF2: ZZ | AG2: XX | AH2: YY | AI2: ZZ | AJ2: XX | AK2: YY | AL2: ZZ | AM2: XX | AN2: YY | AO2: ZZ | AP2: XX | AQ2: YY | AR2: ZZ | AS2: XX | AT2: YY | AU2: ZZ | AV2: XX | AW2: YY | AX2: ZZ | AY2: XX | AZ2: YY | BA2: ZZ | BB2: XX | BC2: YY | BD2: ZZ | BE2: XX | BF2: YY | BG2: ZZ | BH2: XX | BI2: YY | BJ2: ZZ | BK2: XX | BL2: YY | BM2: ZZ | BN2: XX | BO2: YY | BP2: ZZ | BQ2: XX | BR2: YY | BS2: ZZ | BT2: XX | BU2: YY | BV2: ZZ | BW2: XX | BX2: YY | BY2: ZZ | BZ2: XX | CA2: YY | CB2: ZZ | CC2: XX | CD2: YY | CE2: ZZ | CF2: XX | CG2: YY | CH2: ZZ | CI2: XX | CJ2: YY | CK2: ZZ
A3: molecule
A4: AlF | B4: =OFFSET(wft_table!L$7,(ROW(wft_table!L1)-1)*4,0) -> 0.72880654 | C4: =OFFSET(wft_table!M$7,(ROW(wft_table!M1)-1)*4,0) -> 0.72880654 | D4: =OFFSET(wft_table!N$7,(ROW(wft_table!N1)-1)*4,0) -> 1.750396 | F4: =OFFSET(wft_table!C$7,(ROW(wft_table!C1)-1)*4,0) -> 0.72854306 | G4: =OFFSET(wft_table!D$7,(ROW(wft_table!D1)-1)*4,0) -> 0.72854306 | H4: =OFFSET(wft_table!E$7,(ROW(wft_table!E1)-1)*4,0) -> 1.7621938 | I4: =OFFSET(wft_table!F$7,(ROW(wft_table!F1)-1)*4,0) -> 0.73036575 | J4: =OFFSET(wft_table!G$7,(ROW(wft_table!G1)-1)*4,0) -> 0.73036575 | K4: =OFFSET(wft_table!H$7,(ROW(wft_table!H1)-1)*4,0) -> 1.7515945 | L4: =OFFSET(wft_table!I$7,(ROW(wft_table!I1)-1)*4,0) -> 0.72726282 | M4: =OFFSET(wft_table!J$7,(ROW(wft_table!J1)-1)*4,0) -> 0.72726282 | N4: =OFFSET(wft_table!K$7,(ROW(wft_table!K1)-1)*4,0) -> 1.751902 | O4: 0.74836109 | P4: 0.74836109 | Q4: 1.7521481 | R4: 0.73560133 | S4: 0.73560133 | T4: 1.7471144 | U4: 0.73412284 | V4: 0.73412284 | W4: 1.7504678 | X4: 0.73648058 | Y4: 0.73648058 | Z4: 1.7501495 | AA4: 0.73291115 | AB4: 0.73291115 | AC4: 1.7488949 | AD4: 0.7342195 | AE4: 0.7342195 | AF4: 1.7491885 | AG4: 0.735831 | AH4: 0.735831 | AI4: 1.7495727 | AJ4: 0.73350342 | AK4: 0.73350342 | AL4: 1.7538892 | AM4: 0.72483431 | AN4: 0.72483431 | AO4: 1.7488584 | AP4: 0.73059971 | AQ4: 0.73059971 | AR4: 1.751904 | AS4: 0.73202531 | AT4: 0.73202531 | AU4: 1.751487 | AV4: 0.74585289 | AW4: 0.74585289 | AX4: 1.7597504 | AY4: 0.72853378 | AZ4: 0.72853378 | BA4: 1.7583675 | BB4: 0.73217302 | BC4: 0.73217302 | BD4: 1.7510181 | BE4: 0.73362781 | BF4: 0.73362781 | BG4: 1.7512682 | BH4: 0.73206455 | BI4: 0.73206455 | BJ4: 1.7512251 | BK4: 0.72809761 | BL4: 0.72809761 | BM4: 1.7501184 | BN4: 0.73092111 | BO4: 0.73092111 | BP4: 1.7515189 | BQ4: 0.73084482 | BR4: 0.73084482 | BS4: 1.7543406 | BT4: 0.73740003 | BU4: 0.73740003 | BV4: 1.7509029 | BW4: 0.72929876 | BX4: 0.72929876 | BY4: 1.7523173 | BZ4: 0.73135329 | CA4: 0.73135329 | CB4: 1.7523969 | CC4: 0.729456 | CD4: 0.729456 | CE4: 1.752647 | CF4: 0.7315866 | CG4: 0.7315866 | CH4: 1.7543901 | CI4: 0.73365545 | CJ4: 0.73365545 | CK4: 1.7507439
A5: Ar | B5: =OFFSET(wft_table!L$7,(ROW(wft_table!L2)-1)*4,0) -> 0.69285369 | C5: =OFFSET(wft_table!M$7,(ROW(wft_table!M2)-1)*4,0) -> 0.69285369 | D5: =OFFSET(wft_table!N$7,(ROW(wft_table!N2)-1)*4,0) -> 0.69285369 | F5: =OFFSET(wft_table!C$7,(ROW(wft_table!C2)-1)*4,0) -> 0.69439921 | G5: =OFFSET(wft_table!D$7,(ROW(wft_table!D2)-1)*4,0) -> 0.69439921 | H5: =OFFSET(wft_table!E$7,(ROW(wft_table!E2)-1)*4,0) -> 0.69439921 | I5: =OFFSET(wft_table!F$7,(ROW(wft_table!F2)-1)*4,0) -> 0.69340193 | J5: =OFFSET(wft_table!G$7,(ROW(wft_table!G2)-1)*4,0) -> 0.69340193 | K5: =OFFSET(wft_table!H$7,(ROW(wft_table!H2)-1)*4,0) -> 0.69340193 | L5: =OFFSET(wft_table!I$7,(ROW(wft_table!I2)-1)*4,0) -> 0.69246999 | M5: =OFFSET(wft_table!J$7,(ROW(wft_table!J2)-1)*4,0) -> 0.69246999 | N5: =OFFSET(wft_table!K$7,(ROW(wft_table!K2)-1)*4,0) -> 0.69246999 | O5: 0.70452653 | P5: 0.70452653 | Q5: 0.70452653 | R5: 0.69790575 | S5: 0.69790575 | T5: 0.69790575 | U5: 0.69342004 | V5: 0.69342004 | W5: 0.69342004 | X5: 0.6990825 | Y5: 0.6990825 | Z5: 0.6990825 | AA5: 0.69502052 | AB5: 0.69502052 | AC5: 0.69502052 | AD5: 0.69601821 | AE5: 0.69601821 | AF5: 0.69601821 | AG5: 0.69692854 | AH5: 0.69692854 | AI5: 0.69692854 | AJ5: 0.69387855 | AK5: 0.69387855 | AL5: 0.69387855 | AM5: 0.69055795 | AN5: 0.69055795 | AO5: 0.69055795 | AP5: 0.69100341 | AQ5: 0.69100341 | AR5: 0.69100341 | AS5: 0.6930268 | AT5: 0.6930268 | AU5: 0.6930268 | AV5: 0.69633563 | AW5: 0.69633563 | AX5: 0.69633563 | AY5: 0.69181586 | AZ5: 0.69181586 | BA5: 0.69181586 | BB5: 0.69374758 | BC5: 0.69374758 | BD5: 0.69374758 | BE5: 0.69509778 | BF5: 0.69509778 | BG5: 0.69509778 | BH5: 0.69678036 | BI5: 0.69678036 | BJ5: 0.69678036 | BK5: 0.69494029 | BL5: 0.69494029 | BM5: 0.69494029 | BN5: 0.69450627 | BO5: 0.69450627 | BP5: 0.69450627 | BQ5: 0.695668 | BR5: 0.695668 | BS5: 0.695668 | BT5: 0.69166957 | BU5: 0.69166957 | BV5: 0.69166957 | BW5: 0.69312513 | BX5: 0.69312513 | BY5: 0.69312513 | BZ5: 0.69720704 | CA5: 0.69720704 | CB5: 0.69720704 | CC5: 0.69332175 | CD5: 0.69332175 | CE5: 0.69332175 | CF5: 0.69548688 | CG5: 0.69548688 | CH5: 0.69548688 | CI5: 0.69756536 | CJ5: 0.69756536 | CK5: 0.69756536
A6: BeH | B6: =OFFSET(wft_table!L$7,(ROW(wft_table!L3)-1)*4,0) -> 0.99368082 | C6: =OFFSET(wft_table!M$7,(ROW(wft_table!M3)-1)*4,0) -> 0.99368082 | D6: =OFFSET(wft_table!N$7,(ROW(wft_table!N3)-1)*4,0) -> 1.6258257 | F6: =OFFSET(wft_table!C$7,(ROW(wft_table!C3)-1)*4,0) -> 0.98914899 | G6: =OFFSET(wft_table!D$7,(ROW(wft_table!D3)-1)*4,0) -> 0.98914899 | H6: =OFFSET(wft_table!E$7,(ROW(wft_table!E3)-1)*4,0) -> 1.6465447 | I6: =OFFSET(wft_table!F$7,(ROW(wft_table!F3)-1)*4,0) -> 0.98985366 | J6: =OFFSET(wft_table!G$7,(ROW(wft_table!G3)-1)*4,0) -> 0.98985366 | K6: =OFFSET(wft_table!H$7,(ROW(wft_table!H3)-1)*4,0) -> 1.6335688 | L6: =OFFSET(wft_table!I$7,(ROW(wft_table!I3)-1)*4,0) -> 0.99278453 | M6: =OFFSET(wft_table!J$7,(ROW(wft_table!J3)-1)*4,0) -> 0.99278453 | N6: =OFFSET(wft_table!K$7,(ROW(wft_table!K3)-1)*4,0) -> 1.6270783 | O6: 1.0396475 | P6: 1.0396475 | Q6: 1.6487272 | R6: 1.021016 | S6: 1.021016 | T6: 1.6229892 | U6: 1.0119905 | V6: 1.0119905 | W6: 1.6222705 | X6: 1.0097988 | Y6: 1.0097988 | Z6: 1.6220269 | AA6: 1.003358 | AB6: 1.003358 | AC6: 1.6180907 | AD6: 1.0067682 | AE6: 1.0067682 | AF6: 1.6192359 | AG6: 1.0102993 | AH6: 1.0102993 | AI6: 1.6202855 | AJ6: 1.0273244 | AK6: 1.0273244 | AL6: 1.6426538 | AM6: 0.98396417 | AN6: 0.98396417 | AO6: 1.6156648 | AP6: 0.99777769 | AQ6: 0.99777769 | AR6: 1.6238103 | AS6: 0.99506171 | AT6: 0.99506171 | AU6: 1.619569 | AV6: 1.022515 | AW6: 1.022515 | AX6: 1.6504464 | AY6: 0.99820977 | AZ6: 0.99820977 | BA6: 1.6408482 | BB6: 1.0013182 | BC6: 1.0013182 | BD6: 1.6198093 | BE6: 1.0007835 | BF6: 1.0007835 | BG6: 1.616571 | BH6: 1.0027428 | BI6: 1.0027428 | BJ6: 1.6225195 | BK6: 1.0068716 | BL6: 1.0068716 | BM6: 1.6161825 | BN6: 1.0020011 | BO6: 1.0020011 | BP6: 1.6218952 | BQ6: 1.0071817 | BR6: 1.0071817 | BS6: 1.6338911 | BT6: 1.0328818 | BU6: 1.0328818 | BV6: 1.6270494 | BW6: 0.99855977 | BX6: 0.99855977 | BY6: 1.6204713 | BZ6: 1.0025723 | CA6: 1.0025723 | CB6: 1.6254349 | CC6: 1.0028021 | CD6: 1.0028021 | CE6: 1.6340919 | CF6: 1.0009469 | CG6: 1.0009469 | CH6: 1.6335338 | CI6: 1.0251655 | CJ6: 1.0251655 | CK6: 1.6307032
A7: BeH2 | B7: =OFFSET(wft_table!L$7,(ROW(wft_table!L4)-1)*4,0) -> 0.90145481 | C7: =OFFSET(wft_table!M$7,(ROW(wft_table!M4)-1)*4,0) -> 0.90145481 | D7: =OFFSET(wft_table!N$7,(ROW(wft_table!N4)-1)*4,0) -> 1.8867482 | F7: =OFFSET(wft_table!C$7,(ROW(wft_table!C4)-1)*4,0) -> 0.9016951 | G7: =OFFSET(wft_table!D$7,(ROW(wft_table!D4)-1)*4,0) -> 0.9016951 | H7: =OFFSET(wft_table!E$7,(ROW(wft_table!E4)-1)*4,0) -> 1.9001487 | I7: =OFFSET(wft_table!F$7,(ROW(wft_table!F4)-1)*4,0) -> 0.89990146 | J7: =OFFSET(wft_table!G$7,(ROW(wft_table!G4)-1)*4,0) -> 0.89990146 | K7: =OFFSET(wft_table!H$7,(ROW(wft_table!H4)-1)*4,0) -> 1.8900465 | L7: =OFFSET(wft_table!I$7,(ROW(wft_table!I4)-1)*4,0) -> 0.90086783 | M7: =OFFSET(wft_table!J$7,(ROW(wft_table!J4)-1)*4,0) -> 0.90086783 | N7: =OFFSET(wft_table!K$7,(ROW(wft_table!K4)-1)*4,0) -> 1.8875948 | O7: 0.94719506 | P7: 0.94719506 | Q7: 1.893168 | R7: 0.92643523 | S7: 0.92643523 | T7: 1.8818534 | U7: 0.9115222 | V7: 0.9115222 | W7: 1.8912197 | X7: 0.91563193 | Y7: 0.91563193 | Z7: 1.8910035 | AA7: 0.91034555 | AB7: 0.91034555 | AC7: 1.8836271 | AD7: 0.91305704 | AE7: 0.91305704 | AF7: 1.8848141 | AG7: 0.91599725 | AH7: 0.91599725 | AI7: 1.8846629 | AJ7: 0.91207259 | AK7: 0.91207259 | AL7: 1.9129686 | AM7: 0.89443749 | AN7: 0.89443749 | AO7: 1.8851264 | AP7: 0.90459006 | AQ7: 0.90459006 | AR7: 1.8937668 | AS7: 0.9036581 | AT7: 0.9036581 | AU7: 1.8834067 | AV7: 0.91865159 | AW7: 0.91865159 | AX7: 1.917911 | AY7: 0.8996383 | AZ7: 0.8996383 | BA7: 1.9102882 | BB7: 0.90742116 | BC7: 0.90742116 | BD7: 1.8884462 | BE7: 0.90386376 | BF7: 0.90386376 | BG7: 1.8837521 | BH7: 0.90999158 | BI7: 0.90999158 | BJ7: 1.8901252 | BK7: 0.90832198 | BL7: 0.90832198 | BM7: 1.8836567 | BN7: 0.90894248 | BO7: 0.90894248 | BP7: 1.8850738 | BQ7: 0.91118908 | BR7: 0.91118908 | BS7: 1.8973294 | BT7: 0.91536123 | BU7: 0.91536123 | BV7: 1.9019803 | BW7: 0.90497353 | BX7: 0.90497353 | BY7: 1.8886759 | BZ7: 0.91240539 | CA7: 0.91240539 | CB7: 1.8910887 | CC7: 0.90920827 | CD7: 0.90920827 | CE7: 1.8904333 | CF7: 0.90971239 | CG7: 0.90971239 | CH7: 1.8905906 | CI7: 0.91713287 | CJ7: 0.91713287 | CK7: 1.8952024
A8: BF | B8: =OFFSET(wft_table!L$7,(ROW(wft_table!L5)-1)*4,0) -> 0.74685888 | C8: =OFFSET(wft_table!M$7,(ROW(wft_table!M5)-1)*4,0) -> 0.74685888 | D8: =OFFSET(wft_table!N$7,(ROW(wft_table!N5)-1)*4,0) -> 1.433292 | F8: =OFFSET(wft_table!C$7,(ROW(wft_table!C5)-1)*4,0) -> 0.74345993 | G8: =OFFSET(wft_table!D$7,(ROW(wft_table!D5)-1)*4,0) -> 0.74345993 | H8: =OFFSET(wft_table!E$7,(ROW(wft_table!E5)-1)*4,0) -> 1.4472363 | I8: =OFFSET(wft_table!F$7,(ROW(wft_table!F5)-1)*4,0) -> 0.7499455 | J8: =OFFSET(wft_table!G$7,(ROW(wft_table!G5)-1)*4,0) -> 0.7499455 | K8: =OFFSET(wft_table!H$7,(ROW(wft_table!H5)-1)*4,0) -> 1.4386517 | L8: =OFFSET(wft_table!I$7,(ROW(wft_table!I5)-1)*4,0) -> 0.7450559 | M8: =OFFSET(wft_table!J$7,(ROW(wft_table!J5)-1)*4,0) -> 0.7450559 | N8: =OFFSET(wft_table!K$7,(ROW(wft_table!K5)-1)*4,0) -> 1.4346532 | O8: 0.77247994 | P8: 0.77247994 | Q8: 1.4444191 | R8: 0.75966232 | S8: 0.75966232 | T8: 1.4375948 | U8: 0.7532669 | V8: 0.7532669 | W8: 1.4383296 | X8: 0.7582629 | Y8: 0.7582629 | Z8: 1.4395646 | AA8: 0.75319992 | AB8: 0.75319992 | AC8: 1.4369398 | AD8: 0.75492184 | AE8: 0.75492184 | AF8: 1.4374046 | AG8: 0.75668546 | AH8: 0.75668546 | AI8: 1.4378281 | AJ8: 0.75197917 | AK8: 0.75197917 | AL8: 1.4408906 | AM8: 0.74378129 | AN8: 0.74378129 | AO8: 1.4366986 | AP8: 0.74865263 | AQ8: 0.74865263 | AR8: 1.4375306 | AS8: 0.74953525 | AT8: 0.74953525 | AU8: 1.4386869 | AV8: 0.75746057 | AW8: 0.75746057 | AX8: 1.4462153 | AY8: 0.74475882 | AZ8: 0.74475882 | BA8: 1.4446815 | BB8: 0.75085899 | BC8: 0.75085899 | BD8: 1.438264 | BE8: 0.75154119 | BF8: 0.75154119 | BG8: 1.4385424 | BH8: 0.75297427 | BI8: 0.75297427 | BJ8: 1.4395486 | BK8: 0.74975485 | BL8: 0.74975485 | BM8: 1.4367377 | BN8: 0.75058665 | BO8: 0.75058665 | BP8: 1.4383892 | BQ8: 0.74963089 | BR8: 0.74963089 | BS8: 1.4405094 | BT8: 0.75258274 | BU8: 0.75258274 | BV8: 1.4380334 | BW8: 0.74780803 | BX8: 0.74780803 | BY8: 1.4387325 | BZ8: 0.75320697 | CA8: 0.75320697 | CB8: 1.4407064 | CC8: 0.74939707 | CD8: 0.74939707 | CE8: 1.4396531 | CF8: 0.75174255 | CG8: 0.75174255 | CH8: 1.4410043 | CI8: 0.75547034 | CJ8: 0.75547034 | CK8: 1.4391603
A9: BH2 | B9: =OFFSET(wft_table!L$7,(ROW(wft_table!L6)-1)*4,0) -> 0.83980428 | C9: =OFFSET(wft_table!M$7,(ROW(wft_table!M6)-1)*4,0) -> 1.0858154 | D9: =OFFSET(wft_table!N$7,(ROW(wft_table!N6)-1)*4,0) -> 1.4313086 | F9: =OFFSET(wft_table!C$7,(ROW(wft_table!C6)-1)*4,0) -> 0.83593901 | G9: =OFFSET(wft_table!D$7,(ROW(wft_table!D6)-1)*4,0) -> 1.0905731 | H9: =OFFSET(wft_table!E$7,(ROW(wft_table!E6)-1)*4,0) -> 1.4378514 | I9: =OFFSET(wft_table!F$7,(ROW(wft_table!F6)-1)*4,0) -> 0.8383993 | J9: =OFFSET(wft_table!G$7,(ROW(wft_table!G6)-1)*4,0) -> 1.0872283 | K9: =OFFSET(wft_table!H$7,(ROW(wft_table!H6)-1)*4,0) -> 1.4323084 | L9: =OFFSET(wft_table!I$7,(ROW(wft_table!I6)-1)*4,0) -> 0.83882565 | M9: =OFFSET(wft_table!J$7,(ROW(wft_table!J6)-1)*4,0) -> 1.0855037 | N9: =OFFSET(wft_table!K$7,(ROW(wft_table!K6)-1)*4,0) -> 1.4313894 | O9: 0.87257331 | P9: 1.1208751 | Q9: 1.4474003 | R9: 0.85805283 | S9: 1.1003279 | T9: 1.4354672 | U9: 0.84424532 | V9: 1.089979 | W9: 1.4352489 | X9: 0.85069341 | Y9: 1.0958837 | Z9: 1.4402022 | AA9: 0.84489297 | AB9: 1.0901286 | AC9: 1.4332902 | AD9: 0.84737209 | AE9: 1.0920414 | AF9: 1.4347826 | AG9: 0.84991897 | AH9: 1.0947161 | AI9: 1.4354598 | AJ9: 0.8471151 | AK9: 1.0975841 | AL9: 1.4443114 | AM9: 0.82663759 | AN9: 1.0769512 | AO9: 1.4315626 | AP9: 0.83771591 | AQ9: 1.085949 | AR9: 1.4353007 | AS9: 0.83755741 | AT9: 1.0869707 | AU9: 1.4309689 | AV9: 0.85203451 | AW9: 1.1048814 | AX9: 1.4521696 | AY9: 0.83117993 | AZ9: 1.0856539 | BA9: 1.4427552 | BB9: 0.83992542 | BC9: 1.0862001 | BD9: 1.4333384 | BE9: 0.84039948 | BF9: 1.0880124 | BG9: 1.4333495 | BH9: 0.84568457 | BI9: 1.0911962 | BJ9: 1.4370349 | BK9: 0.84789837 | BL9: 1.0902305 | BM9: 1.435075 | BN9: 0.84379859 | BO9: 1.0895058 | BP9: 1.4325823 | BQ9: 0.84991897 | BR9: 1.0913214 | BS9: 1.438505 | BT9: 0.85402045 | BU9: 1.0955661 | BV9: 1.4422435 | BW9: 0.83870426 | BX9: 1.0845393 | BY9: 1.4324118 | BZ9: 0.84754129 | CA9: 1.0917128 | CB9: 1.4370534 | CC9: 0.84245068 | CD9: 1.0897051 | CE9: 1.4331012 | CF9: 0.84633112 | CG9: 1.0935931 | CH9: 1.4353969 | CI9: 0.85655376 | CJ9: 1.0997194 | CK9: 1.4410869
A10: BH2F | B10: =OFFSET(wft_table!L$7,(ROW(wft_table!L7)-1)*4,0) -> 0.71030281 | C10: =OFFSET(wft_table!M$7,(ROW(wft_table!M7)-1)*4,0) -> 1.0424695 | D10: =OFFSET(wft_table!N$7,(ROW(wft_table!N7)-1)*4,0) -> 1.6173207 | F10: =OFFSET(wft_table!C$7,(ROW(wft_table!C7)-1)*4,0) -> 0.70462986 | G10: =OFFSET(wft_table!D$7,(ROW(wft_table!D7)-1)*4,0) -> 1.0430242 | H10: =OFFSET(wft_table!E$7,(ROW(wft_table!E7)-1)*4,0) -> 1.6194996 | I10: =OFFSET(wft_table!F$7,(ROW(wft_table!F7)-1)*4,0) -> 0.71151499 | J10: =OFFSET(wft_table!G$7,(ROW(wft_table!G7)-1)*4,0) -> 1.0438336 | K10: =OFFSET(wft_table!H$7,(ROW(wft_table!H7)-1)*4,0) -> 1.6180727 | L10: =OFFSET(wft_table!I$7,(ROW(wft_table!I7)-1)*4,0) -> 0.70877714 | M10: =OFFSET(wft_table!J$7,(ROW(wft_table!J7)-1)*4,0) -> 1.041721 | N10: =OFFSET(wft_table!K$7,(ROW(wft_table!K7)-1)*4,0) -> 1.6172764 | O10: 0.73159988 | P10: 1.056076 | Q10: 1.6248068 | R10: 0.72188754 | S10: 1.0469018 | T10: 1.6196385 | U10: 0.7133174 | V10: 1.0464445 | W10: 1.6194735 | X10: 0.71858751 | Y10: 1.050044 | Z10: 1.6217286 | AA10: 0.71476211 | AB10: 1.0453605 | AC10: 1.6187842 | AD10: 0.71618443 | AE10: 1.0463024 | AF10: 1.6193772 | AG10: 0.71788232 | AH10: 1.0471903 | AI10: 1.6198321 | AJ10: 0.71211451 | AK10: 1.0503825 | AL10: 1.6212465 | AM10: 0.70502212 | AN10: 1.0435542 | AO10: 1.6175295 | AP10: 0.70968951 | AQ10: 1.0455294 | AR10: 1.6184859 | AS10: 0.71143882 | AT10: 1.0438592 | AU10: 1.6174539 | AV10: 0.7151813 | AW10: 1.05509 | AX10: 1.6235938 | AY10: 0.70754194 | AZ10: 1.0511873 | BA10: 1.6214473 | BB10: 0.71165759 | BC10: 1.0443621 | BD10: 1.6181887 | BE10: 0.71300465 | BF10: 1.045296 | BG10: 1.6185764 | BH10: 0.7142711 | BI10: 1.0464157 | BJ10: 1.6200569 | BK10: 0.71196768 | BL10: 1.0436099 | BM10: 1.6186659 | BN10: 0.71259069 | BO10: 1.0433917 | BP10: 1.6182027 | BQ10: 0.71398155 | BR10: 1.0461847 | BS10: 1.6207075 | BT10: 0.71364955 | BU10: 1.0468996 | BV10: 1.6197556 | BW10: 0.70932275 | BX10: 1.0423535 | BY10: 1.617581 | BZ10: 0.71578205 | CA10: 1.0465156 | CB10: 1.6202595 | CC10: 0.71090958 | CD10: 1.0430175 | CE10: 1.6180471 | CF10: 0.73847794 | CG10: 1.065409 | CH10: 1.6308994 | CI10: 0.739198 | CJ10: 1.066497 | CK10: 1.631131
A11: BH3 | B11: =OFFSET(wft_table!L$7,(ROW(wft_table!L8)-1)*4,0) -> 1.3443331 | C11: =OFFSET(wft_table!M$7,(ROW(wft_table!M8)-1)*4,0) -> 1.3443115 | D11: =OFFSET(wft_table!N$7,(ROW(wft_table!N8)-1)*4,0) -> 0.81380583 | F11: =OFFSET(wft_table!C$7,(ROW(wft_table!C8)-1)*4,0) -> 1.3505532 | G11: =OFFSET(wft_table!D$7,(ROW(wft_table!D8)-1)*4,0) -> 1.3505364 | H11: =OFFSET(wft_table!E$7,(ROW(wft_table!E8)-1)*4,0) -> 0.81298896 | I11: =OFFSET(wft_table!F$7,(ROW(wft_table!F8)-1)*4,0) -> 1.3453047 | J11: =OFFSET(wft_table!G$7,(ROW(wft_table!G8)-1)*4,0) -> 1.3452855 | K11: =OFFSET(wft_table!H$7,(ROW(wft_table!H8)-1)*4,0) -> 0.81353896 | L11: =OFFSET(wft_table!I$7,(ROW(wft_table!I8)-1)*4,0) -> 1.3443245 | M11: =OFFSET(wft_table!J$7,(ROW(wft_table!J8)-1)*4,0) -> 1.3442981 | N11: =OFFSET(wft_table!K$7,(ROW(wft_table!K8)-1)*4,0) -> 0.81302242 | O11: 1.3609008 | P11: 1.3608807 | Q11: 0.84338232 | R11: 1.3490351 | S11: 1.3490148 | T11: 0.82963951 | U11: 1.3488594 | V11: 1.3488391 | W11: 0.81659324 | X11: 1.3520319 | Y11: 1.3520116 | Z11: 0.82146674 | AA11: 1.3458555 | AB11: 1.3458352 | AC11: 0.81682082 | AD11: 1.3472497 | AE11: 1.3472293 | AF11: 0.81900808 | AG11: 1.3482357 | AH11: 1.3482189 | AI11: 0.82131965 | AJ11: 1.3538556 | AK11: 1.3538354 | AL11: 0.81576772 | AM11: 1.3433258 | AN11: 1.3433054 | AO11: 0.8037804 | AP11: 1.3479221 | AQ11: 1.3478914 | AR11: 0.81189082 | AS11: 1.3443735 | AT11: 1.3443359 | AU11: 0.81150727 | AV11: 1.3615733 | AW11: 1.3615532 | AX11: 0.82106502 | AY11: 1.3541954 | AZ11: 1.3541752 | BA11: 0.80793781 | BB11: 1.3461559 | BC11: 1.3461562 | BD11: 0.81421689 | BE11: 1.3462283 | BF11: 1.3462115 | BG11: 0.81278317 | BH11: 1.3492762 | BI11: 1.3492559 | BJ11: 0.81815092 | BK11: 1.3471013 | BL11: 1.347081 | BM11: 0.81863922 | BN11: 1.3456483 | BO11: 1.3456314 | BP11: 0.81707109 | BQ11: 1.3500061 | BR11: 1.3499823 | BS11: 0.82137057 | BT11: 1.3514578 | BU11: 1.3514376 | BV11: 0.82013636 | BW11: 1.3453824 | BX11: 1.3453793 | BY11: 0.81376591 | BZ11: 1.3499751 | CA11: 1.3499548 | CB11: 0.8211782 | CC11: 1.3458797 | CD11: 1.3458628 | CE11: 0.81538599 | CF11: 1.368589 | CG11: 1.368569 | CH11: 0.845199 | CI11: 1.3523034 | CJ11: 1.3522831 | CK11: 0.82443112
A12: BO | B12: =OFFSET(wft_table!L$7,(ROW(wft_table!L9)-1)*4,0) -> 0.77081205 | C12: =OFFSET(wft_table!M$7,(ROW(wft_table!M9)-1)*4,0) -> 0.77081205 | D12: =OFFSET(wft_table!N$7,(ROW(wft_table!N9)-1)*4,0) -> 1.3452128 | F12: =OFFSET(wft_table!C$7,(ROW(wft_table!C9)-1)*4,0) -> 0.76742958 | G12: =OFFSET(wft_table!D$7,(ROW(wft_table!D9)-1)*4,0) -> 0.76742958 | H12: =OFFSET(wft_table!E$7,(ROW(wft_table!E9)-1)*4,0) -> 1.341349 | I12: =OFFSET(wft_table!F$7,(ROW(wft_table!F9)-1)*4,0) -> 0.77130955 | J12: =OFFSET(wft_table!G$7,(ROW(wft_table!G9)-1)*4,0) -> 0.77130955 | K12: =OFFSET(wft_table!H$7,(ROW(wft_table!H9)-1)*4,0) -> 1.3457156 | L12: =OFFSET(wft_table!I$7,(ROW(wft_table!I9)-1)*4,0) -> 0.76969276 | M12: =OFFSET(wft_table!J$7,(ROW(wft_table!J9)-1)*4,0) -> 0.76969276 | N12: =OFFSET(wft_table!K$7,(ROW(wft_table!K9)-1)*4,0) -> 1.3435791 | O12: 0.78698471 | P12: 0.78698471 | Q12: 1.3564866 | R12: 0.77789565 | S12: 0.77789565 | T12: 1.3490207 | U12: 0.77286166 | V12: 0.77286166 | W12: 1.3478662 | X12: 0.77766403 | Y12: 0.77766403 | Z12: 1.3495621 | AA12: 0.77295415 | AB12: 0.77295415 | AC12: 1.3466995 | AD12: 0.77433652 | AE12: 0.77433652 | AF12: 1.3474993 | AG12: 0.7758528 | AH12: 0.7758528 | AI12: 1.3484466 | AJ12: 0.77424788 | AK12: 0.77424788 | AL12: 1.3459615 | AM12: 0.76392275 | AN12: 0.76392275 | AO12: 1.3436147 | AP12: 0.76836055 | AQ12: 0.76836055 | AR12: 1.3433437 | AS12: 0.77021167 | AT12: 0.77021167 | AU12: 1.3455 | AV12: 0.77783684 | AW12: 0.77783684 | AX12: 1.3475969 | AY12: 0.76673248 | AZ12: 0.76673248 | BA12: 1.3447858 | BB12: 0.77079434 | BC12: 0.77079434 | BD12: 1.343494 | BE12: 0.77275805 | BF12: 0.77275805 | BG12: 1.3470988 | BH12: 0.77371587 | BI12: 0.77371587 | BJ12: 1.3459127 | BK12: 0.77259522 | BL12: 0.77259522 | BM12: 1.3422314 | BN12: 0.77141363 | BO12: 0.77141363 | BP12: 1.3442355 | BQ12: 0.77440668 | BR12: 0.77440668 | BS12: 1.3440784 | BT12: 0.77451376 | BU12: 0.77451376 | BV12: 1.3423694 | BW12: 0.76901899 | BX12: 0.76901899 | BY12: 1.3411026 | BZ12: 0.77432913 | CA12: 0.77432913 | CB12: 1.3456458 | CC12: 0.77053089 | CD12: 0.77053089 | CE12: 1.3434275 | CF12: 0.7739967 | CG12: 0.7739967 | CH12: 1.3459736 | CI12: 0.77820438 | CJ12: 0.77820438 | CK12: 1.3455695
A13: BS | B13: =OFFSET(wft_table!L$7,(ROW(wft_table!L10)-1)*4,0) -> 0.8222529 | C13: =OFFSET(wft_table!M$7,(ROW(wft_table!M10)-1)*4,0) -> 0.8222529 | D13: =OFFSET(wft_table!N$7,(ROW(wft_table!N10)-1)*4,0) -> 1.5060146 | F13: =OFFSET(wft_table!C$7,(ROW(wft_table!C10)-1)*4,0) -> 0.82972192 | G13: =OFFSET(wft_table!D$7,(ROW(wft_table!D10)-1)*4,0) -> 0.82972192 | H13: =OFFSET(wft_table!E$7,(ROW(wft_table!E10)-1)*4,0) -> 1.501898 | I13: =OFFSET(wft_table!F$7,(ROW(wft_table!F10)-1)*4,0) -> 0.82535449 | J13: =OFFSET(wft_table!G$7,(ROW(wft_table!G10)-1)*4,0) -> 0.82535449 | K13: =OFFSET(wft_table!H$7,(ROW(wft_table!H10)-1)*4,0) -> 1.469877 | L13: =OFFSET(wft_table!I$7,(ROW(wft_table!I10)-1)*4,0) -> 0.82273115 | M13: =OFFSET(wft_table!J$7,(ROW(wft_table!J10)-1)*4,0) -> 0.82273115 | N13: =OFFSET(wft_table!K$7,(ROW(wft_table!K10)-1)*4,0) -> 1.5040148 | O13: 0.83499403 | P13: 0.83499403 | Q13: 1.5164507 | R13: 0.82525736 | S13: 0.82525736 | T13: 1.5101725 | U13: 0.82161999 | V13: 0.82161999 | W13: 1.5088705 | X13: 0.8260292 | Y13: 0.8260292 | Z13: 1.510934 | AA13: 0.82091301 | AB13: 0.82091301 | AC13: 1.5073817 | AD13: 0.82229408 | AE13: 0.82229408 | AF13: 1.5082435 | AG13: 0.82352237 | AH13: 0.82352237 | AI13: 1.509216 | AJ13: 0.82412187 | AK13: 0.82412187 | AL13: 1.5070707 | AM13: 0.81487239 | AN13: 0.81487239 | AO13: 1.5041364 | AP13: 0.81797511 | AQ13: 0.81797511 | AR13: 1.5036399 | AS13: 0.81964841 | AT13: 0.81964841 | AU13: 1.5055985 | AV13: 0.83141842 | AW13: 0.83141842 | AX13: 1.5081547 | AY13: 0.81861976 | AZ13: 0.81861976 | BA13: 1.5050028 | BB13: 0.82170186 | BC13: 0.82170186 | BD13: 1.5045637 | BE13: 0.82138512 | BF13: 0.82138512 | BG13: 1.5077407 | BH13: 0.82521232 | BI13: 0.82521232 | BJ13: 1.5070735 | BK13: 0.82543752 | BL13: 0.82543752 | BM13: 1.5040098 | BN13: 0.82305579 | BO13: 0.82305579 | BP13: 1.5048568 | BQ13: 0.82774397 | BR13: 0.82774397 | BS13: 1.5056627 | BT13: 0.82520803 | BU13: 0.82520803 | BV13: 1.5032026 | BW13: 0.82291168 | BX13: 0.82291168 | BY13: 1.5022308 | BZ13: 0.82613849 | CA13: 0.82613849 | CB13: 1.5054245 | CC13: 0.82301063 | CD13: 0.82301063 | CE13: 1.5031525 | CF13: 0.82530455 | CG13: 0.82530455 | CH13: 1.5043921 | CI13: 0.8293997 | CJ13: 0.8293997 | CK13: 1.5059323
A14: C2H | B14: =OFFSET(wft_table!L$7,(ROW(wft_table!L11)-1)*4,0) -> 0.85471404 | C14: =OFFSET(wft_table!M$7,(ROW(wft_table!M11)-1)*4,0) -> 0.85471404 | D14: =OFFSET(wft_table!N$7,(ROW(wft_table!N11)-1)*4,0) -> 1.557618 | F14: =OFFSET(wft_table!C$7,(ROW(wft_table!C11)-1)*4,0) -> 0.86049831 | G14: =OFFSET(wft_table!D$7,(ROW(wft_table!D11)-1)*4,0) -> 0.86049831 | H14: =OFFSET(wft_table!E$7,(ROW(wft_table!E11)-1)*4,0) -> 1.5450047 | I14: =OFFSET(wft_table!F$7,(ROW(wft_table!F11)-1)*4,0) -> 0.86967383 | J14: =OFFSET(wft_table!G$7,(ROW(wft_table!G11)-1)*4,0) -> 0.86967383 | K14: =OFFSET(wft_table!H$7,(ROW(wft_table!H11)-1)*4,0) -> 1.5467306 | L14: =OFFSET(wft_table!I$7,(ROW(wft_table!I11)-1)*4,0) -> 0.85457572 | M14: =OFFSET(wft_table!J$7,(ROW(wft_table!J11)-1)*4,0) -> 0.85457572 | N14: =OFFSET(wft_table!K$7,(ROW(wft_table!K11)-1)*4,0) -> 1.5565775 | O14: 0.87268425 | P14: 0.87268425 | Q14: 1.5542355 | R14: 0.8607774 | S14: 0.8607774 | T14: 1.5476206 | U14: 0.85644454 | V14: 0.85644454 | W14: 1.5465062 | X14: 0.86110954 | Y14: 0.86110954 | Z14: 1.5502138 | AA14: 0.8555125 | AB14: 0.8555125 | AC14: 1.5458932 | AD14: 0.8570987 | AE14: 0.8570987 | AF14: 1.5468959 | AG14: 0.85859539 | AH14: 0.85859539 | AI14: 1.5475259 | AJ14: 0.85928785 | AK14: 0.85928785 | AL14: 1.5449144 | AM14: 0.84767864 | AN14: 0.84767864 | AO14: 1.5427839 | AP14: 0.85298185 | AQ14: 0.85298185 | AR14: 1.5428353 | AS14: 0.85478353 | AT14: 0.85478353 | AU14: 1.5436219 | AV14: 0.86863468 | AW14: 0.86863468 | AX14: 1.5474372 | AY14: 0.85254257 | AZ14: 0.85254257 | BA14: 1.5424924 | BB14: 0.85613063 | BC14: 0.85613063 | BD14: 1.542885 | BE14: 0.85648461 | BF14: 0.85648461 | BG14: 1.5455952 | BH14: 0.86024239 | BI14: 0.86024239 | BJ14: 1.5464047 | BK14: 0.86057806 | BL14: 0.86057806 | BM14: 1.5440491 | BN14: 0.85803569 | BO14: 0.85803569 | BP14: 1.5433064 | BQ14: 0.8617668 | BR14: 0.8617668 | BS14: 1.5444026 | BT14: 0.85944091 | BU14: 0.85944091 | BV14: 1.5463041 | BW14: 0.85723548 | BX14: 0.85723548 | BY14: 1.5411847 | BZ14: 0.86152786 | CA14: 0.86152786 | CB14: 1.5455975 | CC14: 0.85749896 | CD14: 0.85749896 | CE14: 1.5420896 | CF14: 0.86076744 | CG14: 0.86076744 | CH14: 1.5442492 | CI14: 0.86443384 | CJ14: 0.86443384 | CK14: 1.5464392
A15: C2H2 | B15: =OFFSET(wft_table!L$7,(ROW(wft_table!L12)-1)*4,0) -> 0.84973194 | C15: =OFFSET(wft_table!M$7,(ROW(wft_table!M12)-1)*4,0) -> 0.84973194 | D15: =OFFSET(wft_table!N$7,(ROW(wft_table!N12)-1)*4,0) -> 1.7008991 | F15: =OFFSET(wft_table!C$7,(ROW(wft_table!C12)-1)*4,0) -> 0.86279294 | G15: =OFFSET(wft_table!D$7,(ROW(wft_table!D12)-1)*4,0) -> 0.86279294 | H15: =OFFSET(wft_table!E$7,(ROW(wft_table!E12)-1)*4,0) -> 1.6954771 | I15: =OFFSET(wft_table!F$7,(ROW(wft_table!F12)-1)*4,0) -> 0.85055742 | J15: =OFFSET(wft_table!G$7,(ROW(wft_table!G12)-1)*4,0) -> 0.85055742 | K15: =OFFSET(wft_table!H$7,(ROW(wft_table!H12)-1)*4,0) -> 1.7016466 | L15: =OFFSET(wft_table!I$7,(ROW(wft_table!I12)-1)*4,0) -> 0.84977093 | M15: =OFFSET(wft_table!J$7,(ROW(wft_table!J12)-1)*4,0) -> 0.84977093 | N15: =OFFSET(wft_table!K$7,(ROW(wft_table!K12)-1)*4,0) -> 1.6995015 | O15: 0.86817721 | P15: 0.86817721 | Q15: 1.7087401 | R15: 0.85557672 | S15: 0.85557672 | T15: 1.7027797 | U15: 0.85132679 | V15: 0.85132679 | W15: 1.7037743 | X15: 0.85569464 | Y15: 0.85569464 | Z15: 1.7073643 | AA15: 0.84986898 | AB15: 0.84986898 | AC15: 1.7026144 | AD15: 0.85158875 | AE15: 0.85158875 | AF15: 1.7035685 | AG15: 0.85314634 | AH15: 0.85314634 | AI15: 1.7040392 | AJ15: 0.8531619 | AK15: 0.8531619 | AL15: 1.7022728 | AM15: 0.8420976 | AN15: 0.8420976 | AO15: 1.7005998 | AP15: 0.8480925 | AQ15: 0.8480925 | AR15: 1.7009058 | AS15: 0.84978774 | AT15: 0.84978774 | AU15: 1.7009136 | AV15: 0.86242971 | AW15: 0.86242971 | AX15: 1.7052838 | AY15: 0.84664166 | AZ15: 0.84664166 | BA15: 1.7011665 | BB15: 0.85101172 | BC15: 0.85101172 | BD15: 1.6991628 | BE15: 0.85097428 | BF15: 0.85097428 | BG15: 1.7025317 | BH15: 0.85500238 | BI15: 0.85500238 | BJ15: 1.7032256 | BK15: 0.85449291 | BL15: 0.85449291 | BM15: 1.6998252 | BN15: 0.85285061 | BO15: 0.85285061 | BP15: 1.6995534 | BQ15: 0.85548982 | BR15: 0.85548982 | BS15: 1.6999346 | BT15: 0.85336728 | BU15: 0.85336728 | BV15: 1.7033051 | BW15: 0.85267002 | BX15: 0.85267002 | BY15: 1.6970362 | BZ15: 0.85644836 | CA15: 0.85644836 | CB15: 1.7018984 | CC15: 0.85203139 | CD15: 0.85203139 | CE15: 1.6981811 | CF15: 0.85509865 | CG15: 0.85509865 | CH15: 1.7001501 | CI15: 0.85864059 | CJ15: 0.85864059 | CK15: 1.7020341
... A54: LiH | B54: =OFFSET(wft_table!L$7,(ROW(wft_table!L51)-1)*4,0) -> 0.995281 | C54: =OFFSET(wft_table!M$7,(ROW(wft_table!M51)-1)*4,0) -> 0.995281 | D54: =OFFSET(wft_table!N$7,(ROW(wft_table!N51)-1)*4,0) -> 1.690688 | F54: =OFFSET(wft_table!C$7,(ROW(wft_table!C51)-1)*4,0) -> 0.987089 | G54: =OFFSET(wft_table!D$7,(ROW(wft_table!D51)-1)*4,0) -> 0.987089 | H54: =OFFSET(wft_table!E$7,(ROW(wft_table!E51)-1)*4,0) -> 1.651807 | I54: =OFFSET(wft_table!F$7,(ROW(wft_table!F51)-1)*4,0) -> 0.987065 | J54: =OFFSET(wft_table!G$7,(ROW(wft_table!G51)-1)*4,0) -> 0.987065 | K54: =OFFSET(wft_table!H$7,(ROW(wft_table!H51)-1)*4,0) -> 1.676782 | L54: =OFFSET(wft_table!I$7,(ROW(wft_table!I51)-1)*4,0) -> 0.995175 | M54: =OFFSET(wft_table!J$7,(ROW(wft_table!J51)-1)*4,0) -> 0.995175 | N54: =OFFSET(wft_table!K$7,(ROW(wft_table!K51)-1)*4,0) -> 1.689657 | O54: 1.0802771 | P54: 1.0802771 | Q54: 1.6767796 | R54: 1.0334611 | S54: 1.0334611 | T54: 1.6543187 | U54: 1.0171274 | V54: 1.0171274 | W54: 1.6535085 | X54: 1.0241297 | Y54: 1.0241297 | Z54: 1.6568466 | AA54: 1.0126588 | AB54: 1.0126588 | AC54: 1.6472563 | AD54: 1.0175294 | AE54: 1.0175294 | AF54: 1.6511885 | AG54: 1.0219495 | AH54: 1.0219495 | AI54: 1.652162 | AJ54: 1.0062049 | AK54: 1.0062049 | AL54: 1.6569263 | AM54: 0.98539309 | AN54: 0.98539309 | AO54: 1.6459379 | AP54: 1.000945 | AQ54: 1.000945 | AR54: 1.649332 | AS54: 0.99799748 | AT54: 0.99799748 | AU54: 1.6427018 | AV54: 1.0197282 | AW54: 1.0197282 | AX54: 1.6651913 | AY54: 0.97981287 | AZ54: 0.97981287 | BA54: 1.647621 | BB54: 1.0049111 | BC54: 1.0049111 | BD54: 1.6484281 | BE54: 0.99940262 | BF54: 0.99940262 | BG54: 1.6432762 | BH54: 1.0084376 | BI54: 1.0084376 | BJ54: 1.6512195 | BK54: 1.0035784 | BL54: 1.0035784 | BM54: 1.6503548 | BN54: 1.0040506 | BO54: 1.0040506 | BP54: 1.6468778 | BQ54: 0.99486369 | BR54: 0.99486369 | BS54: 1.6543191 | BT54: 1.0158109 | BU54: 1.0158109 | BV54: 1.6600059 | BW54: 0.99608666 | BX54: 0.99608666 | BY54: 1.6468836 | BZ54: 1.0053918 | CA54: 1.0053918 | CB54: 1.651272 | CC54: 1.0061311 | CD54: 1.0061311 | CE54: 1.6528726 | CF54: 0.99782053 | CG54: 0.99782053 | CH54: 1.6484836 | CI54: 1.0159024 | CJ54: 1.0159024 | CK54: 1.6593702

Sheet relative_error
A1: method | B1: CCSD\(T\) | C1: CCSD\(T\) | D1: CCSD\(T\) | E1: Error: | F1: HF | G1: HF | H1: HF | I1: MP2 | J1: MP2 | K1: MP2 | L1: CCSD | M1: CCSD | N1: CCSD | O1: Slater | P1: Slater | Q1: Slater | R1: SPW92 | S1: SPW92 | T1: SPW92 | U1: B97-D3 | V1: B97-D3 | W1: B97-D3 | X1: BLYP | Y1: BLYP | Z1: BLYP | AA1: BPBE | AB1: BPBE | AC1: BPBE | AD1: mPW91 | AE1: mPW91 | AF1: mPW91 | AG1: PBE | AH1: PBE | AI1: PBE | AJ1: B97M-V | AK1: B97M-V | AL1: B97M-V | AM1: M06-L | AN1: M06-L | AO1: M06-L | AP1: mBEEF | AQ1: mBEEF | AR1: mBEEF | AS1: MGGA_MS2 | AT1: MGGA_MS2 | AU1: MGGA_MS2 | AV1: MN15-L | AW1: MN15-L | AX1: MN15-L | AY1: revM06-L | AZ1: revM06-L | BA1: revM06-L | BB1: SCAN | BC1: SCAN | BD1: SCAN | BE1: TPSS | BF1: TPSS | BG1: TPSS | BH1: B3LYP | BI1: B3LYP | BJ1: B3LYP | BK1: M06-2X | BL1: M06-2X | BM1: M06-2X | BN1: PBE0 | BO1: PBE0 | BP1: PBE0 | BQ1: M08-HX | BR1: M08-HX | BS1: M08-HX | BT1: MN15 | BU1: MN15 | BV1: MN15 | BW1: SCAN0 | BX1: SCAN0 | BY1: SCAN0 | BZ1: CAM-B3LYP | CA1: CAM-B3LYP | CB1: CAM-B3LYP | CC1: wB97X-D | CD1: wB97X-D | CE1: wB97X-D | CF1: wB97X-V | CG1: wB97X-V | CH1: wB97X-V | CI1: wB97M-V | CJ1: wB97M-V | CK1: wB97M-V
A2: component | B2: XX | C2: YY | D2: ZZ | F2: XX | G2: YY | H2: ZZ | I2: XX | J2: YY | K2: ZZ | L2: XX | M2: YY | N2: ZZ | O2: XX | P2: YY | Q2: ZZ | R2: XX | S2: YY | T2: ZZ | U2: XX | V2: YY | W2: ZZ | X2: XX | Y2: YY | Z2: ZZ | AA2: XX | AB2: YY | AC2: ZZ | AD2: XX | AE2: YY | AF2: ZZ | AG2: XX | AH2: YY | AI2: ZZ | AJ2: XX | AK2: YY | AL2: ZZ | AM2: XX | AN2: YY | AO2: ZZ | AP2: XX | AQ2: YY | AR2: ZZ | AS2: XX | AT2: YY | AU2: ZZ | AV2: XX | AW2: YY | AX2: ZZ | AY2: XX | AZ2: YY | BA2: ZZ | BB2: XX | BC2: YY | BD2: ZZ | BE2: XX | BF2: YY | BG2: ZZ | BH2: XX | BI2: YY | BJ2: ZZ | BK2: XX | BL2: YY | BM2: ZZ | BN2: XX | BO2: YY | BP2: ZZ | BQ2: XX | BR2: YY | BS2: ZZ | BT2: XX | BU2: YY | BV2: ZZ | BW2: XX | BX2: YY | BY2: ZZ | BZ2: XX | CA2: YY | CB2: ZZ | CC2: XX | CD2: YY | CE2: ZZ | CF2: XX | CG2: YY | CH2: ZZ | CI2: XX | CJ2: YY | CK2: ZZ
A3: molecule
A4: AlF | B4: =OFFSET(wft_table!L$7,(ROW(wft_table!L1)-1)*4,0) -> 0.72880654 | C4: =OFFSET(wft_table!M$7,(ROW(wft_table!M1)-1)*4,0) -> 0.72880654 | D4: =OFFSET(wft_table!N$7,(ROW(wft_table!N1)-1)*4,0) -> 1.750396 | F4: =(combine_values!F4-combine_values!$B4)/combine_values!$B4*100 -> -0.036152784 | G4: =(combine_values!G4-combine_values!$C4)/combine_values!$C4*100 -> -0.036152784 | H4: =(combine_values!H4-combine_values!$D4)/combine_values!$D4*100 -> 0.67400825 | I4: =(combine_values!I4-combine_values!$B4)/combine_values!$B4*100 -> 0.21394001 | J4: =(combine_values!J4-combine_values!$C4)/combine_values!$C4*100 -> 0.21394001 | K4: =(combine_values!K4-combine_values!$D4)/combine_values!$D4*100 -> 0.068469341 | L4: =(combine_values!L4-combine_values!$B4)/combine_values!$B4*100 -> -0.21181581 | M4: =(combine_values!M4-combine_values!$C4)/combine_values!$C4*100 -> -0.21181581 | N4: =(combine_values!N4-combine_values!$D4)/combine_values!$D4*100 -> 0.08603925 | O4: =(combine_values!O4-combine_values!$B4)/combine_values!$B4*100 -> 2.6830921 | P4: =(combine_values!P4-combine_values!$C4)/combine_values!$C4*100 -> 2.6830921 | Q4: =(combine_values!Q4-combine_values!$D4)/combine_values!$D4*100 -> 0.10010061 | R4: =(combine_values!R4-combine_values!$B4)/combine_values!$B4*100 -> 0.9323172 | S4: =(combine_values!S4-combine_values!$C4)/combine_values!$C4*100 -> 0.9323172 | T4: =(combine_values!T4-combine_values!$D4)/combine_values!$D4*100 -> -0.18747938 | U4: =(combine_values!U4-combine_values!$B4)/combine_values!$B4*100 -> 0.72945192 | V4: =(combine_values!V4-combine_values!$C4)/combine_values!$C4*100 -> 0.72945192 | W4: =(combine_values!W4-combine_values!$D4)/combine_values!$D4*100 -> 0.0041006897 | X4: =(combine_values!X4-combine_values!$B4)/combine_values!$B4*100 -> 1.0529594 | Y4: =(combine_values!Y4-combine_values!$C4)/combine_values!$C4*100 -> 1.0529594 | Z4: =(combine_values!Z4-combine_values!$D4)/combine_values!$D4*100 -> -0.014084231 | AA4: =(combine_values!AA4-combine_values!$B4)/combine_values!$B4*100 -> 0.5631956 | AB4: =(combine_values!AB4-combine_values!$C4)/combine_values!$C4*100 -> 0.5631956 | AC4: =(combine_values!AC4-combine_values!$D4)/combine_values!$D4*100 -> -0.085757909 | AD4: =(combine_values!AD4-combine_values!$B4)/combine_values!$B4*100 -> 0.74271531 | AE4: =(combine_values!AE4-combine_values!$C4)/combine_values!$C4*100 -> 0.74271531 | AF4: =(combine_values!AF4-combine_values!$D4)/combine_values!$D4*100 -> -0.068982555 | AG4: =(combine_values!AG4-combine_values!$B4)/combine_values!$B4*100 -> 0.96383039 | AH4: =(combine_values!AH4-combine_values!$C4)/combine_values!$C4*100 -> 0.96383039 | AI4: =(combine_values!AI4-combine_values!$D4)/combine_values!$D4*100 -> -0.047034342 | AJ4: =(combine_values!AJ4-combine_values!$B4)/combine_values!$B4*100 -> 0.64446161 | AK4: =(combine_values!AK4-combine_values!$C4)/combine_values!$C4*100 -> 0.64446161 | AL4: =(combine_values!AL4-combine_values!$D4)/combine_values!$D4*100 -> 0.19956399 | AM4: =(combine_values!AM4-combine_values!$B4)/combine_values!$B4*100 -> -0.5450322 | AN4: =(combine_values!AN4-combine_values!$C4)/combine_values!$C4*100 -> -0.5450322 | AO4: =(combine_values!AO4-combine_values!$D4)/combine_values!$D4*100 -> -0.08784127 | AP4: =(combine_values!AP4-combine_values!$B4)/combine_values!$B4*100 -> 0.24604121 | AQ4: =(combine_values!AQ4-combine_values!$C4)/combine_values!$C4*100 -> 0.24604121 | AR4: =(combine_values!AR4-combine_values!$D4)/combine_values!$D4*100 -> 0.08615096 | AS4: =(combine_values!AS4-combine_values!$B4)/combine_values!$B4*100 -> 0.44164838 | AT4: =(combine_values!AT4-combine_values!$C4)/combine_values!$C4*100 -> 0.44164838 | AU4: =(combine_values!AU4-combine_values!$D4)/combine_values!$D4*100 -> 0.062328503 | AV4: =(combine_values!AV4-combine_values!$B4)/combine_values!$B4*100 -> 2.3389393 | AW4: =(combine_values!AW4-combine_values!$C4)/combine_values!$C4*100 -> 2.3389393 | AX4: =(combine_values!AX4-combine_values!$D4)/combine_values!$D4*100 -> 0.5344163 | AY4: =(combine_values!AY4-combine_values!$B4)/combine_values!$B4*100 -> -0.037425731 | AZ4: =(combine_values!AZ4-combine_values!$C4)/combine_values!$C4*100 -> -0.037425731 | BA4: =(combine_values!BA4-combine_values!$D4)/combine_values!$D4*100 -> 0.45541076 | BB4: =(combine_values!BB4-combine_values!$B4)/combine_values!$B4*100 -> 0.46191646 | BC4: =(combine_values!BC4-combine_values!$C4)/combine_values!$C4*100 -> 0.46191646 | BD4: =(combine_values!BD4-combine_values!$D4)/combine_values!$D4*100 -> 0.035538256 | BE4: =(combine_values!BE4-combine_values!$B4)/combine_values!$B4*100 -> 0.66152862 | BF4: =(combine_values!BF4-combine_values!$C4)/combine_values!$C4*100 -> 0.66152862 | BG4: =(combine_values!BG4-combine_values!$D4)/combine_values!$D4*100 -> 0.04982825 | BH4: =(combine_values!BH4-combine_values!$B4)/combine_values!$B4*100 -> 0.44703249 | BI4: =(combine_values!BI4-combine_values!$C4)/combine_values!$C4*100 -> 0.44703249 | BJ4: =(combine_values!BJ4-combine_values!$D4)/combine_values!$D4*100 -> 0.047366765 | BK4: =(combine_values!BK4-combine_values!$B4)/combine_values!$B4*100 -> -0.097272509 | BL4: =(combine_values!BL4-combine_values!$C4)/combine_values!$C4*100 -> -0.097272509 | BM4: =(combine_values!BM4-combine_values!$D4)/combine_values!$D4*100 -> -0.015859158 | BN4: =(combine_values!BN4-combine_values!$B4)/combine_values!$B4*100 -> 0.2901416 | BO4: =(combine_values!BO4-combine_values!$C4)/combine_values!$C4*100 -> 0.2901416 | BP4: =(combine_values!BP4-combine_values!$D4)/combine_values!$D4*100 -> 0.064154322 | BQ4: =(combine_values!BQ4-combine_values!$B4)/combine_values!$B4*100 -> 0.27967348 | BR4: =(combine_values!BR4-combine_values!$C4)/combine_values!$C4*100 -> 0.27967348 | BS4: =(combine_values!BS4-combine_values!$D4)/combine_values!$D4*100 -> 0.22535607 | BT4: =(combine_values!BT4-combine_values!$B4)/combine_values!$B4*100 -> 1.1791174 | BU4: =(combine_values!BU4-combine_values!$C4)/combine_values!$C4*100 -> 1.1791174 | BV4: =(combine_values!BV4-combine_values!$D4)/combine_values!$D4*100 -> 0.028961044 | BW4: =(combine_values!BW4-combine_values!$B4)/combine_values!$B4*100 -> 0.067537912 | BX4: =(combine_values!BX4-combine_values!$C4)/combine_values!$C4*100 -> 0.067537912 | BY4: =(combine_values!BY4-combine_values!$D4)/combine_values!$D4*100 -> 0.10976266 | BZ4: =(combine_values!BZ4-combine_values!$B4)/combine_values!$B4*100 -> 0.34944032 | CA4: =(combine_values!CA4-combine_values!$C4)/combine_values!$C4*100 -> 0.34944032 | CB4: =(combine_values!CB4-combine_values!$D4)/combine_values!$D4*100 -> 0.11431438 | CC4: =(combine_values!CC4-combine_values!$B4)/combine_values!$B4*100 -> 0.089112385 | CD4: =(combine_values!CD4-combine_values!$C4)/combine_values!$C4*100 -> 0.089112385 | CE4: =(combine_values!CE4-combine_values!$D4)/combine_values!$D4*100 -> 0.12859997 | CF4: =(combine_values!CF4-combine_values!$B4)/combine_values!$B4*100 -> 0.3814534 | CG4: =(combine_values!CG4-combine_values!$C4)/combine_values!$C4*100 -> 0.3814534 | CH4: =(combine_values!CH4-combine_values!$D4)/combine_values!$D4*100 -> 0.22818152 | CI4: =(combine_values!CI4-combine_values!$B4)/combine_values!$B4*100 -> 0.6653209 | CJ4: =(combine_values!CJ4-combine_values!$C4)/combine_values!$C4*100 -> 0.6653209 | CK4: =(combine_values!CK4-combine_values!$D4)/combine_values!$D4*100 -> 0.019878566
A5: Ar | B5: =OFFSET(wft_table!L$7,(ROW(wft_table!L2)-1)*4,0) -> 0.69285369 | C5: =OFFSET(wft_table!M$7,(ROW(wft_table!M2)-1)*4,0) -> 0.69285369 | D5: =OFFSET(wft_table!N$7,(ROW(wft_table!N2)-1)*4,0) -> 0.69285369 | F5: =(combine_values!F5-combine_values!$B5)/combine_values!$B5*100 -> 0.22306699 | G5: =(combine_values!G5-combine_values!$C5)/combine_values!$C5*100 -> 0.22306699 | H5: =(combine_values!H5-combine_values!$D5)/combine_values!$D5*100 -> 0.22306699 | I5: =(combine_values!I5-combine_values!$B5)/combine_values!$B5*100 -> 0.079128483 | J5: =(combine_values!J5-combine_values!$C5)/combine_values!$C5*100 -> 0.079128483 | K5: =(combine_values!K5-combine_values!$D5)/combine_values!$D5*100 -> 0.079128483 | L5: =(combine_values!L5-combine_values!$B5)/combine_values!$B5*100 -> -0.055379464 | M5: =(combine_values!M5-combine_values!$C5)/combine_values!$C5*100 -> -0.055379464 | N5: =(combine_values!N5-combine_values!$D5)/combine_values!$D5*100 -> -0.055379464 | O5: =(combine_values!O5-combine_values!$B5)/combine_values!$B5*100 -> 1.6847492 | P5: =(combine_values!P5-combine_values!$C5)/combine_values!$C5*100 -> 1.6847492 | Q5: =(combine_values!Q5-combine_values!$D5)/combine_values!$D5*100 -> 1.6847492 | R5: =(combine_values!R5-combine_values!$B5)/combine_values!$B5*100 -> 0.7291673 | S5: =(combine_values!S5-combine_values!$C5)/combine_values!$C5*100 -> 0.7291673 | T5: =(combine_values!T5-combine_values!$D5)/combine_values!$D5*100 -> 0.7291673 | U5: =(combine_values!U5-combine_values!$B5)/combine_values!$B5*100 -> 0.081742802 | V5: =(combine_values!V5-combine_values!$C5)/combine_values!$C5*100 -> 0.081742802 | W5: =(combine_values!W5-combine_values!$D5)/combine_values!$D5*100 -> 0.081742802 | X5: =(combine_values!X5-combine_values!$B5)/combine_values!$B5*100 -> 0.8990088 | Y5: =(combine_values!Y5-combine_values!$C5)/combine_values!$C5*100 -> 0.8990088 | Z5: =(combine_values!Z5-combine_values!$D5)/combine_values!$D5*100 -> 0.8990088 | AA5: =(combine_values!AA5-combine_values!$B5)/combine_values!$B5*100 -> 0.31274094 | AB5: =(combine_values!AB5-combine_values!$C5)/combine_values!$C5*100 -> 0.31274094 | AC5: =(combine_values!AC5-combine_values!$D5)/combine_values!$D5*100 -> 0.31274094 | AD5: =(combine_values!AD5-combine_values!$B5)/combine_values!$B5*100 -> 0.45673798 | AE5: =(combine_values!AE5-combine_values!$C5)/combine_values!$C5*100 -> 0.45673798 | AF5: =(combine_values!AF5-combine_values!$D5)/combine_values!$D5*100 -> 0.45673798 | AG5: =(combine_values!AG5-combine_values!$B5)/combine_values!$B5*100 -> 0.58812648 | AH5: =(combine_values!AH5-combine_values!$C5)/combine_values!$C5*100 -> 0.58812648 | AI5: =(combine_values!AI5-combine_values!$D5)/combine_values!$D5*100 -> 0.58812648 | AJ5: =(combine_values!AJ5-combine_values!$B5)/combine_values!$B5*100 -> 0.14791937 | AK5: =(combine_values!AK5-combine_values!$C5)/combine_values!$C5*100 -> 0.14791937 | AL5: =(combine_values!AL5-combine_values!$D5)/combine_values!$D5*100 -> 0.14791937 | AM5: =(combine_values!AM5-combine_values!$B5)/combine_values!$B5*100 -> -0.33134553 | AN5: =(combine_values!AN5-combine_values!$C5)/combine_values!$C5*100 -> -0.33134553 | AO5: =(combine_values!AO5-combine_values!$D5)/combine_values!$D5*100 -> -0.33134553 | AP5: =(combine_values!AP5-combine_values!$B5)/combine_values!$B5*100 -> -0.26705165 | AQ5: =(combine_values!AQ5-combine_values!$C5)/combine_values!$C5*100 -> -0.26705165 | AR5: =(combine_values!AR5-combine_values!$D5)/combine_values!$D5*100 -> -0.26705165 | AS5: =(combine_values!AS5-combine_values!$B5)/combine_values!$B5*100 -> 0.024985177 | AT5: =(combine_values!AT5-combine_values!$C5)/combine_values!$C5*100 -> 0.024985177 | AU5: =(combine_values!AU5-combine_values!$D5)/combine_values!$D5*100 -> 0.024985177 | AV5: =(combine_values!AV5-combine_values!$B5)/combine_values!$B5*100 -> 0.50255086 | AW5: =(combine_values!AW5-combine_values!$C5)/combine_values!$C5*100 -> 0.50255086 | AX5: =(combine_values!AX5-combine_values!$D5)/combine_values!$D5*100 -> 0.50255086 | AY5: =(combine_values!AY5-combine_values!$B5)/combine_values!$B5*100 -> -0.14978974 | AZ5: =(combine_values!AZ5-combine_values!$C5)/combine_values!$C5*100 -> -0.14978974 | BA5: =(combine_values!BA5-combine_values!$D5)/combine_values!$D5*100 -> -0.14978974 | BB5: =(combine_values!BB5-combine_values!$B5)/combine_values!$B5*100 -> 0.12901625 | BC5: =(combine_values!BC5-combine_values!$C5)/combine_values!$C5*100 -> 0.12901625 | BD5: =(combine_values!BD5-combine_values!$D5)/combine_values!$D5*100 -> 0.12901625 | BE5: =(combine_values!BE5-combine_values!$B5)/combine_values!$B5*100 -> 0.32389095 | BF5: =(combine_values!BF5-combine_values!$C5)/combine_values!$C5*100 -> 0.32389095 | BG5: =(combine_values!BG5-combine_values!$D5)/combine_values!$D5*100 -> 0.32389095 | BH5: =(combine_values!BH5-combine_values!$B5)/combine_values!$B5*100 -> 0.5667394 | BI5: =(combine_values!BI5-combine_values!$C5)/combine_values!$C5*100 -> 0.5667394 | BJ5: =(combine_values!BJ5-combine_values!$D5)/combine_values!$D5*100 -> 0.5667394 | BK5: =(combine_values!BK5-combine_values!$B5)/combine_values!$B5*100 -> 0.30116078 | BL5: =(combine_values!BL5-combine_values!$C5)/combine_values!$C5*100 -> 0.30116078 | BM5: =(combine_values!BM5-combine_values!$D5)/combine_values!$D5*100 -> 0.30116078 | BN5: =(combine_values!BN5-combine_values!$B5)/combine_values!$B5*100 -> 0.23851894 | BO5: =(combine_values!BO5-combine_values!$C5)/combine_values!$C5*100 -> 0.23851894 | BP5: =(combine_values!BP5-combine_values!$D5)/combine_values!$D5*100 -> 0.23851894 | BQ5: =(combine_values!BQ5-combine_values!$B5)/combine_values!$B5*100 -> 0.40619112 | BR5: =(combine_values!BR5-combine_values!$C5)/combine_values!$C5*100 -> 0.40619112 | BS5: =(combine_values!BS5-combine_values!$D5)/combine_values!$D5*100 -> 0.40619112 | BT5: =(combine_values!BT5-combine_values!$B5)/combine_values!$B5*100 -> -0.17090396 | BU5: =(combine_values!BU5-combine_values!$C5)/combine_values!$C5*100 -> -0.17090396 | BV5: =(combine_values!BV5-combine_values!$D5)/combine_values!$D5*100 -> -0.17090396 | BW5: =(combine_values!BW5-combine_values!$B5)/combine_values!$B5*100 -> 0.039177602 | BX5: =(combine_values!BX5-combine_values!$C5)/combine_values!$C5*100 -> 0.039177602 | BY5: =(combine_values!BY5-combine_values!$D5)/combine_values!$D5*100 -> 0.039177602 | BZ5: =(combine_values!BZ5-combine_values!$B5)/combine_values!$B5*100 -> 0.62832188 | CA5: =(combine_values!CA5-combine_values!$C5)/combine_values!$C5*100 -> 0.62832188 | CB5: =(combine_values!CB5-combine_values!$D5)/combine_values!$D5*100 -> 0.62832188 | CC5: =(combine_values!CC5-combine_values!$B5)/combine_values!$B5*100 -> 0.067556413 | CD5: =(combine_values!CD5-combine_values!$C5)/combine_values!$C5*100 -> 0.067556413 | CE5: =(combine_values!CE5-combine_values!$D5)/combine_values!$D5*100 -> 0.067556413 | CF5: =(combine_values!CF5-combine_values!$B5)/combine_values!$B5*100 -> 0.38005098 | CG5: =(combine_values!CG5-combine_values!$C5)/combine_values!$C5*100 -> 0.38005098 | CH5: =(combine_values!CH5-combine_values!$D5)/combine_values!$D5*100 -> 0.38005098 | CI5: =(combine_values!CI5-combine_values!$B5)/combine_values!$B5*100 -> 0.68003914 | CJ5: =(combine_values!CJ5-combine_values!$C5)/combine_values!$C5*100 -> 0.68003914 | CK5: =(combine_values!CK5-combine_values!$D5)/combine_values!$D5*100 -> 0.68003914
A6: BeH | B6: =OFFSET(wft_table!L$7,(ROW(wft_table!L3)-1)*4,0) -> 0.99368082 | C6: =OFFSET(wft_table!M$7,(ROW(wft_table!M3)-1)*4,0) -> 0.99368082 | D6: =OFFSET(wft_table!N$7,(ROW(wft_table!N3)-1)*4,0) -> 1.6258257 | F6: =(combine_values!F6-combine_values!$B6)/combine_values!$B6*100 -> -0.45606419 | G6: =(combine_values!G6-combine_values!$C6)/combine_values!$C6*100 -> -0.45606419 | H6: =(combine_values!H6-combine_values!$D6)/combine_values!$D6*100 -> 1.2743672 | I6: =(combine_values!I6-combine_values!$B6)/combine_values!$B6*100 -> -0.38514911 | J6: =(combine_values!J6-combine_values!$C6)/combine_values!$C6*100 -> -0.38514911 | K6: =(combine_values!K6-combine_values!$D6)/combine_values!$D6*100 -> 0.47625608 | L6: =(combine_values!L6-combine_values!$B6)/combine_values!$B6*100 -> -0.090198874 | M6: =(combine_values!M6-combine_values!$C6)/combine_values!$C6*100 -> -0.090198874 | N6: =(combine_values!N6-combine_values!$D6)/combine_values!$D6*100 -> 0.077043888 | O6: =(combine_values!O6-combine_values!$B6)/combine_values!$B6*100 -> 4.6258973 | P6: =(combine_values!P6-combine_values!$C6)/combine_values!$C6*100 -> 4.6258973 | Q6: =(combine_values!Q6-combine_values!$D6)/combine_values!$D6*100 -> 1.4086087 | R6: =(combine_values!R6-combine_values!$B6)/combine_values!$B6*100 -> 2.7509037 | S6: =(combine_values!S6-combine_values!$C6)/combine_values!$C6*100 -> 2.7509037 | T6: =(combine_values!T6-combine_values!$D6)/combine_values!$D6*100 -> -0.17446383 | U6: =(combine_values!U6-combine_values!$B6)/combine_values!$B6*100 -> 1.8426085 | V6: =(combine_values!V6-combine_values!$C6)/combine_values!$C6*100 -> 1.8426085 | W6: =(combine_values!W6-combine_values!$D6)/combine_values!$D6*100 -> -0.21867315 | X6: =(combine_values!X6-combine_values!$B6)/combine_values!$B6*100 -> 1.6220463 | Y6: =(combine_values!Y6-combine_values!$C6)/combine_values!$C6*100 -> 1.6220463 | Z6: =(combine_values!Z6-combine_values!$D6)/combine_values!$D6*100 -> -0.23365379 | AA6: =(combine_values!AA6-combine_values!$B6)/combine_values!$B6*100 -> 0.97387547 | AB6: =(combine_values!AB6-combine_values!$C6)/combine_values!$C6*100 -> 0.97387547 | AC6: =(combine_values!AC6-combine_values!$D6)/combine_values!$D6*100 -> -0.47575895 | AD6: =(combine_values!AD6-combine_values!$B6)/combine_values!$B6*100 -> 1.3170604 | AE6: =(combine_values!AE6-combine_values!$C6)/combine_values!$C6*100 -> 1.3170604 | AF6: =(combine_values!AF6-combine_values!$D6)/combine_values!$D6*100 -> -0.40532137 | AG6: =(combine_values!AG6-combine_values!$B6)/combine_values!$B6*100 -> 1.6724181 | AH6: =(combine_values!AH6-combine_values!$C6)/combine_values!$C6*100 -> 1.6724181 | AI6: =(combine_values!AI6-combine_values!$D6)/combine_values!$D6*100 -> -0.34075987 | AJ6: =(combine_values!AJ6-combine_values!$B6)/combine_values!$B6*100 -> 3.3857496 | AK6: =(combine_values!AK6-combine_values!$C6)/combine_values!$C6*100 -> 3.3857496 | AL6: =(combine_values!AL6-combine_values!$D6)/combine_values!$D6*100 -> 1.0350495 | AM6: =(combine_values!AM6-combine_values!$B6)/combine_values!$B6*100 -> -0.97784376 | AN6: =(combine_values!AN6-combine_values!$C6)/combine_values!$C6*100 -> -0.97784376 | AO6: =(combine_values!AO6-combine_values!$D6)/combine_values!$D6*100 -> -0.62496901 | AP6: =(combine_values!AP6-combine_values!$B6)/combine_values!$B6*100 -> 0.41229238 | AQ6: =(combine_values!AQ6-combine_values!$C6)/combine_values!$C6*100 -> 0.41229238 | AR6: =(combine_values!AR6-combine_values!$D6)/combine_values!$D6*100 -> -0.12396129 | AS6: =(combine_values!AS6-combine_values!$B6)/combine_values!$B6*100 -> 0.13896716 | AT6: =(combine_values!AT6-combine_values!$C6)/combine_values!$C6*100 -> 0.13896716 | AU6: =(combine_values!AU6-combine_values!$D6)/combine_values!$D6*100 -> -0.38483335 | AV6: =(combine_values!AV6-combine_values!$B6)/combine_values!$B6*100 -> 2.9017507 | AW6: =(combine_values!AW6-combine_values!$C6)/combine_values!$C6*100 -> 2.9017507 | AX6: =(combine_values!AX6-combine_values!$D6)/combine_values!$D6*100 -> 1.5143509 | AY6: =(combine_values!AY6-combine_values!$B6)/combine_values!$B6*100 -> 0.45577551 | AZ6: =(combine_values!AZ6-combine_values!$C6)/combine_values!$C6*100 -> 0.45577551 | BA6: =(combine_values!BA6-combine_values!$D6)/combine_values!$D6*100 -> 0.92399163 | BB6: =(combine_values!BB6-combine_values!$B6)/combine_values!$B6*100 -> 0.76859904 | BC6: =(combine_values!BC6-combine_values!$C6)/combine_values!$C6*100 -> 0.76859904 | BD6: =(combine_values!BD6-combine_values!$D6)/combine_values!$D6*100 -> -0.37005004 | BE6: =(combine_values!BE6-combine_values!$B6)/combine_values!$B6*100 -> 0.71478483 | BF6: =(combine_values!BF6-combine_values!$C6)/combine_values!$C6*100 -> 0.71478483 | BG6: =(combine_values!BG6-combine_values!$D6)/combine_values!$D6*100 -> -0.56923082 | BH6: =(combine_values!BH6-combine_values!$B6)/combine_values!$B6*100 -> 0.91196331 | BI6: =(combine_values!BI6-combine_values!$C6)/combine_values!$C6*100 -> 0.91196331 | BJ6: =(combine_values!BJ6-combine_values!$D6)/combine_values!$D6*100 -> -0.20335383 | BK6: =(combine_values!BK6-combine_values!$B6)/combine_values!$B6*100 -> 1.3274643 | BL6: =(combine_values!BL6-combine_values!$C6)/combine_values!$C6*100 -> 1.3274643 | BM6: =(combine_values!BM6-combine_values!$D6)/combine_values!$D6*100 -> -0.59312436 | BN6: =(combine_values!BN6-combine_values!$B6)/combine_values!$B6*100 -> 0.83731986 | BO6: =(combine_values!BO6-combine_values!$C6)/combine_values!$C6*100 -> 0.83731986 | BP6: =(combine_values!BP6-combine_values!$D6)/combine_values!$D6*100 -> -0.24175588 | BQ6: =(combine_values!BQ6-combine_values!$B6)/combine_values!$B6*100 -> 1.3586697 | BR6: =(combine_values!BR6-combine_values!$C6)/combine_values!$C6*100 -> 1.3586697 | BS6: =(combine_values!BS6-combine_values!$D6)/combine_values!$D6*100 -> 0.49607854 | BT6: =(combine_values!BT6-combine_values!$B6)/combine_values!$B6*100 -> 3.9450313 | BU6: =(combine_values!BU6-combine_values!$C6)/combine_values!$C6*100 -> 3.9450313 | BV6: =(combine_values!BV6-combine_values!$D6)/combine_values!$D6*100 -> 0.075266736 | BW6: =(combine_values!BW6-combine_values!$B6)/combine_values!$B6*100 -> 0.49099804 | BX6: =(combine_values!BX6-combine_values!$C6)/combine_values!$C6*100 -> 0.49099804 | BY6: =(combine_values!BY6-combine_values!$D6)/combine_values!$D6*100 -> -0.32933635 | BZ6: =(combine_values!BZ6-combine_values!$B6)/combine_values!$B6*100 -> 0.8948002 | CA6: =(combine_values!CA6-combine_values!$C6)/combine_values!$C6*100 -> 0.8948002 | CB6: =(combine_values!CB6-combine_values!$D6)/combine_values!$D6*100 -> -0.024038236 | CC6: =(combine_values!CC6-combine_values!$B6)/combine_values!$B6*100 -> 0.9179324 | CD6: =(combine_values!CD6-combine_values!$C6)/combine_values!$C6*100 -> 0.9179324 | CE6: =(combine_values!CE6-combine_values!$D6)/combine_values!$D6*100 -> 0.50842828 | CF6: =(combine_values!CF6-combine_values!$B6)/combine_values!$B6*100 -> 0.73123111 | CG6: =(combine_values!CG6-combine_values!$C6)/combine_values!$C6*100 -> 0.73123111 | CH6: =(combine_values!CH6-combine_values!$D6)/combine_values!$D6*100 -> 0.47410301 | CI6: =(combine_values!CI6-combine_values!$B6)/combine_values!$B6*100 -> 3.1684865 | CJ6: =(combine_values!CJ6-combine_values!$C6)/combine_values!$C6*100 -> 3.1684865 | CK6: =(combine_values!CK6-combine_values!$D6)/combine_values!$D6*100 -> 0.2999986
A7: BeH2 | B7: =OFFSET(wft_table!L$7,(ROW(wft_table!L4)-1)*4,0) -> 0.90145481 | C7: =OFFSET(wft_table!M$7,(ROW(wft_table!M4)-1)*4,0) -> 0.90145481 | D7: =OFFSET(wft_table!N$7,(ROW(wft_table!N4)-1)*4,0) -> 1.8867482 | F7: =(combine_values!F7-combine_values!$B7)/combine_values!$B7*100 -> 0.02665568 | G7: =(combine_values!G7-combine_values!$C7)/combine_values!$C7*100 -> 0.02665568 | H7: =(combine_values!H7-combine_values!$D7)/combine_values!$D7*100 -> 0.71024465 | I7: =(combine_values!I7-combine_values!$B7)/combine_values!$B7*100 -> -0.17231618 | J7: =(combine_values!J7-combine_values!$C7)/combine_values!$C7*100 -> -0.17231618 | K7: =(combine_values!K7-combine_values!$D7)/combine_values!$D7*100 -> 0.17481693 | L7: =(combine_values!L7-combine_values!$B7)/combine_values!$B7*100 -> -0.065115487 | M7: =(combine_values!M7-combine_values!$C7)/combine_values!$C7*100 -> -0.065115487 | N7: =(combine_values!N7-combine_values!$D7)/combine_values!$D7*100 -> 0.044869912 | O7: =(combine_values!O7-combine_values!$B7)/combine_values!$B7*100 -> 5.0740475 | P7: =(combine_values!P7-combine_values!$C7)/combine_values!$C7*100 -> 5.0740475 | Q7: =(combine_values!Q7-combine_values!$D7)/combine_values!$D7*100 -> 0.34025654 | R7: =(combine_values!R7-combine_values!$B7)/combine_values!$B7*100 -> 2.7711228 | S7: =(combine_values!S7-combine_values!$C7)/combine_values!$C7*100 -> 2.7711228 | T7: =(combine_values!T7-combine_values!$D7)/combine_values!$D7*100 -> -0.25942989 | U7: =(combine_values!U7-combine_values!$B7)/combine_values!$B7*100 -> 1.1167934 | V7: =(combine_values!V7-combine_values!$C7)/combine_values!$C7*100 -> 1.1167934 | W7: =(combine_values!W7-combine_values!$D7)/combine_values!$D7*100 -> 0.23699854 | X7: =(combine_values!X7-combine_values!$B7)/combine_values!$B7*100 -> 1.5726936 | Y7: =(combine_values!Y7-combine_values!$C7)/combine_values!$C7*100 -> 1.5726936 | Z7: =(combine_values!Z7-combine_values!$D7)/combine_values!$D7*100 -> 0.22553816 | AA7: =(combine_values!AA7-combine_values!$B7)/combine_values!$B7*100 -> 0.98626601 | AB7: =(combine_values!AB7-combine_values!$C7)/combine_values!$C7*100 -> 0.98626601 | AC7: =(combine_values!AC7-combine_values!$D7)/combine_values!$D7*100 -> -0.16542061 | AD7: =(combine_values!AD7-combine_values!$B7)/combine_values!$B7*100 -> 1.2870555 | AE7: =(combine_values!AE7-combine_values!$C7)/combine_values!$C7*100 -> 1.2870555 | AF7: =(combine_values!AF7-combine_values!$D7)/combine_values!$D7*100 -> -0.10250654 | AG7: =(combine_values!AG7-combine_values!$B7)/combine_values!$B7*100 -> 1.6132191 | AH7: =(combine_values!AH7-combine_values!$C7)/combine_values!$C7*100 -> 1.6132191 | AI7: =(combine_values!AI7-combine_values!$D7)/combine_values!$D7*100 -> -0.11052109 | AJ7: =(combine_values!AJ7-combine_values!$B7)/combine_values!$B7*100 -> 1.1778495 | AK7: =(combine_values!AK7-combine_values!$C7)/combine_values!$C7*100 -> 1.1778495 | AL7: =(combine_values!AL7-combine_values!$D7)/combine_values!$D7*100 -> 1.3897129 | AM7: =(combine_values!AM7-combine_values!$B7)/combine_values!$B7*100 -> -0.77844403 | AN7: =(combine_values!AN7-combine_values!$C7)/combine_values!$C7*100 -> -0.77844403 | AO7: =(combine_values!AO7-combine_values!$D7)/combine_values!$D7*100 -> -0.085956789 | AP7: =(combine_values!AP7-combine_values!$B7)/combine_values!$B7*100 -> 0.34779868 | AQ7: =(combine_values!AQ7-combine_values!$C7)/combine_values!$C7*100 -> 0.34779868 | AR7: =(combine_values!AR7-combine_values!$D7)/combine_values!$D7*100 -> 0.37199352 | AS7: =(combine_values!AS7-combine_values!$B7)/combine_values!$B7*100 -> 0.24441471 | AT7: =(combine_values!AT7-combine_values!$C7)/combine_values!$C7*100 -> 0.24441471 | AU7: =(combine_values!AU7-combine_values!$D7)/combine_values!$D7*100 -> -0.17710155 | AV7: =(combine_values!AV7-combine_values!$B7)/combine_values!$B7*100 -> 1.9076693 | AW7: =(combine_values!AW7-combine_values!$C7)/combine_values!$C7*100 -> 1.9076693 | AX7: =(combine_values!AX7-combine_values!$D7)/combine_values!$D7*100 -> 1.6516683 | AY7: =(combine_values!AY7-combine_values!$B7)/combine_values!$B7*100 -> -0.20150952 | AZ7: =(combine_values!AZ7-combine_values!$C7)/combine_values!$C7*100 -> -0.20150952 | BA7: =(combine_values!BA7-combine_values!$D7)/combine_values!$D7*100 -> 1.2476521 | BB7: =(combine_values!BB7-combine_values!$B7)/combine_values!$B7*100 -> 0.66185807 | BC7: =(combine_values!BC7-combine_values!$C7)/combine_values!$C7*100 -> 0.66185807 | BD7: =(combine_values!BD7-combine_values!$D7)/combine_values!$D7*100 -> 0.08999788 | BE7: =(combine_values!BE7-combine_values!$B7)/combine_values!$B7*100 -> 0.26722916 | BF7: =(combine_values!BF7-combine_values!$C7)/combine_values!$C7*100 -> 0.26722916 | BG7: =(combine_values!BG7-combine_values!$D7)/combine_values!$D7*100 -> -0.15879621 | BH7: =(combine_values!BH7-combine_values!$B7)/combine_values!$B7*100 -> 0.94699936 | BI7: =(combine_values!BI7-combine_values!$C7)/combine_values!$C7*100 -> 0.94699936 | BJ7: =(combine_values!BJ7-combine_values!$D7)/combine_values!$D7*100 -> 0.17898859 | BK7: =(combine_values!BK7-combine_values!$B7)/combine_values!$B7*100 -> 0.76178714 | BL7: =(combine_values!BL7-combine_values!$C7)/combine_values!$C7*100 -> 0.76178714 | BM7: =(combine_values!BM7-combine_values!$D7)/combine_values!$D7*100 -> -0.16385164 | BN7: =(combine_values!BN7-combine_values!$B7)/combine_values!$B7*100 -> 0.83061997 | BO7: =(combine_values!BO7-combine_values!$C7)/combine_values!$C7*100 -> 0.83061997 | BP7: =(combine_values!BP7-combine_values!$D7)/combine_values!$D7*100 -> -0.088743923 | BQ7: =(combine_values!BQ7-combine_values!$B7)/combine_values!$B7*100 -> 1.0798403 | BR7: =(combine_values!BR7-combine_values!$C7)/combine_values!$C7*100 -> 1.0798403 | BS7: =(combine_values!BS7-combine_values!$D7)/combine_values!$D7*100 -> 0.5608205 | BT7: =(combine_values!BT7-combine_values!$B7)/combine_values!$B7*100 -> 1.5426642 | BU7: =(combine_values!BU7-combine_values!$C7)/combine_values!$C7*100 -> 1.5426642 | BV7: =(combine_values!BV7-combine_values!$D7)/combine_values!$D7*100 -> 0.80732064 | BW7: =(combine_values!BW7-combine_values!$B7)/combine_values!$B7*100 -> 0.39033761 | BX7: =(combine_values!BX7-combine_values!$C7)/combine_values!$C7*100 -> 0.39033761 | BY7: =(combine_values!BY7-combine_values!$D7)/combine_values!$D7*100 -> 0.10216925 | BZ7: =(combine_values!BZ7-combine_values!$B7)/combine_values!$B7*100 -> 1.2147668 | CA7: =(combine_values!CA7-combine_values!$C7)/combine_values!$C7*100 -> 1.2147668 | CB7: =(combine_values!CB7-combine_values!$D7)/combine_values!$D7*100 -> 0.23005301 | CC7: =(combine_values!CC7-combine_values!$B7)/combine_values!$B7*100 -> 0.86010537 | CD7: =(combine_values!CD7-combine_values!$C7)/combine_values!$C7*100 -> 0.86010537 | CE7: =(combine_values!CE7-combine_values!$D7)/combine_values!$D7*100 -> 0.19531814 | CF7: =(combine_values!CF7-combine_values!$B7)/combine_values!$B7*100 -> 0.91602834 | CG7: =(combine_values!CG7-combine_values!$C7)/combine_values!$C7*100 -> 0.91602834 | CH7: =(combine_values!CH7-combine_values!$D7)/combine_values!$D7*100 -> 0.20365561 | CI7: =(combine_values!CI7-combine_values!$B7)/combine_values!$B7*100 -> 1.7391952 | CJ7: =(combine_values!CJ7-combine_values!$C7)/combine_values!$C7*100 -> 1.7391952 | CK7: =(combine_values!CK7-combine_values!$D7)/combine_values!$D7*100 -> 0.44808671
A8: BF | B8: =OFFSET(wft_table!L$7,(ROW(wft_table!L5)-1)*4,0) -> 0.74685888 | C8: =OFFSET(wft_table!M$7,(ROW(wft_table!M5)-1)*4,0) -> 0.74685888 | D8: =OFFSET(wft_table!N$7,(ROW(wft_table!N5)-1)*4,0) -> 1.433292 | F8: =(combine_values!F8-combine_values!$B8)/combine_values!$B8*100 -> -0.45509913 | G8: =(combine_values!G8-combine_values!$C8)/combine_values!$C8*100 -> -0.45509913 | H8: =(combine_values!H8-combine_values!$D8)/combine_values!$D8*100 -> 0.97288763 | I8: =(combine_values!I8-combine_values!$B8)/combine_values!$B8*100 -> 0.41328031 | J8: =(combine_values!J8-combine_values!$C8)/combine_values!$C8*100 -> 0.41328031 | K8: =(combine_values!K8-combine_values!$D8)/combine_values!$D8*100 -> 0.37394531 | L8: =(combine_values!L8-combine_values!$B8)/combine_values!$B8*100 -> -0.24140741 | M8: =(combine_values!M8-combine_values!$C8)/combine_values!$C8*100 -> -0.24140741 | N8: =(combine_values!N8-combine_values!$D8)/combine_values!$D8*100 -> 0.094973584 | O8: =(combine_values!O8-combine_values!$B8)/combine_values!$B8*100 -> 3.4305096 | P8: =(combine_values!P8-combine_values!$C8)/combine_values!$C8*100 -> 3.4305096 | Q8: =(combine_values!Q8-combine_values!$D8)/combine_values!$D8*100 -> 0.77632994 | R8: =(combine_values!R8-combine_values!$B8)/combine_values!$B8*100 -> 1.7143062 | S8: =(combine_values!S8-combine_values!$C8)/combine_values!$C8*100 -> 1.7143062 | T8: =(combine_values!T8-combine_values!$D8)/combine_values!$D8*100 -> 0.30020135 | U8: =(combine_values!U8-combine_values!$B8)/combine_values!$B8*100 -> 0.85799678 | V8: =(combine_values!V8-combine_values!$C8)/combine_values!$C8*100 -> 0.85799678 | W8: =(combine_values!W8-combine_values!$D8)/combine_values!$D8*100 -> 0.35147239 | X8: =(combine_values!X8-combine_values!$B8)/combine_values!$B8*100 -> 1.5269317 | Y8: =(combine_values!Y8-combine_values!$C8)/combine_values!$C8*100 -> 1.5269317 | Z8: =(combine_values!Z8-combine_values!$D8)/combine_values!$D8*100 -> 0.43763256 | AA8: =(combine_values!AA8-combine_values!$B8)/combine_values!$B8*100 -> 0.8490288 | AB8: =(combine_values!AB8-combine_values!$C8)/combine_values!$C8*100 -> 0.8490288 | AC8: =(combine_values!AC8-combine_values!$D8)/combine_values!$D8*100 -> 0.25450771 | AD8: =(combine_values!AD8-combine_values!$B8)/combine_values!$B8*100 -> 1.0795832 | AE8: =(combine_values!AE8-combine_values!$C8)/combine_values!$C8*100 -> 1.0795832 | AF8: =(combine_values!AF8-combine_values!$D8)/combine_values!$D8*100 -> 0.28693151 | AG8: =(combine_values!AG8-combine_values!$B8)/combine_values!$B8*100 -> 1.3157211 | AH8: =(combine_values!AH8-combine_values!$C8)/combine_values!$C8*100 -> 1.3157211 | AI8: =(combine_values!AI8-combine_values!$D8)/combine_values!$D8*100 -> 0.31647878 | AJ8: =(combine_values!AJ8-combine_values!$B8)/combine_values!$B8*100 -> 0.68557731 | AK8: =(combine_values!AK8-combine_values!$C8)/combine_values!$C8*100 -> 0.68557731 | AL8: =(combine_values!AL8-combine_values!$D8)/combine_values!$D8*100 -> 0.53014895 | AM8: =(combine_values!AM8-combine_values!$B8)/combine_values!$B8*100 -> -0.41207005 | AN8: =(combine_values!AN8-combine_values!$C8)/combine_values!$C8*100 -> -0.41207005 | AO8: =(combine_values!AO8-combine_values!$D8)/combine_values!$D8*100 -> 0.23767534 | AP8: =(combine_values!AP8-combine_values!$B8)/combine_values!$B8*100 -> 0.24017275 | AQ8: =(combine_values!AQ8-combine_values!$C8)/combine_values!$C8*100 -> 0.24017275 | AR8: =(combine_values!AR8-combine_values!$D8)/combine_values!$D8*100 -> 0.29572761 | AS8: =(combine_values!AS8-combine_values!$B8)/combine_values!$B8*100 -> 0.35835004 | AT8: =(combine_values!AT8-combine_values!$C8)/combine_values!$C8*100 -> 0.35835004 | AU8: =(combine_values!AU8-combine_values!$D8)/combine_values!$D8*100 -> 0.37640247 | AV8: =(combine_values!AV8-combine_values!$B8)/combine_values!$B8*100 -> 1.4195039 | AW8: =(combine_values!AW8-combine_values!$C8)/combine_values!$C8*100 -> 1.4195039 | AX8: =(combine_values!AX8-combine_values!$D8)/combine_values!$D8*100 -> 0.90165037 | AY8: =(combine_values!AY8-combine_values!$B8)/combine_values!$B8*100 -> -0.28118472 | AZ8: =(combine_values!AZ8-combine_values!$C8)/combine_values!$C8*100 -> -0.28118472 | BA8: =(combine_values!BA8-combine_values!$D8)/combine_values!$D8*100 -> 0.79463647 | BB8: =(combine_values!BB8-combine_values!$B8)/combine_values!$B8*100 -> 0.53559225 | BC8: =(combine_values!BC8-combine_values!$C8)/combine_values!$C8*100 -> 0.53559225 | BD8: =(combine_values!BD8-combine_values!$D8)/combine_values!$D8*100 -> 0.34689609 | BE8: =(combine_values!BE8-combine_values!$B8)/combine_values!$B8*100 -> 0.6269347 | BF8: =(combine_values!BF8-combine_values!$C8)/combine_values!$C8*100 -> 0.6269347 | BG8: =(combine_values!BG8-combine_values!$D8)/combine_values!$D8*100 -> 0.36631428 | BH8: =(combine_values!BH8-combine_values!$B8)/combine_values!$B8*100 -> 0.81881497 | BI8: =(combine_values!BI8-combine_values!$C8)/combine_values!$C8*100 -> 0.81881497 | BJ8: =(combine_values!BJ8-combine_values!$D8)/combine_values!$D8*100 -> 0.43652084 | BK8: =(combine_values!BK8-combine_values!$B8)/combine_values!$B8*100 -> 0.38775407 | BL8: =(combine_values!BL8-combine_values!$C8)/combine_values!$C8*100 -> 0.38775407 | BM8: =(combine_values!BM8-combine_values!$D8)/combine_values!$D8*100 -> 0.24040468 | BN8: =(combine_values!BN8-combine_values!$B8)/combine_values!$B8*100 -> 0.49912676 | BO8: =(combine_values!BO8-combine_values!$C8)/combine_values!$C8*100 -> 0.49912676 | BP8: =(combine_values!BP8-combine_values!$D8)/combine_values!$D8*100 -> 0.35562665 | BQ8: =(combine_values!BQ8-combine_values!$B8)/combine_values!$B8*100 -> 0.37115608 | BR8: =(combine_values!BR8-combine_values!$C8)/combine_values!$C8*100 -> 0.37115608 | BS8: =(combine_values!BS8-combine_values!$D8)/combine_values!$D8*100 -> 0.50355267 | BT8: =(combine_values!BT8-combine_values!$B8)/combine_values!$B8*100 -> 0.76639138 | BU8: =(combine_values!BU8-combine_values!$C8)/combine_values!$C8*100 -> 0.76639138 | BV8: =(combine_values!BV8-combine_values!$D8)/combine_values!$D8*100 -> 0.33080224 | BW8: =(combine_values!BW8-combine_values!$B8)/combine_values!$B8*100 -> 0.12708576 | BX8: =(combine_values!BX8-combine_values!$C8)/combine_values!$C8*100 -> 0.12708576 | BY8: =(combine_values!BY8-combine_values!$D8)/combine_values!$D8*100 -> 0.37957992 | BZ8: =(combine_values!BZ8-combine_values!$B8)/combine_values!$B8*100 -> 0.84997283 | CA8: =(combine_values!CA8-combine_values!$C8)/combine_values!$C8*100 -> 0.84997283 | CB8: =(combine_values!CB8-combine_values!$D8)/combine_values!$D8*100 -> 0.51730139 | CC8: =(combine_values!CC8-combine_values!$B8)/combine_values!$B8*100 -> 0.33984953 | CD8: =(combine_values!CD8-combine_values!$C8)/combine_values!$C8*100 -> 0.33984953 | CE8: =(combine_values!CE8-combine_values!$D8)/combine_values!$D8*100 -> 0.44381095 | CF8: =(combine_values!CF8-combine_values!$B8)/combine_values!$B8*100 -> 0.65389562 | CG8: =(combine_values!CG8-combine_values!$C8)/combine_values!$C8*100 -> 0.65389562 | CH8: =(combine_values!CH8-combine_values!$D8)/combine_values!$D8*100 -> 0.53808279 | CI8: =(combine_values!CI8-combine_values!$B8)/combine_values!$B8*100 -> 1.1530237 | CJ8: =(combine_values!CJ8-combine_values!$C8)/combine_values!$C8*100 -> 1.1530237 | CK8: =(combine_values!CK8-combine_values!$D8)/combine_values!$D8*100 -> 0.40942671
A9: BH2 | B9: =OFFSET(wft_table!L$7,(ROW(wft_table!L6)-1)*4,0) -> 0.83980428 | C9: =OFFSET(wft_table!M$7,(ROW(wft_table!M6)-1)*4,0) -> 1.0858154 | D9: =OFFSET(wft_table!N$7,(ROW(wft_table!N6)-1)*4,0) -> 1.4313086 | F9: =(combine_values!F9-combine_values!$B9)/combine_values!$B9*100 -> -0.46025818 | G9: =(combine_values!G9-combine_values!$C9)/combine_values!$C9*100 -> 0.43816766 | H9: =(combine_values!H9-combine_values!$D9)/combine_values!$D9*100 -> 0.45712182 | I9: =(combine_values!I9-combine_values!$B9)/combine_values!$B9*100 -> -0.16729864 | J9: =(combine_values!J9-combine_values!$C9)/combine_values!$C9*100 -> 0.13012805 | K9: =(combine_values!K9-combine_values!$D9)/combine_values!$D9*100 -> 0.069850967 | L9: =(combine_values!L9-combine_values!$B9)/combine_values!$B9*100 -> -0.11653113 | M9: =(combine_values!M9-combine_values!$C9)/combine_values!$C9*100 -> -0.028700638 | N9: =(combine_values!N9-combine_values!$D9)/combine_values!$D9*100 -> 0.0056461896 | O9: =(combine_values!O9-combine_values!$B9)/combine_values!$B9*100 -> 3.9019837 | P9: =(combine_values!P9-combine_values!$C9)/combine_values!$C9*100 -> 3.2288877 | Q9: =(combine_values!Q9-combine_values!$D9)/combine_values!$D9*100 -> 1.1242703 | R9: =(combine_values!R9-combine_values!$B9)/combine_values!$B9*100 -> 2.1729522 | S9: =(combine_values!S9-combine_values!$C9)/combine_values!$C9*100 -> 1.3365534 | T9: =(combine_values!T9-combine_values!$D9)/combine_values!$D9*100 -> 0.29054593 | U9: =(combine_values!U9-combine_values!$B9)/combine_values!$B9*100 -> 0.52881825 | V9: =(combine_values!V9-combine_values!$C9)/combine_values!$C9*100 -> 0.38345484 | W9: =(combine_values!W9-combine_values!$D9)/combine_values!$D9*100 -> 0.27529494 | X9: =(combine_values!X9-combine_values!$B9)/combine_values!$B9*100 -> 1.2966265 | Y9: =(combine_values!Y9-combine_values!$C9)/combine_values!$C9*100 -> 0.92725546 | Z9: =(combine_values!Z9-combine_values!$D9)/combine_values!$D9*100 -> 0.62136101 | AA9: =(combine_values!AA9-combine_values!$B9)/combine_values!$B9*100 -> 0.60593761 | AB9: =(combine_values!AB9-combine_values!$C9)/combine_values!$C9*100 -> 0.39723361 | AC9: =(combine_values!AC9-combine_values!$D9)/combine_values!$D9*100 -> 0.13844925 | AD9: =(combine_values!AD9-combine_values!$B9)/combine_values!$B9*100 -> 0.90114017 | AE9: =(combine_values!AE9-combine_values!$C9)/combine_values!$C9*100 -> 0.57339923 | AF9: =(combine_values!AF9-combine_values!$D9)/combine_values!$D9*100 -> 0.24271726 | AG9: =(combine_values!AG9-combine_values!$B9)/combine_values!$B9*100 -> 1.2044102 | AH9: =(combine_values!AH9-combine_values!$C9)/combine_values!$C9*100 -> 0.81972759 | AI9: =(combine_values!AI9-combine_values!$D9)/combine_values!$D9*100 -> 0.29002898 | AJ9: =(combine_values!AJ9-combine_values!$B9)/combine_values!$B9*100 -> 0.87053908 | AK9: =(combine_values!AK9-combine_values!$C9)/combine_values!$C9*100 -> 1.0838576 | AL9: =(combine_values!AL9-combine_values!$D9)/combine_values!$D9*100 -> 0.90845747 | AM9: =(combine_values!AM9-combine_values!$B9)/combine_values!$B9*100 -> -1.567828 | AN9: =(combine_values!AN9-combine_values!$C9)/combine_values!$C9*100 -> -0.8163622 | AO9: =(combine_values!AO9-combine_values!$D9)/combine_values!$D9*100 -> 0.017745756 | AP9: =(combine_values!AP9-combine_values!$B9)/combine_values!$B9*100 -> -0.24867383 | AQ9: =(combine_values!AQ9-combine_values!$C9)/combine_values!$C9*100 -> 0.012310223 | AR9: =(combine_values!AR9-combine_values!$D9)/combine_values!$D9*100 -> 0.27891403 | AS9: =(combine_values!AS9-combine_values!$B9)/combine_values!$B9*100 -> -0.26754704 | AT9: =(combine_values!AT9-combine_values!$C9)/combine_values!$C9*100 -> 0.10639792 | AU9: =(combine_values!AU9-combine_values!$D9)/combine_values!$D9*100 -> -0.02373111 | AV9: =(combine_values!AV9-combine_values!$B9)/combine_values!$B9*100 -> 1.4563191 | AW9: =(combine_values!AW9-combine_values!$C9)/combine_values!$C9*100 -> 1.7559199 | AX9: =(combine_values!AX9-combine_values!$D9)/combine_values!$D9*100 -> 1.4574769 | AY9: =(combine_values!AY9-combine_values!$B9)/combine_values!$B9*100 -> -1.026948 | AZ9: =(combine_values!AZ9-combine_values!$C9)/combine_values!$C9*100 -> -0.014870246 | BA9: =(combine_values!BA9-combine_values!$D9)/combine_values!$D9*100 -> 0.79973488 | BB9: =(combine_values!BB9-combine_values!$B9)/combine_values!$B9*100 -> 0.014424277 | BC9: =(combine_values!BC9-combine_values!$C9)/combine_values!$C9*100 -> 0.035429534 | BD9: =(combine_values!BD9-combine_values!$D9)/combine_values!$D9*100 -> 0.14181443 | BE9: =(combine_values!BE9-combine_values!$B9)/combine_values!$B9*100 -> 0.070873688 | BF9: =(combine_values!BF9-combine_values!$C9)/combine_values!$C9*100 -> 0.20233508 | BG9: =(combine_values!BG9-combine_values!$D9)/combine_values!$D9*100 -> 0.14259099 | BH9: =(combine_values!BH9-combine_values!$B9)/combine_values!$B9*100 -> 0.70019749 | BI9: =(combine_values!BI9-combine_values!$C9)/combine_values!$C9*100 -> 0.49555433 | BJ9: =(combine_values!BJ9-combine_values!$D9)/combine_values!$D9*100 -> 0.40007811 | BK9: =(combine_values!BK9-combine_values!$B9)/combine_values!$B9*100 -> 0.96380613 | BL9: =(combine_values!BL9-combine_values!$C9)/combine_values!$C9*100 -> 0.40661558 | BM9: =(combine_values!BM9-combine_values!$D9)/combine_values!$D9*100 -> 0.26314419 | BN9: =(combine_values!BN9-combine_values!$B9)/combine_values!$B9*100 -> 0.47562383 | BO9: =(combine_values!BO9-combine_values!$C9)/combine_values!$C9*100 -> 0.33987297 | BP9: =(combine_values!BP9-combine_values!$D9)/combine_values!$D9*100 -> 0.088993962 | BQ9: =(combine_values!BQ9-combine_values!$B9)/combine_values!$B9*100 -> 1.2044102 | BR9: =(combine_values!BR9-combine_values!$C9)/combine_values!$C9*100 -> 0.50709064 | BS9: =(combine_values!BS9-combine_values!$D9)/combine_values!$D9*100 -> 0.50278507 | BT9: =(combine_values!BT9-combine_values!$B9)/combine_values!$B9*100 -> 1.6927961 | BU9: =(combine_values!BU9-combine_values!$C9)/combine_values!$C9*100 -> 0.89800955 | BV9: =(combine_values!BV9-combine_values!$D9)/combine_values!$D9*100 -> 0.76398247 | BW9: =(combine_values!BW9-combine_values!$B9)/combine_values!$B9*100 -> -0.13098557 | BX9: =(combine_values!BX9-combine_values!$C9)/combine_values!$C9*100 -> -0.11752235 | BY9: =(combine_values!BY9-combine_values!$D9)/combine_values!$D9*100 -> 0.077079613 | BZ9: =(combine_values!BZ9-combine_values!$B9)/combine_values!$B9*100 -> 0.92128704 | CA9: =(combine_values!CA9-combine_values!$C9)/combine_values!$C9*100 -> 0.54313093 | CB9: =(combine_values!CB9-combine_values!$D9)/combine_values!$D9*100 -> 0.40136905 | CC9: =(combine_values!CC9-combine_values!$B9)/combine_values!$B9*100 -> 0.31512074 | CD9: =(combine_values!CD9-combine_values!$C9)/combine_values!$C9*100 -> 0.35823436 | CE9: =(combine_values!CE9-combine_values!$D9)/combine_values!$D9*100 -> 0.1252463 | CF9: =(combine_values!CF9-combine_values!$B9)/combine_values!$B9*100 -> 0.7771857 | CG9: =(combine_values!CG9-combine_values!$C9)/combine_values!$C9*100 -> 0.71630316 | CH9: =(combine_values!CH9-combine_values!$D9)/combine_values!$D9*100 -> 0.28563485 | CI9: =(combine_values!CI9-combine_values!$B9)/combine_values!$B9*100 -> 1.9944505 | CJ9: =(combine_values!CJ9-combine_values!$C9)/combine_values!$C9*100 -> 1.2805151 | CK9: =(combine_values!CK9-combine_values!$D9)/combine_values!$D9*100 -> 0.68317128
A10: BH2F | B10: =OFFSET(wft_table!L$7,(ROW(wft_table!L7)-1)*4,0) -> 0.71030281 | C10: =OFFSET(wft_table!M$7,(ROW(wft_table!M7)-1)*4,0) -> 1.0424695 | D10: =OFFSET(wft_table!N$7,(ROW(wft_table!N7)-1)*4,0) -> 1.6173207 | F10: =(combine_values!F10-combine_values!$B10)/combine_values!$B10*100 -> -0.79866642 | G10: =(combine_values!G10-combine_values!$C10)/combine_values!$C10*100 -> 0.053214623 | H10: =(combine_values!H10-combine_values!$D10)/combine_values!$D10*100 -> 0.1347238 | I10: =(combine_values!I10-combine_values!$B10)/combine_values!$B10*100 -> 0.17065777 | J10: =(combine_values!J10-combine_values!$C10)/combine_values!$C10*100 -> 0.13085355 | K10: =(combine_values!K10-combine_values!$D10)/combine_values!$D10*100 -> 0.046495281 | L10: =(combine_values!L10-combine_values!$B10)/combine_values!$B10*100 -> -0.21479082 | M10: =(combine_values!M10-combine_values!$C10)/combine_values!$C10*100 -> -0.071796174 | N10: =(combine_values!N10-combine_values!$D10)/combine_values!$D10*100 -> -0.0027385291 | O10: =(combine_values!O10-combine_values!$B10)/combine_values!$B10*100 -> 2.9983093 | P10: =(combine_values!P10-combine_values!$C10)/combine_values!$C10*100 -> 1.3052267 | Q10: =(combine_values!Q10-combine_values!$D10)/combine_values!$D10*100 -> 0.46286985 | R10: =(combine_values!R10-combine_values!$B10)/combine_values!$B10*100 -> 1.6309567 | S10: =(combine_values!S10-combine_values!$C10)/combine_values!$C10*100 -> 0.42517766 | T10: =(combine_values!T10-combine_values!$D10)/combine_values!$D10*100 -> 0.14331132 | U10: =(combine_values!U10-combine_values!$B10)/combine_values!$B10*100 -> 0.42441023 | V10: =(combine_values!V10-combine_values!$C10)/combine_values!$C10*100 -> 0.38131345 | W10: =(combine_values!W10-combine_values!$D10)/combine_values!$D10*100 -> 0.1331096 | X10: =(combine_values!X10-combine_values!$B10)/combine_values!$B10*100 -> 1.1663623 | Y10: =(combine_values!Y10-combine_values!$C10)/combine_values!$C10*100 -> 0.72659847 | Z10: =(combine_values!Z10-combine_values!$D10)/combine_values!$D10*100 -> 0.27254004 | AA10: =(combine_values!AA10-combine_values!$B10)/combine_values!$B10*100 -> 0.62780257 | AB10: =(combine_values!AB10-combine_values!$C10)/combine_values!$C10*100 -> 0.27732554 | AC10: =(combine_values!AC10-combine_values!$D10)/combine_values!$D10*100 -> 0.090486007 | AD10: =(combine_values!AD10-combine_values!$B10)/combine_values!$B10*100 -> 0.82804437 | AE10: =(combine_values!AE10-combine_values!$C10)/combine_values!$C10*100 -> 0.36768183 | AF10: =(combine_values!AF10-combine_values!$D10)/combine_values!$D10*100 -> 0.1271515 | AG10: =(combine_values!AG10-combine_values!$B10)/combine_values!$B10*100 -> 1.0670818 | AH10: =(combine_values!AH10-combine_values!$C10)/combine_values!$C10*100 -> 0.4528491 | AI10: =(combine_values!AI10-combine_values!$D10)/combine_values!$D10*100 -> 0.1552801 | AJ10: =(combine_values!AJ10-combine_values!$B10)/combine_values!$B10*100 -> 0.25506073 | AK10: =(combine_values!AK10-combine_values!$C10)/combine_values!$C10*100 -> 0.75906742 | AL10: =(combine_values!AL10-combine_values!$D10)/combine_values!$D10*100 -> 0.24273513 | AM10: =(combine_values!AM10-combine_values!$B10)/combine_values!$B10*100 -> -0.743441 | AN10: =(combine_values!AN10-combine_values!$C10)/combine_values!$C10*100 -> 0.10405707 | AO10: =(combine_values!AO10-combine_values!$D10)/combine_values!$D10*100 -> 0.012906826 | AP10: =(combine_values!AP10-combine_values!$B10)/combine_values!$B10*100 -> -0.086342946 | AQ10: =(combine_values!AQ10-combine_values!$C10)/combine_values!$C10*100 -> 0.29352747 | AR10: =(combine_values!AR10-combine_values!$D10)/combine_values!$D10*100 -> 0.07204743 | AS10: =(combine_values!AS10-combine_values!$B10)/combine_values!$B10*100 -> 0.15993442 | AT10: =(combine_values!AT10-combine_values!$C10)/combine_values!$C10*100 -> 0.13331182 | AU10: =(combine_values!AU10-combine_values!$D10)/combine_values!$D10*100 -> 0.0082362644 | AV10: =(combine_values!AV10-combine_values!$B10)/combine_values!$B10*100 -> 0.68681927 | AW10: =(combine_values!AW10-combine_values!$C10)/combine_values!$C10*100 -> 1.2106379 | AX10: =(combine_values!AX10-combine_values!$D10)/combine_values!$D10*100 -> 0.38787 | AY10: =(combine_values!AY10-combine_values!$B10)/combine_values!$B10*100 -> -0.38868917 | AZ10: =(combine_values!AZ10-combine_values!$C10)/combine_values!$C10*100 -> 0.83627177 | BA10: =(combine_values!BA10-combine_values!$D10)/combine_values!$D10*100 -> 0.25515264 | BB10: =(combine_values!BB10-combine_values!$B10)/combine_values!$B10*100 -> 0.19073398 | BC10: =(combine_values!BC10-combine_values!$C10)/combine_values!$C10*100 -> 0.1815528 | BD10: =(combine_values!BD10-combine_values!$D10)/combine_values!$D10*100 -> 0.053667082 | BE10: =(combine_values!BE10-combine_values!$B10)/combine_values!$B10*100 -> 0.38037932 | BF10: =(combine_values!BF10-combine_values!$C10)/combine_values!$C10*100 -> 0.27114254 | BG10: =(combine_values!BG10-combine_values!$D10)/combine_values!$D10*100 -> 0.077640619 | BH10: =(combine_values!BH10-combine_values!$B10)/combine_values!$B10*100 -> 0.55867702 | BI10: =(combine_values!BI10-combine_values!$C10)/combine_values!$C10*100 -> 0.37854467 | BJ10: =(combine_values!BJ10-combine_values!$D10)/combine_values!$D10*100 -> 0.1691819 | BK10: =(combine_values!BK10-combine_values!$B10)/combine_values!$B10*100 -> 0.23438878 | BL10: =(combine_values!BL10-combine_values!$C10)/combine_values!$C10*100 -> 0.10939617 | BM10: =(combine_values!BM10-combine_values!$D10)/combine_values!$D10*100 -> 0.083172949 | BN10: =(combine_values!BN10-combine_values!$B10)/combine_values!$B10*100 -> 0.3221004 | BO10: =(combine_values!BO10-combine_values!$C10)/combine_values!$C10*100 -> 0.088465286 | BP10: =(combine_values!BP10-combine_values!$D10)/combine_values!$D10*100 -> 0.054531219 | BQ10: =(combine_values!BQ10-combine_values!$B10)/combine_values!$B10*100 -> 0.51791187 | BR10: =(combine_values!BR10-combine_values!$C10)/combine_values!$C10*100 -> 0.35639174 | BS10: =(combine_values!BS10-combine_values!$D10)/combine_values!$D10*100 -> 0.20940988 | BT10: =(combine_values!BT10-combine_values!$B10)/combine_values!$B10*100 -> 0.47117193 | BU10: =(combine_values!BU10-combine_values!$C10)/combine_values!$C10*100 -> 0.42496477 | BV10: =(combine_values!BV10-combine_values!$D10)/combine_values!$D10*100 -> 0.15055262 | BW10: =(combine_values!BW10-combine_values!$B10)/combine_values!$B10*100 -> -0.13797696 | BX10: =(combine_values!BX10-combine_values!$C10)/combine_values!$C10*100 -> -0.011123144 | BY10: =(combine_values!BY10-combine_values!$D10)/combine_values!$D10*100 -> 0.01609652 | BZ10: =(combine_values!BZ10-combine_values!$B10)/combine_values!$B10*100 -> 0.77139529 | CA10: =(combine_values!CA10-combine_values!$C10)/combine_values!$C10*100 -> 0.38812856 | CB10: =(combine_values!CB10-combine_values!$D10)/combine_values!$D10*100 -> 0.18170631 | CC10: =(combine_values!CC10-combine_values!$B10)/combine_values!$B10*100 -> 0.085424684 | CD10: =(combine_values!CD10-combine_values!$C10)/combine_values!$C10*100 -> 0.052573587 | CE10: =(combine_values!CE10-combine_values!$D10)/combine_values!$D10*100 -> 0.044910705 | CF10: =(combine_values!CF10-combine_values!$B10)/combine_values!$B10*100 -> 3.9666375 | CG10: =(combine_values!CG10-combine_values!$C10)/combine_values!$C10*100 -> 2.2005003 | CH10: =(combine_values!CH10-combine_values!$D10)/combine_values!$D10*100 -> 0.83957794 | CI10: =(combine_values!CI10-combine_values!$B10)/combine_values!$B10*100 -> 4.0680107 | CJ10: =(combine_values!CJ10-combine_values!$C10)/combine_values!$C10*100 -> 2.3048679 | CK10: =(combine_values!CK10-combine_values!$D10)/combine_values!$D10*100 -> 0.85389935
A11: BH3 | B11: =OFFSET(wft_table!L$7,(ROW(wft_table!L8)-1)*4,0) -> 1.3443331 | C11: =OFFSET(wft_table!M$7,(ROW(wft_table!M8)-1)*4,0) -> 1.3443115 | D11: =OFFSET(wft_table!N$7,(ROW(wft_table!N8)-1)*4,0) -> 0.81380583 | F11: =(combine_values!F11-combine_values!$B11)/combine_values!$B11*100 -> 0.46269231 | G11: =(combine_values!G11-combine_values!$C11)/combine_values!$C11*100 -> 0.46305829 | H11: =(combine_values!H11-combine_values!$D11)/combine_values!$D11*100 -> -0.10037673 | I11: =(combine_values!I11-combine_values!$B11)/combine_values!$B11*100 -> 0.07227358 | J11: =(combine_values!J11-combine_values!$C11)/combine_values!$C11*100 -> 0.072456883 | K11: =(combine_values!K11-combine_values!$D11)/combine_values!$D11*100 -> -0.032793046 | L11: =(combine_values!L11-combine_values!$B11)/combine_values!$B11*100 -> -0.00064128368 | M11: =(combine_values!M11-combine_values!$C11)/combine_values!$C11*100 -> -0.00099555967 | N11: =(combine_values!N11-combine_values!$D11)/combine_values!$D11*100 -> -0.096265675 | O11: =(combine_values!O11-combine_values!$B11)/combine_values!$B11*100 -> 1.2324101 | P11: =(combine_values!P11-combine_values!$C11)/combine_values!$C11*100 -> 1.232544 | Q11: =(combine_values!Q11-combine_values!$D11)/combine_values!$D11*100 -> 3.634342 | R11: =(combine_values!R11-combine_values!$B11)/combine_values!$B11*100 -> 0.3497617 | S11: =(combine_values!S11-combine_values!$C11)/combine_values!$C11*100 -> 0.34986822 | T11: =(combine_values!T11-combine_values!$D11)/combine_values!$D11*100 -> 1.9456329 | U11: =(combine_values!U11-combine_values!$B11)/combine_values!$B11*100 -> 0.33669349 | V11: =(combine_values!V11-combine_values!$C11)/combine_values!$C11*100 -> 0.33679961 | W11: =(combine_values!W11-combine_values!$D11)/combine_values!$D11*100 -> 0.34251498 | X11: =(combine_values!X11-combine_values!$B11)/combine_values!$B11*100 -> 0.57268397 | Y11: =(combine_values!Y11-combine_values!$C11)/combine_values!$C11*100 -> 0.57279743 | Z11: =(combine_values!Z11-combine_values!$D11)/combine_values!$D11*100 -> 0.94136783 | AA11: =(combine_values!AA11-combine_values!$B11)/combine_values!$B11*100 -> 0.11324575 | AB11: =(combine_values!AB11-combine_values!$C11)/combine_values!$C11*100 -> 0.11334489 | AC11: =(combine_values!AC11-combine_values!$D11)/combine_values!$D11*100 -> 0.37048034 | AD11: =(combine_values!AD11-combine_values!$B11)/combine_values!$B11*100 -> 0.21695051 | AE11: =(combine_values!AE11-combine_values!$C11)/combine_values!$C11*100 -> 0.21705289 | AF11: =(combine_values!AF11-combine_values!$D11)/combine_values!$D11*100 -> 0.63924961 | AG11: =(combine_values!AG11-combine_values!$B11)/combine_values!$B11*100 -> 0.29030044 | AH11: =(combine_values!AH11-combine_values!$C11)/combine_values!$C11*100 -> 0.29066149 | AI11: =(combine_values!AI11-combine_values!$D11)/combine_values!$D11*100 -> 0.92329404 | AJ11: =(combine_values!AJ11-combine_values!$B11)/combine_values!$B11*100 -> 0.7083451 | AK11: =(combine_values!AK11-combine_values!$C11)/combine_values!$C11*100 -> 0.70846277 | AL11: =(combine_values!AL11-combine_values!$D11)/combine_values!$D11*100 -> 0.24107514 | AM11: =(combine_values!AM11-combine_values!$B11)/combine_values!$B11*100 -> -0.074929133 | AN11: =(combine_values!AN11-combine_values!$C11)/combine_values!$C11*100 -> -0.074835874 | AO11: =(combine_values!AO11-combine_values!$D11)/combine_values!$D11*100 -> -1.2319201 | AP11: =(combine_values!AP11-combine_values!$B11)/combine_values!$B11*100 -> 0.26696765 | AQ11: =(combine_values!AQ11-combine_values!$C11)/combine_values!$C11*100 -> 0.26630225 | AR11: =(combine_values!AR11-combine_values!$D11)/combine_values!$D11*100 -> -0.2353155 | AS11: =(combine_values!AS11-combine_values!$B11)/combine_values!$B11*100 -> 0.0030058767 | AT11: =(combine_values!AT11-combine_values!$C11)/combine_values!$C11*100 -> 0.0018159598 | AU11: =(combine_values!AU11-combine_values!$D11)/combine_values!$D11*100 -> -0.28244649 | AV11: =(combine_values!AV11-combine_values!$B11)/combine_values!$B11*100 -> 1.2824335 | AW11: =(combine_values!AW11-combine_values!$C11)/combine_values!$C11*100 -> 1.2825689 | AX11: =(combine_values!AX11-combine_values!$D11)/combine_values!$D11*100 -> 0.89200485 | AY11: =(combine_values!AY11-combine_values!$B11)/combine_values!$B11*100 -> 0.73361764 | AZ11: =(combine_values!AZ11-combine_values!$C11)/combine_values!$C11*100 -> 0.7337361 | BA11: =(combine_values!BA11-combine_values!$D11)/combine_values!$D11*100 -> -0.72105889 | BB11: =(combine_values!BB11-combine_values!$B11)/combine_values!$B11*100 -> 0.13558728 | BC11: =(combine_values!BC11-combine_values!$C11)/combine_values!$C11*100 -> 0.13722776 | BD11: =(combine_values!BD11-combine_values!$D11)/combine_values!$D11*100 -> 0.050510576 | BE11: =(combine_values!BE11-combine_values!$B11)/combine_values!$B11*100 -> 0.14097932 | BF11: =(combine_values!BF11-combine_values!$C11)/combine_values!$C11*100 -> 0.14133609 | BG11: =(combine_values!BG11-combine_values!$D11)/combine_values!$D11*100 -> -0.12566387 | BH11: =(combine_values!BH11-combine_values!$B11)/combine_values!$B11*100 -> 0.36769568 | BI11: =(combine_values!BI11-combine_values!$C11)/combine_values!$C11*100 -> 0.36780276 | BJ11: =(combine_values!BJ11-combine_values!$D11)/combine_values!$D11*100 -> 0.53392185 | BK11: =(combine_values!BK11-combine_values!$B11)/combine_values!$B11*100 -> 0.20591773 | BL11: =(combine_values!BL11-combine_values!$C11)/combine_values!$C11*100 -> 0.20601977 | BM11: =(combine_values!BM11-combine_values!$D11)/combine_values!$D11*100 -> 0.59392336 | BN11: =(combine_values!BN11-combine_values!$B11)/combine_values!$B11*100 -> 0.097834885 | BO11: =(combine_values!BO11-combine_values!$C11)/combine_values!$C11*100 -> 0.098190421 | BP11: =(combine_values!BP11-combine_values!$D11)/combine_values!$D11*100 -> 0.40123325 | BQ11: =(combine_values!BQ11-combine_values!$B11)/combine_values!$B11*100 -> 0.42199047 | BR11: =(combine_values!BR11-combine_values!$C11)/combine_values!$C11*100 -> 0.4218432 | BS11: =(combine_values!BS11-combine_values!$D11)/combine_values!$D11*100 -> 0.92955072 | BT11: =(combine_values!BT11-combine_values!$B11)/combine_values!$B11*100 -> 0.52998057 | BU11: =(combine_values!BU11-combine_values!$C11)/combine_values!$C11*100 -> 0.5300927 | BV11: =(combine_values!BV11-combine_values!$D11)/combine_values!$D11*100 -> 0.7778909 | BW11: =(combine_values!BW11-combine_values!$B11)/combine_values!$B11*100 -> 0.078054137 | BX11: =(combine_values!BX11-combine_values!$C11)/combine_values!$C11*100 -> 0.079436792 | BY11: =(combine_values!BY11-combine_values!$D11)/combine_values!$D11*100 -> -0.0049052781 | BZ11: =(combine_values!BZ11-combine_values!$B11)/combine_values!$B11*100 -> 0.4196861 | CA11: =(combine_values!CA11-combine_values!$C11)/combine_values!$C11*100 -> 0.4197948 | CB11: =(combine_values!CB11-combine_values!$D11)/combine_values!$D11*100 -> 0.90591236 | CC11: =(combine_values!CC11-combine_values!$B11)/combine_values!$B11*100 -> 0.11504352 | CD11: =(combine_values!CD11-combine_values!$C11)/combine_values!$C11*100 -> 0.11539955 | CE11: =(combine_values!CE11-combine_values!$D11)/combine_values!$D11*100 -> 0.19416825 | CF11: =(combine_values!CF11-combine_values!$B11)/combine_values!$B11*100 -> 1.8043059 | CG11: =(combine_values!CG11-combine_values!$C11)/combine_values!$C11*100 -> 1.8044585 | CH11: =(combine_values!CH11-combine_values!$D11)/combine_values!$D11*100 -> 3.8575744 | CI11: =(combine_values!CI11-combine_values!$B11)/combine_values!$B11*100 -> 0.59287866 | CJ11: =(combine_values!CJ11-combine_values!$C11)/combine_values!$C11*100 -> 0.59299275 | CK11: =(combine_values!CK11-combine_values!$D11)/combine_values!$D11*100 -> 1.3056292
A12: BO | B12: =OFFSET(wft_table!L$7,(ROW(wft_table!L9)-1)*4,0) -> 0.77081205 | C12: =OFFSET(wft_table!M$7,(ROW(wft_table!M9)-1)*4,0) -> 0.77081205 | D12: =OFFSET(wft_table!N$7,(ROW(wft_table!N9)-1)*4,0) -> 1.3452128 | F12: =(combine_values!F12-combine_values!$B12)/combine_values!$B12*100 -> -0.43881839 | G12: =(combine_values!G12-combine_values!$C12)/combine_values!$C12*100 -> -0.43881839 | H12: =(combine_values!H12-combine_values!$D12)/combine_values!$D12*100 -> -0.28722858 | I12: =(combine_values!I12-combine_values!$B12)/combine_values!$B12*100 -> 0.064542101 | J12: =(combine_values!J12-combine_values!$C12)/combine_values!$C12*100 -> 0.064542101 | K12: =(combine_values!K12-combine_values!$D12)/combine_values!$D12*100 -> 0.037373036 | L12: =(combine_values!L12-combine_values!$B12)/combine_values!$B12*100 -> -0.14520907 | M12: =(combine_values!M12-combine_values!$C12)/combine_values!$C12*100 -> -0.14520907 | N12: =(combine_values!N12-combine_values!$D12)/combine_values!$D12*100 -> -0.12144789 | O12: =(combine_values!O12-combine_values!$B12)/combine_values!$B12*100 -> 2.0981332 | P12: =(combine_values!P12-combine_values!$C12)/combine_values!$C12*100 -> 2.0981332 | Q12: =(combine_values!Q12-combine_values!$D12)/combine_values!$D12*100 -> 0.83806623 | R12: =(combine_values!R12-combine_values!$B12)/combine_values!$B12*100 -> 0.91897972 | S12: =(combine_values!S12-combine_values!$C12)/combine_values!$C12*100 -> 0.91897972 | T12: =(combine_values!T12-combine_values!$D12)/combine_values!$D12*100 -> 0.28307116 | U12: =(combine_values!U12-combine_values!$B12)/combine_values!$B12*100 -> 0.26590254 | V12: =(combine_values!V12-combine_values!$C12)/combine_values!$C12*100 -> 0.26590254 | W12: =(combine_values!W12-combine_values!$D12)/combine_values!$D12*100 -> 0.19724648 | X12: =(combine_values!X12-combine_values!$B12)/combine_values!$B12*100 -> 0.88893075 | Y12: =(combine_values!Y12-combine_values!$C12)/combine_values!$C12*100 -> 0.88893075 | Z12: =(combine_values!Z12-combine_values!$D12)/combine_values!$D12*100 -> 0.32331427 | AA12: =(combine_values!AA12-combine_values!$B12)/combine_values!$B12*100 -> 0.2779019 | AB12: =(combine_values!AB12-combine_values!$C12)/combine_values!$C12*100 -> 0.2779019 | AC12: =(combine_values!AC12-combine_values!$D12)/combine_values!$D12*100 -> 0.1105158 | AD12: =(combine_values!AD12-combine_values!$B12)/combine_values!$B12*100 -> 0.45724117 | AE12: =(combine_values!AE12-combine_values!$C12)/combine_values!$C12*100 -> 0.45724117 | AF12: =(combine_values!AF12-combine_values!$D12)/combine_values!$D12*100 -> 0.16996977 | AG12: =(combine_values!AG12-combine_values!$B12)/combine_values!$B12*100 -> 0.65395403 | AH12: =(combine_values!AH12-combine_values!$C12)/combine_values!$C12*100 -> 0.65395403 | AI12: =(combine_values!AI12-combine_values!$D12)/combine_values!$D12*100 -> 0.24039474 | AJ12: =(combine_values!AJ12-combine_values!$B12)/combine_values!$B12*100 -> 0.44574238 | AK12: =(combine_values!AK12-combine_values!$C12)/combine_values!$C12*100 -> 0.44574238 | AL12: =(combine_values!AL12-combine_values!$D12)/combine_values!$D12*100 -> 0.055655826 | AM12: =(combine_values!AM12-combine_values!$B12)/combine_values!$B12*100 -> -0.893771 | AN12: =(combine_values!AN12-combine_values!$C12)/combine_values!$C12*100 -> -0.893771 | AO12: =(combine_values!AO12-combine_values!$D12)/combine_values!$D12*100 -> -0.11880034 | AP12: =(combine_values!AP12-combine_values!$B12)/combine_values!$B12*100 -> -0.3180415 | AQ12: =(combine_values!AQ12-combine_values!$C12)/combine_values!$C12*100 -> -0.3180415 | AR12: =(combine_values!AR12-combine_values!$D12)/combine_values!$D12*100 -> -0.13894774 | AS12: =(combine_values!AS12-combine_values!$B12)/combine_values!$B12*100 -> -0.077888984 | AT12: =(combine_values!AT12-combine_values!$C12)/combine_values!$C12*100 -> -0.077888984 | AU12: =(combine_values!AU12-combine_values!$D12)/combine_values!$D12*100 -> 0.021349574 | AV12: =(combine_values!AV12-combine_values!$B12)/combine_values!$B12*100 -> 0.91134908 | AW12: =(combine_values!AW12-combine_values!$C12)/combine_values!$C12*100 -> 0.91134908 | AX12: =(combine_values!AX12-combine_values!$D12)/combine_values!$D12*100 -> 0.17722549 | AY12: =(combine_values!AY12-combine_values!$B12)/combine_values!$B12*100 -> -0.52925537 | AZ12: =(combine_values!AZ12-combine_values!$C12)/combine_values!$C12*100 -> -0.52925537 | BA12: =(combine_values!BA12-combine_values!$D12)/combine_values!$D12*100 -> -0.031744487 | BB12: =(combine_values!BB12-combine_values!$B12)/combine_values!$B12*100 -> -0.0022978232 | BC12: =(combine_values!BC12-combine_values!$C12)/combine_values!$C12*100 -> -0.0022978232 | BD12: =(combine_values!BD12-combine_values!$D12)/combine_values!$D12*100 -> -0.12777199 | BE12: =(combine_values!BE12-combine_values!$B12)/combine_values!$B12*100 -> 0.25246156 | BF12: =(combine_values!BF12-combine_values!$C12)/combine_values!$C12*100 -> 0.25246156 | BG12: =(combine_values!BG12-combine_values!$D12)/combine_values!$D12*100 -> 0.14019946 | BH12: =(combine_values!BH12-combine_values!$B12)/combine_values!$B12*100 -> 0.37672199 | BI12: =(combine_values!BI12-combine_values!$C12)/combine_values!$C12*100 -> 0.37672199 | BJ12: =(combine_values!BJ12-combine_values!$D12)/combine_values!$D12*100 -> 0.052025276 | BK12: =(combine_values!BK12-combine_values!$B12)/combine_values!$B12*100 -> 0.23133637 | BL12: =(combine_values!BL12-combine_values!$C12)/combine_values!$C12*100 -> 0.23133637 | BM12: =(combine_values!BM12-combine_values!$D12)/combine_values!$D12*100 -> -0.22163247 | BN12: =(combine_values!BN12-combine_values!$B12)/combine_values!$B12*100 -> 0.078045394 | BO12: =(combine_values!BO12-combine_values!$C12)/combine_values!$C12*100 -> 0.078045394 | BP12: =(combine_values!BP12-combine_values!$D12)/combine_values!$D12*100 -> -0.072655699 | BQ12: =(combine_values!BQ12-combine_values!$B12)/combine_values!$B12*100 -> 0.46634344 | BR12: =(combine_values!BR12-combine_values!$C12)/combine_values!$C12*100 -> 0.46634344 | BS12: =(combine_values!BS12-combine_values!$D12)/combine_values!$D12*100 -> -0.084333324 | BT12: =(combine_values!BT12-combine_values!$B12)/combine_values!$B12*100 -> 0.48023479 | BU12: =(combine_values!BU12-combine_values!$C12)/combine_values!$C12*100 -> 0.48023479 | BV12: =(combine_values!BV12-combine_values!$D12)/combine_values!$D12*100 -> -0.21137004 | BW12: =(combine_values!BW12-combine_values!$B12)/combine_values!$B12*100 -> -0.23261987 | BX12: =(combine_values!BX12-combine_values!$C12)/combine_values!$C12*100 -> -0.23261987 | BY12: =(combine_values!BY12-combine_values!$D12)/combine_values!$D12*100 -> -0.30554255 | BZ12: =(combine_values!BZ12-combine_values!$B12)/combine_values!$B12*100 -> 0.45628298 | CA12: =(combine_values!CA12-combine_values!$C12)/combine_values!$C12*100 -> 0.45628298 | CB12: =(combine_values!CB12-combine_values!$D12)/combine_values!$D12*100 -> 0.032184481 | CC12: =(combine_values!CC12-combine_values!$B12)/combine_values!$B12*100 -> -0.036475281 | CD12: =(combine_values!CD12-combine_values!$C12)/combine_values!$C12*100 -> -0.036475281 | CE12: =(combine_values!CE12-combine_values!$D12)/combine_values!$D12*100 -> -0.13271822 | CF12: =(combine_values!CF12-combine_values!$B12)/combine_values!$B12*100 -> 0.41315533 | CG12: =(combine_values!CG12-combine_values!$C12)/combine_values!$C12*100 -> 0.41315533 | CH12: =(combine_values!CH12-combine_values!$D12)/combine_values!$D12*100 -> 0.056551916 | CI12: =(combine_values!CI12-combine_values!$B12)/combine_values!$B12*100 -> 0.9590311 | CJ12: =(combine_values!CJ12-combine_values!$C12)/combine_values!$C12*100 -> 0.9590311 | CK12: =(combine_values!CK12-combine_values!$D12)/combine_values!$D12*100 -> 0.026515732
A13: BS | B13: =OFFSET(wft_table!L$7,(ROW(wft_table!L10)-1)*4,0) -> 0.8222529 | C13: =OFFSET(wft_table!M$7,(ROW(wft_table!M10)-1)*4,0) -> 0.8222529 | D13: =OFFSET(wft_table!N$7,(ROW(wft_table!N10)-1)*4,0) -> 1.5060146 | F13: =(combine_values!F13-combine_values!$B13)/combine_values!$B13*100 -> 0.90836018 | G13: =(combine_values!G13-combine_values!$C13)/combine_values!$C13*100 -> 0.90836018 | H13: =(combine_values!H13-combine_values!$D13)/combine_values!$D13*100 -> -0.27334804 | I13: =(combine_values!I13-combine_values!$B13)/combine_values!$B13*100 -> 0.37720652 | J13: =(combine_values!J13-combine_values!$C13)/combine_values!$C13*100 -> 0.37720652 | K13: =(combine_values!K13-combine_values!$D13)/combine_values!$D13*100 -> -2.3995546 | L13: =(combine_values!L13-combine_values!$B13)/combine_values!$B13*100 -> 0.058163693 | M13: =(combine_values!M13-combine_values!$C13)/combine_values!$C13*100 -> 0.058163693 | N13: =(combine_values!N13-combine_values!$D13)/combine_values!$D13*100 -> -0.13278671 | O13: =(combine_values!O13-combine_values!$B13)/combine_values!$B13*100 -> 1.5495391 | P13: =(combine_values!P13-combine_values!$C13)/combine_values!$C13*100 -> 1.5495391 | Q13: =(combine_values!Q13-combine_values!$D13)/combine_values!$D13*100 -> 0.69296007 | R13: =(combine_values!R13-combine_values!$B13)/combine_values!$B13*100 -> 0.36539407 | S13: =(combine_values!S13-combine_values!$C13)/combine_values!$C13*100 -> 0.36539407 | T13: =(combine_values!T13-combine_values!$D13)/combine_values!$D13*100 -> 0.27608462 | U13: =(combine_values!U13-combine_values!$B13)/combine_values!$B13*100 -> -0.07697212 | V13: =(combine_values!V13-combine_values!$C13)/combine_values!$C13*100 -> -0.07697212 | W13: =(combine_values!W13-combine_values!$D13)/combine_values!$D13*100 -> 0.18963429 | X13: =(combine_values!X13-combine_values!$B13)/combine_values!$B13*100 -> 0.45926322 | Y13: =(combine_values!Y13-combine_values!$C13)/combine_values!$C13*100 -> 0.45926322 | Z13: =(combine_values!Z13-combine_values!$D13)/combine_values!$D13*100 -> 0.32664587 | AA13: =(combine_values!AA13-combine_values!$B13)/combine_values!$B13*100 -> -0.16295313 | AB13: =(combine_values!AB13-combine_values!$C13)/combine_values!$C13*100 -> -0.16295313 | AC13: =(combine_values!AC13-combine_values!$D13)/combine_values!$D13*100 -> 0.090772669 | AD13: =(combine_values!AD13-combine_values!$B13)/combine_values!$B13*100 -> 0.005007907 | AE13: =(combine_values!AE13-combine_values!$C13)/combine_values!$C13*100 -> 0.005007907 | AF13: =(combine_values!AF13-combine_values!$D13)/combine_values!$D13*100 -> 0.14800169 | AG13: =(combine_values!AG13-combine_values!$B13)/combine_values!$B13*100 -> 0.15438966 | AH13: =(combine_values!AH13-combine_values!$C13)/combine_values!$C13*100 -> 0.15438966 | AI13: =(combine_values!AI13-combine_values!$D13)/combine_values!$D13*100 -> 0.21257545 | AJ13: =(combine_values!AJ13-combine_values!$B13)/combine_values!$B13*100 -> 0.22729907 | AK13: =(combine_values!AK13-combine_values!$C13)/combine_values!$C13*100 -> 0.22729907 | AL13: =(combine_values!AL13-combine_values!$D13)/combine_values!$D13*100 -> 0.070122243 | AM13: =(combine_values!AM13-combine_values!$B13)/combine_values!$B13*100 -> -0.89759612 | AN13: =(combine_values!AN13-combine_values!$C13)/combine_values!$C13*100 -> -0.89759612 | AO13: =(combine_values!AO13-combine_values!$D13)/combine_values!$D13*100 -> -0.12471695 | AP13: =(combine_values!AP13-combine_values!$B13)/combine_values!$B13*100 -> -0.52025265 | AQ13: =(combine_values!AQ13-combine_values!$C13)/combine_values!$C13*100 -> -0.52025265 | AR13: =(combine_values!AR13-combine_values!$D13)/combine_values!$D13*100 -> -0.15768435 | AS13: =(combine_values!AS13-combine_values!$B13)/combine_values!$B13*100 -> -0.31675017 | AT13: =(combine_values!AT13-combine_values!$C13)/combine_values!$C13*100 -> -0.31675017 | AU13: =(combine_values!AU13-combine_values!$D13)/combine_values!$D13*100 -> -0.027629139 | AV13: =(combine_values!AV13-combine_values!$B13)/combine_values!$B13*100 -> 1.1146841 | AW13: =(combine_values!AW13-combine_values!$C13)/combine_values!$C13*100 -> 1.1146841 | AX13: =(combine_values!AX13-combine_values!$D13)/combine_values!$D13*100 -> 0.14210483 | AY13: =(combine_values!AY13-combine_values!$B13)/combine_values!$B13*100 -> -0.44185232 | AZ13: =(combine_values!AZ13-combine_values!$C13)/combine_values!$C13*100 -> -0.44185232 | BA13: =(combine_values!BA13-combine_values!$D13)/combine_values!$D13*100 -> -0.067187469 | BB13: =(combine_values!BB13-combine_values!$B13)/combine_values!$B13*100 -> -0.067015686 | BC13: =(combine_values!BC13-combine_values!$C13)/combine_values!$C13*100 -> -0.067015686 | BD13: =(combine_values!BD13-combine_values!$D13)/combine_values!$D13*100 -> -0.096340437 | BE13: =(combine_values!BE13-combine_values!$B13)/combine_values!$B13*100 -> -0.10553687 | BF13: =(combine_values!BF13-combine_values!$C13)/combine_values!$C13*100 -> -0.10553687 | BG13: =(combine_values!BG13-combine_values!$D13)/combine_values!$D13*100 -> 0.11461427 | BH13: =(combine_values!BH13-combine_values!$B13)/combine_values!$B13*100 -> 0.35991566 | BI13: =(combine_values!BI13-combine_values!$C13)/combine_values!$C13*100 -> 0.35991566 | BJ13: =(combine_values!BJ13-combine_values!$D13)/combine_values!$D13*100 -> 0.07031191 | BK13: =(combine_values!BK13-combine_values!$B13)/combine_values!$B13*100 -> 0.38730473 | BL13: =(combine_values!BL13-combine_values!$C13)/combine_values!$C13*100 -> 0.38730473 | BM13: =(combine_values!BM13-combine_values!$D13)/combine_values!$D13*100 -> -0.1331239 | BN13: =(combine_values!BN13-combine_values!$B13)/combine_values!$B13*100 -> 0.097645621 | BO13: =(combine_values!BO13-combine_values!$C13)/combine_values!$C13*100 -> 0.097645621 | BP13: =(combine_values!BP13-combine_values!$D13)/combine_values!$D13*100 -> -0.076876399 | BQ13: =(combine_values!BQ13-combine_values!$B13)/combine_values!$B13*100 -> 0.66780804 | BR13: =(combine_values!BR13-combine_values!$C13)/combine_values!$C13*100 -> 0.66780804 | BS13: =(combine_values!BS13-combine_values!$D13)/combine_values!$D13*100 -> -0.023368228 | BT13: =(combine_values!BT13-combine_values!$B13)/combine_values!$B13*100 -> 0.35939389 | BU13: =(combine_values!BU13-combine_values!$C13)/combine_values!$C13*100 -> 0.35939389 | BV13: =(combine_values!BV13-combine_values!$D13)/combine_values!$D13*100 -> -0.18671629 | BW13: =(combine_values!BW13-combine_values!$B13)/combine_values!$B13*100 -> 0.080119073 | BX13: =(combine_values!BX13-combine_values!$C13)/combine_values!$C13*100 -> 0.080119073 | BY13: =(combine_values!BY13-combine_values!$D13)/combine_values!$D13*100 -> -0.25124426 | BZ13: =(combine_values!BZ13-combine_values!$B13)/combine_values!$B13*100 -> 0.47255426 | CA13: =(combine_values!CA13-combine_values!$C13)/combine_values!$C13*100 -> 0.47255426 | CB13: =(combine_values!CB13-combine_values!$D13)/combine_values!$D13*100 -> -0.039184788 | CC13: =(combine_values!CC13-combine_values!$B13)/combine_values!$B13*100 -> 0.092152556 | CD13: =(combine_values!CD13-combine_values!$C13)/combine_values!$C13*100 -> 0.092152556 | CE13: =(combine_values!CE13-combine_values!$D13)/combine_values!$D13*100 -> -0.19004635 | CF13: =(combine_values!CF13-combine_values!$B13)/combine_values!$B13*100 -> 0.37113304 | CG13: =(combine_values!CG13-combine_values!$C13)/combine_values!$C13*100 -> 0.37113304 | CH13: =(combine_values!CH13-combine_values!$D13)/combine_values!$D13*100 -> -0.10773531 | CI13: =(combine_values!CI13-combine_values!$B13)/combine_values!$B13*100 -> 0.86917322 | CJ13: =(combine_values!CJ13-combine_values!$C13)/combine_values!$C13*100 -> 0.86917322 | CK13: =(combine_values!CK13-combine_values!$D13)/combine_values!$D13*100 -> -0.0054681266
A14: C2H | B14: =OFFSET(wft_table!L$7,(ROW(wft_table!L11)-1)*4,0) -> 0.85471404 | C14: =OFFSET(wft_table!M$7,(ROW(wft_table!M11)-1)*4,0) -> 0.85471404 | D14: =OFFSET(wft_table!N$7,(ROW(wft_table!N11)-1)*4,0) -> 1.557618 | F14: =(combine_values!F14-combine_values!$B14)/combine_values!$B14*100 -> 0.67674956 | G14: =(combine_values!G14-combine_values!$C14)/combine_values!$C14*100 -> 0.67674956 | H14: =(combine_values!H14-combine_values!$D14)/combine_values!$D14*100 -> -0.80978106 | I14: =(combine_values!I14-combine_values!$B14)/combine_values!$B14*100 -> 1.750269 | J14: =(combine_values!J14-combine_values!$C14)/combine_values!$C14*100 -> 1.750269 | K14: =(combine_values!K14-combine_values!$D14)/combine_values!$D14*100 -> -0.69898148 | L14: =(combine_values!L14-combine_values!$B14)/combine_values!$B14*100 -> -0.016182544 | M14: =(combine_values!M14-combine_values!$C14)/combine_values!$C14*100 -> -0.016182544 | N14: =(combine_values!N14-combine_values!$D14)/combine_values!$D14*100 -> -0.066802318 | O14: =(combine_values!O14-combine_values!$B14)/combine_values!$B14*100 -> 2.102483 | P14: =(combine_values!P14-combine_values!$C14)/combine_values!$C14*100 -> 2.102483 | Q14: =(combine_values!Q14-combine_values!$D14)/combine_values!$D14*100 -> -0.21716169 | R14: =(combine_values!R14-combine_values!$B14)/combine_values!$B14*100 -> 0.70940324 | S14: =(combine_values!S14-combine_values!$C14)/combine_values!$C14*100 -> 0.70940324 | T14: =(combine_values!T14-combine_values!$D14)/combine_values!$D14*100 -> -0.64184132 | U14: =(combine_values!U14-combine_values!$B14)/combine_values!$B14*100 -> 0.20246598 | V14: =(combine_values!V14-combine_values!$C14)/combine_values!$C14*100 -> 0.20246598 | W14: =(combine_values!W14-combine_values!$D14)/combine_values!$D14*100 -> -0.71338885 | X14: =(combine_values!X14-combine_values!$B14)/combine_values!$B14*100 -> 0.74826288 | Y14: =(combine_values!Y14-combine_values!$C14)/combine_values!$C14*100 -> 0.74826288 | Z14: =(combine_values!Z14-combine_values!$D14)/combine_values!$D14*100 -> -0.47535466 | AA14: =(combine_values!AA14-combine_values!$B14)/combine_values!$B14*100 -> 0.093418733 | AB14: =(combine_values!AB14-combine_values!$C14)/combine_values!$C14*100 -> 0.093418733 | AC14: =(combine_values!AC14-combine_values!$D14)/combine_values!$D14*100 -> -0.75274018 | AD14: =(combine_values!AD14-combine_values!$B14)/combine_values!$B14*100 -> 0.27900173 | AE14: =(combine_values!AE14-combine_values!$C14)/combine_values!$C14*100 -> 0.27900173 | AF14: =(combine_values!AF14-combine_values!$D14)/combine_values!$D14*100 -> -0.68836591 | AG14: =(combine_values!AG14-combine_values!$B14)/combine_values!$B14*100 -> 0.45411128 | AH14: =(combine_values!AH14-combine_values!$C14)/combine_values!$C14*100 -> 0.45411128 | AI14: =(combine_values!AI14-combine_values!$D14)/combine_values!$D14*100 -> -0.64792389 | AJ14: =(combine_values!AJ14-combine_values!$B14)/combine_values!$B14*100 -> 0.5351277 | AK14: =(combine_values!AK14-combine_values!$C14)/combine_values!$C14*100 -> 0.5351277 | AL14: =(combine_values!AL14-combine_values!$D14)/combine_values!$D14*100 -> -0.81557931 | AM14: =(combine_values!AM14-combine_values!$B14)/combine_values!$B14*100 -> -0.82312818 | AN14: =(combine_values!AN14-combine_values!$C14)/combine_values!$C14*100 -> -0.82312818 | AO14: =(combine_values!AO14-combine_values!$D14)/combine_values!$D14*100 -> -0.95236046 | AP14: =(combine_values!AP14-combine_values!$B14)/combine_values!$B14*100 -> -0.20266299 | AQ14: =(combine_values!AQ14-combine_values!$C14)/combine_values!$C14*100 -> -0.20266299 | AR14: =(combine_values!AR14-combine_values!$D14)/combine_values!$D14*100 -> -0.94906105 | AS14: =(combine_values!AS14-combine_values!$B14)/combine_values!$B14*100 -> 0.0081306105 | AT14: =(combine_values!AT14-combine_values!$C14)/combine_values!$C14*100 -> 0.0081306105 | AU14: =(combine_values!AU14-combine_values!$D14)/combine_values!$D14*100 -> -0.89856149 | AV14: =(combine_values!AV14-combine_values!$B14)/combine_values!$B14*100 -> 1.6286906 | AW14: =(combine_values!AW14-combine_values!$C14)/combine_values!$C14*100 -> 1.6286906 | AX14: =(combine_values!AX14-combine_values!$D14)/combine_values!$D14*100 -> -0.65361638 | AY14: =(combine_values!AY14-combine_values!$B14)/combine_values!$B14*100 -> -0.2540575 | AZ14: =(combine_values!AZ14-combine_values!$C14)/combine_values!$C14*100 -> -0.2540575 | BA14: =(combine_values!BA14-combine_values!$D14)/combine_values!$D14*100 -> -0.97107733 | BB14: =(combine_values!BB14-combine_values!$B14)/combine_values!$B14*100 -> 0.16573931 | BC14: =(combine_values!BC14-combine_values!$C14)/combine_values!$C14*100 -> 0.16573931 | BD14: =(combine_values!BD14-combine_values!$D14)/combine_values!$D14*100 -> -0.94587007 | BE14: =(combine_values!BE14-combine_values!$B14)/combine_values!$B14*100 -> 0.20715352 | BF14: =(combine_values!BF14-combine_values!$C14)/combine_values!$C14*100 -> 0.20715352 | BG14: =(combine_values!BG14-combine_values!$D14)/combine_values!$D14*100 -> -0.77187006 | BH14: =(combine_values!BH14-combine_values!$B14)/combine_values!$B14*100 -> 0.64680771 | BI14: =(combine_values!BI14-combine_values!$C14)/combine_values!$C14*100 -> 0.64680771 | BJ14: =(combine_values!BJ14-combine_values!$D14)/combine_values!$D14*100 -> -0.7199017 | BK14: =(combine_values!BK14-combine_values!$B14)/combine_values!$B14*100 -> 0.68608026 | BL14: =(combine_values!BL14-combine_values!$C14)/combine_values!$C14*100 -> 0.68608026 | BM14: =(combine_values!BM14-combine_values!$D14)/combine_values!$D14*100 -> -0.87113451 | BN14: =(combine_values!BN14-combine_values!$B14)/combine_values!$B14*100 -> 0.38862721 | BO14: =(combine_values!BO14-combine_values!$C14)/combine_values!$C14*100 -> 0.38862721 | BP14: =(combine_values!BP14-combine_values!$D14)/combine_values!$D14*100 -> -0.91881533 | BQ14: =(combine_values!BQ14-combine_values!$B14)/combine_values!$B14*100 -> 0.82516077 | BR14: =(combine_values!BR14-combine_values!$C14)/combine_values!$C14*100 -> 0.82516077 | BS14: =(combine_values!BS14-combine_values!$D14)/combine_values!$D14*100 -> -0.84843839 | BT14: =(combine_values!BT14-combine_values!$B14)/combine_values!$B14*100 -> 0.55303598 | BU14: =(combine_values!BU14-combine_values!$C14)/combine_values!$C14*100 -> 0.55303598 | BV14: =(combine_values!BV14-combine_values!$D14)/combine_values!$D14*100 -> -0.72636143 | BW14: =(combine_values!BW14-combine_values!$B14)/combine_values!$B14*100 -> 0.29500437 | BX14: =(combine_values!BX14-combine_values!$C14)/combine_values!$C14*100 -> 0.29500437 | BY14: =(combine_values!BY14-combine_values!$D14)/combine_values!$D14*100 -> -1.0550286 | BZ14: =(combine_values!BZ14-combine_values!$B14)/combine_values!$B14*100 -> 0.79720469 | CA14: =(combine_values!CA14-combine_values!$C14)/combine_values!$C14*100 -> 0.79720469 | CB14: =(combine_values!CB14-combine_values!$D14)/combine_values!$D14*100 -> -0.77172586 | CC14: =(combine_values!CC14-combine_values!$B14)/combine_values!$B14*100 -> 0.32583154 | CD14: =(combine_values!CD14-combine_values!$C14)/combine_values!$C14*100 -> 0.32583154 | CE14: =(combine_values!CE14-combine_values!$D14)/combine_values!$D14*100 -> -0.99693281 | CF14: =(combine_values!CF14-combine_values!$B14)/combine_values!$B14*100 -> 0.70823722 | CG14: =(combine_values!CG14-combine_values!$C14)/combine_values!$C14*100 -> 0.70823722 | CH14: =(combine_values!CH14-combine_values!$D14)/combine_values!$D14*100 -> -0.85828951 | CI14: =(combine_values!CI14-combine_values!$B14)/combine_values!$B14*100 -> 1.1371991 | CJ14: =(combine_values!CJ14-combine_values!$C14)/combine_values!$C14*100 -> 1.1371991 | CK14: =(combine_values!CK14-combine_values!$D14)/combine_values!$D14*100 -> -0.71768527
A15: C2H2 | B15: =OFFSET(wft_table!L$7,(ROW(wft_table!L12)-1)*4,0) -> 0.84973194 | C15: =OFFSET(wft_table!M$7,(ROW(wft_table!M12)-1)*4,0) -> 0.84973194 | D15: =OFFSET(wft_table!N$7,(ROW(wft_table!N12)-1)*4,0) -> 1.7008991 | F15: =(combine_values!F15-combine_values!$B15)/combine_values!$B15*100 -> 1.5370725 | G15: =(combine_values!G15-combine_values!$C15)/combine_values!$C15*100 -> 1.5370725 | H15: =(combine_values!H15-combine_values!$D15)/combine_values!$D15*100 -> -0.31877745 | I15: =(combine_values!I15-combine_values!$B15)/combine_values!$B15*100 -> 0.097145873 | J15: =(combine_values!J15-combine_values!$C15)/combine_values!$C15*100 -> 0.097145873 | K15: =(combine_values!K15-combine_values!$D15)/combine_values!$D15*100 -> 0.043944358 | L15: =(combine_values!L15-combine_values!$B15)/combine_values!$B15*100 -> 0.0045884377 | M15: =(combine_values!M15-combine_values!$C15)/combine_values!$C15*100 -> 0.0045884377 | N15: =(combine_values!N15-combine_values!$D15)/combine_values!$D15*100 -> -0.082171896 | O15: =(combine_values!O15-combine_values!$B15)/combine_values!$B15*100 -> 2.1707162 | P15: =(combine_values!P15-combine_values!$C15)/combine_values!$C15*100 -> 2.1707162 | Q15: =(combine_values!Q15-combine_values!$D15)/combine_values!$D15*100 -> 0.46098943 | R15: =(combine_values!R15-combine_values!$B15)/combine_values!$B15*100 -> 0.68783756 | S15: =(combine_values!S15-combine_values!$C15)/combine_values!$C15*100 -> 0.68783756 | T15: =(combine_values!T15-combine_values!$D15)/combine_values!$D15*100 -> 0.11056174 | U15: =(combine_values!U15-combine_values!$B15)/combine_values!$B15*100 -> 0.1876887 | V15: =(combine_values!V15-combine_values!$C15)/combine_values!$C15*100 -> 0.1876887 | W15: =(combine_values!W15-combine_values!$D15)/combine_values!$D15*100 -> 0.16903622 | X15: =(combine_values!X15-combine_values!$B15)/combine_values!$B15*100 -> 0.70171542 | Y15: =(combine_values!Y15-combine_values!$C15)/combine_values!$C15*100 -> 0.70171542 | Z15: =(combine_values!Z15-combine_values!$D15)/combine_values!$D15*100 -> 0.38010348 | AA15: =(combine_values!AA15-combine_values!$B15)/combine_values!$B15*100 -> 0.01612708 | AB15: =(combine_values!AB15-combine_values!$C15)/combine_values!$C15*100 -> 0.01612708 | AC15: =(combine_values!AC15-combine_values!$D15)/combine_values!$D15*100 -> 0.10084324 | AD15: =(combine_values!AD15-combine_values!$B15)/combine_values!$B15*100 -> 0.21851659 | AE15: =(combine_values!AE15-combine_values!$C15)/combine_values!$C15*100 -> 0.21851659 | AF15: =(combine_values!AF15-combine_values!$D15)/combine_values!$D15*100 -> 0.15694085 | AG15: =(combine_values!AG15-combine_values!$B15)/combine_values!$B15*100 -> 0.40182005 | AH15: =(combine_values!AH15-combine_values!$C15)/combine_values!$C15*100 -> 0.40182005 | AI15: =(combine_values!AI15-combine_values!$D15)/combine_values!$D15*100 -> 0.18461143 | AJ15: =(combine_values!AJ15-combine_values!$B15)/combine_values!$B15*100 -> 0.40365139 | AK15: =(combine_values!AK15-combine_values!$C15)/combine_values!$C15*100 -> 0.40365139 | AL15: =(combine_values!AL15-combine_values!$D15)/combine_values!$D15*100 -> 0.08076145 | AM15: =(combine_values!AM15-combine_values!$B15)/combine_values!$B15*100 -> -0.8984418 | AN15: =(combine_values!AN15-combine_values!$C15)/combine_values!$C15*100 -> -0.8984418 | AO15: =(combine_values!AO15-combine_values!$D15)/combine_values!$D15*100 -> -0.017596627 | AP15: =(combine_values!AP15-combine_values!$B15)/combine_values!$B15*100 -> -0.19293634 | AQ15: =(combine_values!AQ15-combine_values!$C15)/combine_values!$C15*100 -> -0.19293634 | AR15: =(combine_values!AR15-combine_values!$D15)/combine_values!$D15*100 -> 0.00039398019 | AS15: =(combine_values!AS15-combine_values!$B15)/combine_values!$B15*100 -> 0.0065668204 | AT15: =(combine_values!AT15-combine_values!$C15)/combine_values!$C15*100 -> 0.0065668204 | AU15: =(combine_values!AU15-combine_values!$D15)/combine_values!$D15*100 -> 0.0008528819 | AV15: =(combine_values!AV15-combine_values!$B15)/combine_values!$B15*100 -> 1.4943266 | AW15: =(combine_values!AW15-combine_values!$C15)/combine_values!$C15*100 -> 1.4943266 | AX15: =(combine_values!AX15-combine_values!$D15)/combine_values!$D15*100 -> 0.25778253 | AY15: =(combine_values!AY15-combine_values!$B15)/combine_values!$B15*100 -> -0.36367701 | AZ15: =(combine_values!AZ15-combine_values!$C15)/combine_values!$C15*100 -> -0.36367701 | BA15: =(combine_values!BA15-combine_values!$D15)/combine_values!$D15*100 -> 0.015720158 | BB15: =(combine_values!BB15-combine_values!$B15)/combine_values!$B15*100 -> 0.15060928 | BC15: =(combine_values!BC15-combine_values!$C15)/combine_values!$C15*100 -> 0.15060928 | BD15: =(combine_values!BD15-combine_values!$D15)/combine_values!$D15*100 -> -0.10208563 | BE15: =(combine_values!BE15-combine_values!$B15)/combine_values!$B15*100 -> 0.14620289 | BF15: =(combine_values!BF15-combine_values!$C15)/combine_values!$C15*100 -> 0.14620289 | BG15: =(combine_values!BG15-combine_values!$D15)/combine_values!$D15*100 -> 0.09598363 | BH15: =(combine_values!BH15-combine_values!$B15)/combine_values!$B15*100 -> 0.62024699 | BI15: =(combine_values!BI15-combine_values!$C15)/combine_values!$C15*100 -> 0.62024699 | BJ15: =(combine_values!BJ15-combine_values!$D15)/combine_values!$D15*100 -> 0.13677866 | BK15: =(combine_values!BK15-combine_values!$B15)/combine_values!$B15*100 -> 0.56029087 | BL15: =(combine_values!BL15-combine_values!$C15)/combine_values!$C15*100 -> 0.56029087 | BM15: =(combine_values!BM15-combine_values!$D15)/combine_values!$D15*100 -> -0.063138344 | BN15: =(combine_values!BN15-combine_values!$B15)/combine_values!$B15*100 -> 0.36701815 | BO15: =(combine_values!BO15-combine_values!$C15)/combine_values!$C15*100 -> 0.36701815 | BP15: =(combine_values!BP15-combine_values!$D15)/combine_values!$D15*100 -> -0.079119591 | BQ15: =(combine_values!BQ15-combine_values!$B15)/combine_values!$B15*100 -> 0.67761055 | BR15: =(combine_values!BR15-combine_values!$C15)/combine_values!$C15*100 -> 0.67761055 | BS15: =(combine_values!BS15-combine_values!$D15)/combine_values!$D15*100 -> -0.056709828 | BT15: =(combine_values!BT15-combine_values!$B15)/combine_values!$B15*100 -> 0.42782201 | BU15: =(combine_values!BU15-combine_values!$C15)/combine_values!$C15*100 -> 0.42782201 | BV15: =(combine_values!BV15-combine_values!$D15)/combine_values!$D15*100 -> 0.14145298 | BW15: =(combine_values!BW15-combine_values!$B15)/combine_values!$B15*100 -> 0.34576474 | BX15: =(combine_values!BX15-combine_values!$C15)/combine_values!$C15*100 -> 0.34576474 | BY15: =(combine_values!BY15-combine_values!$D15)/combine_values!$D15*100 -> -0.22711347 | BZ15: =(combine_values!BZ15-combine_values!$B15)/combine_values!$B15*100 -> 0.79041545 | CA15: =(combine_values!CA15-combine_values!$C15)/combine_values!$C15*100 -> 0.79041545 | CB15: =(combine_values!CB15-combine_values!$D15)/combine_values!$D15*100 -> 0.058749385 | CC15: =(combine_values!CC15-combine_values!$B15)/combine_values!$B15*100 -> 0.27060884 | CD15: =(combine_values!CD15-combine_values!$C15)/combine_values!$C15*100 -> 0.27060884 | CE15: =(combine_values!CE15-combine_values!$D15)/combine_values!$D15*100 -> -0.15979961 | CF15: =(combine_values!CF15-combine_values!$B15)/combine_values!$B15*100 -> 0.63157614 | CG15: =(combine_values!CG15-combine_values!$C15)/combine_values!$C15*100 -> 0.63157614 | CH15: =(combine_values!CH15-combine_values!$D15)/combine_values!$D15*100 -> -0.044037678 | CI15: =(combine_values!CI15-combine_values!$B15)/combine_values!$B15*100 -> 1.0484062 | CJ15: =(combine_values!CJ15-combine_values!$C15)/combine_values!$C15*100 -> 1.0484062 | CK15: =(combine_values!CK15-combine_values!$D15)/combine_values!$D15*100 -> 0.066729319
... A54: LiH | B54: =OFFSET(wft_table!L$7,(ROW(wft_table!L51)-1)*4,0) -> 0.995281 | C54: =OFFSET(wft_table!M$7,(ROW(wft_table!M51)-1)*4,0) -> 0.995281 | D54: =OFFSET(wft_table!N$7,(ROW(wft_table!N51)-1)*4,0) -> 1.690688 | F54: =(combine_values!F54-combine_values!$B54)/combine_values!$B54*100 -> -0.82308413 | G54: =(combine_values!G54-combine_values!$C54)/combine_values!$C54*100 -> -0.82308413 | H54: =(combine_values!H54-combine_values!$D54)/combine_values!$D54*100 -> -2.2997147 | I54: =(combine_values!I54-combine_values!$B54)/combine_values!$B54*100 -> -0.82549551 | J54: =(combine_values!J54-combine_values!$C54)/combine_values!$C54*100 -> -0.82549551 | K54: =(combine_values!K54-combine_values!$D54)/combine_values!$D54*100 -> -0.82250539 | L54: =(combine_values!L54-combine_values!$B54)/combine_values!$B54*100 -> -0.010650259 | M54: =(combine_values!M54-combine_values!$C54)/combine_values!$C54*100 -> -0.010650259 | N54: =(combine_values!N54-combine_values!$D54)/combine_values!$D54*100 -> -0.060981092 | O54: =(combine_values!O54-combine_values!$B54)/combine_values!$B54*100 -> 8.5399126 | P54: =(combine_values!P54-combine_values!$C54)/combine_values!$C54*100 -> 8.5399126 | Q54: =(combine_values!Q54-combine_values!$D54)/combine_values!$D54*100 -> -0.82264945 | R54: =(combine_values!R54-combine_values!$B54)/combine_values!$B54*100 -> 3.8361145 | S54: =(combine_values!S54-combine_values!$C54)/combine_values!$C54*100 -> 3.8361145 | T54: =(combine_values!T54-combine_values!$D54)/combine_values!$D54*100 -> -2.1511537 | U54: =(combine_values!U54-combine_values!$B54)/combine_values!$B54*100 -> 2.195003 | V54: =(combine_values!V54-combine_values!$C54)/combine_values!$C54*100 -> 2.195003 | W54: =(combine_values!W54-combine_values!$D54)/combine_values!$D54*100 -> -2.1990761 | X54: =(combine_values!X54-combine_values!$B54)/combine_values!$B54*100 -> 2.8985457 | Y54: =(combine_values!Y54-combine_values!$C54)/combine_values!$C54*100 -> 2.8985457 | Z54: =(combine_values!Z54-combine_values!$D54)/combine_values!$D54*100 -> -2.0016322 | AA54: =(combine_values!AA54-combine_values!$B54)/combine_values!$B54*100 -> 1.7460185 | AB54: =(combine_values!AB54-combine_values!$C54)/combine_values!$C54*100 -> 1.7460185 | AC54: =(combine_values!AC54-combine_values!$D54)/combine_values!$D54*100 -> -2.5688745 | AD54: =(combine_values!AD54-combine_values!$B54)/combine_values!$B54*100 -> 2.2353883 | AE54: =(combine_values!AE54-combine_values!$C54)/combine_values!$C54*100 -> 2.2353883 | AF54: =(combine_values!AF54-combine_values!$D54)/combine_values!$D54*100 -> -2.3362948 | AG54: =(combine_values!AG54-combine_values!$B54)/combine_values!$B54*100 -> 2.679492 | AH54: =(combine_values!AH54-combine_values!$C54)/combine_values!$C54*100 -> 2.679492 | AI54: =(combine_values!AI54-combine_values!$D54)/combine_values!$D54*100 -> -2.2787181 | AJ54: =(combine_values!AJ54-combine_values!$B54)/combine_values!$B54*100 -> 1.097574 | AK54: =(combine_values!AK54-combine_values!$C54)/combine_values!$C54*100 -> 1.097574 | AL54: =(combine_values!AL54-combine_values!$D54)/combine_values!$D54*100 -> -1.9969229 | AM54: =(combine_values!AM54-combine_values!$B54)/combine_values!$B54*100 -> -0.99347887 | AN54: =(combine_values!AN54-combine_values!$C54)/combine_values!$C54*100 -> -0.99347887 | AO54: =(combine_values!AO54-combine_values!$D54)/combine_values!$D54*100 -> -2.6468594 | AP54: =(combine_values!AP54-combine_values!$B54)/combine_values!$B54*100 -> 0.56908551 | AQ54: =(combine_values!AQ54-combine_values!$C54)/combine_values!$C54*100 -> 0.56908551 | AR54: =(combine_values!AR54-combine_values!$D54)/combine_values!$D54*100 -> -2.4461048 | AS54: =(combine_values!AS54-combine_values!$B54)/combine_values!$B54*100 -> 0.27293563 | AT54: =(combine_values!AT54-combine_values!$C54)/combine_values!$C54*100 -> 0.27293563 | AU54: =(combine_values!AU54-combine_values!$D54)/combine_values!$D54*100 -> -2.8382646 | AV54: =(combine_values!AV54-combine_values!$B54)/combine_values!$B54*100 -> 2.4563073 | AW54: =(combine_values!AW54-combine_values!$C54)/combine_values!$C54*100 -> 2.4563073 | AX54: =(combine_values!AX54-combine_values!$D54)/combine_values!$D54*100 -> -1.5080655 | AY54: =(combine_values!AY54-combine_values!$B54)/combine_values!$B54*100 -> -1.5541469 | AZ54: =(combine_values!AZ54-combine_values!$C54)/combine_values!$C54*100 -> -1.5541469 | BA54: =(combine_values!BA54-combine_values!$D54)/combine_values!$D54*100 -> -2.5473065 | BB54: =(combine_values!BB54-combine_values!$B54)/combine_values!$B54*100 -> 0.96757116 | BC54: =(combine_values!BC54-combine_values!$C54)/combine_values!$C54*100 -> 0.96757116 | BD54: =(combine_values!BD54-combine_values!$D54)/combine_values!$D54*100 -> -2.49957 | BE54: =(combine_values!BE54-combine_values!$B54)/combine_values!$B54*100 -> 0.41411581 | BF54: =(combine_values!BF54-combine_values!$C54)/combine_values!$C54*100 -> 0.41411581 | BG54: =(combine_values!BG54-combine_values!$D54)/combine_values!$D54*100 -> -2.8042909 | BH54: =(combine_values!BH54-combine_values!$B54)/combine_values!$B54*100 -> 1.3218998 | BI54: =(combine_values!BI54-combine_values!$C54)/combine_values!$C54*100 -> 1.3218998 | BJ54: =(combine_values!BJ54-combine_values!$D54)/combine_values!$D54*100 -> -2.3344641 | BK54: =(combine_values!BK54-combine_values!$B54)/combine_values!$B54*100 -> 0.83367912 | BL54: =(combine_values!BL54-combine_values!$C54)/combine_values!$C54*100 -> 0.83367912 | BM54: =(combine_values!BM54-combine_values!$D54)/combine_values!$D54*100 -> -2.3856109 | BN54: =(combine_values!BN54-combine_values!$B54)/combine_values!$B54*100 -> 0.88111954 | BO54: =(combine_values!BO54-combine_values!$C54)/combine_values!$C54*100 -> 0.88111954 | BP54: =(combine_values!BP54-combine_values!$D54)/combine_values!$D54*100 -> -2.591267 | BQ54: =(combine_values!BQ54-combine_values!$B54)/combine_values!$B54*100 -> -0.041929137 | BR54: =(combine_values!BR54-combine_values!$C54)/combine_values!$C54*100 -> -0.041929137 | BS54: =(combine_values!BS54-combine_values!$D54)/combine_values!$D54*100 -> -2.1511298 | BT54: =(combine_values!BT54-combine_values!$B54)/combine_values!$B54*100 -> 2.0627212 | BU54: =(combine_values!BU54-combine_values!$C54)/combine_values!$C54*100 -> 2.0627212 | BV54: =(combine_values!BV54-combine_values!$D54)/combine_values!$D54*100 -> -1.814773 | BW54: =(combine_values!BW54-combine_values!$B54)/combine_values!$B54*100 -> 0.080948457 | BX54: =(combine_values!BX54-combine_values!$C54)/combine_values!$C54*100 -> 0.080948457 | BY54: =(combine_values!BY54-combine_values!$D54)/combine_values!$D54*100 -> -2.5909192 | BZ54: =(combine_values!BZ54-combine_values!$B54)/combine_values!$B54*100 -> 1.0158774 | CA54: =(combine_values!CA54-combine_values!$C54)/combine_values!$C54*100 -> 1.0158774 | CB54: =(combine_values!CB54-combine_values!$D54)/combine_values!$D54*100 -> -2.3313576 | CC54: =(combine_values!CC54-combine_values!$B54)/combine_values!$B54*100 -> 1.0901497 | CD54: =(combine_values!CD54-combine_values!$C54)/combine_values!$C54*100 -> 1.0901497 | CE54: =(combine_values!CE54-combine_values!$D54)/combine_values!$D54*100 -> -2.2366878 | CF54: =(combine_values!CF54-combine_values!$B54)/combine_values!$B54*100 -> 0.25515716 | CG54: =(combine_values!CG54-combine_values!$C54)/combine_values!$C54*100 -> 0.25515716 | CH54: =(combine_values!CH54-combine_values!$D54)/combine_values!$D54*100 -> -2.4962872 | CI54: =(combine_values!CI54-combine_values!$B54)/combine_values!$B54*100 -> 2.071913 | CJ54: =(combine_values!CJ54-combine_values!$C54)/combine_values!$C54*100 -> 2.071913 | CK54: =(combine_values!CK54-combine_values!$D54)/combine_values!$D54*100 -> -1.852371
E57: RMSRE | F57: {=SQRT(AVERAGE(F4:F54^2))} -> 0.89117801 | G57: {=SQRT(AVERAGE(G4:G54^2))} -> 0.81537434 | H57: {=SQRT(AVERAGE(H4:H54^2))} -> 0.74273748 | I57: {=SQRT(AVERAGE(I4:I54^2))} -> 0.47351244 | J57: {=SQRT(AVERAGE(J4:J54^2))} -> 0.44213281 | K57: {=SQRT(AVERAGE(K4:K54^2))} -> 0.44525067 | L57: {=SQRT(AVERAGE(L4:L54^2))} -> 0.14147731 | M57: {=SQRT(AVERAGE(M4:M54^2))} -> 0.12431205 | ... CK57: {=SQRT(AVERAGE(CK4:CK54^2))} -> 1.2940033
E58: MRE | F58: =AVERAGE(F4:F54) -> 0.13678151 | G58: =AVERAGE(G4:G54) -> 0.18765906 | H58: =AVERAGE(H4:H54) -> 0.057508014 | I58: =AVERAGE(I4:I54) -> 0.20402553 | J58: =AVERAGE(J4:J54) -> 0.16410806 | K58: =AVERAGE(K4:K54) -> -0.052911168 | L58: =AVERAGE(L4:L54) -> -0.074526341 | M58: =AVERAGE(M4:M54) -> -0.062091933 | ... CK58: =AVERAGE(CK4:CK54) -> 0.62018357
E59: MAX | F59: {=MAX(ABS(F4:F54))} -> 2.6657754 | G59: {=MAX(ABS(G4:G54))} -> 2.6657754 | H59: {=MAX(ABS(H4:H54))} -> 2.6657754 | I59: {=MAX(ABS(I4:I54))} -> 1.750269 | J59: {=MAX(ABS(J4:J54))} -> 1.750269 | K59: {=MAX(ABS(K4:K54))} -> 2.3995546 | L59: {=MAX(ABS(L4:L54))} -> 0.42048532 | M59: {=MAX(ABS(M4:M54))} -> 0.42048532 | ... CK59: {=MAX(ABS(CK4:CK54))} -> 6.1635261
E60: Average_MRE | H60: =AVERAGE(F58:H58) -> 0.1273162 | K60: =AVERAGE(I58:K58) -> 0.10507414 | N60: =AVERAGE(L58:N58) -> -0.058189493 | Q60: =AVERAGE(O58:Q58) -> 2.1569499 | T60: =AVERAGE(R58:T58) -> 0.89891379 | W60: =AVERAGE(U58:W58) -> 0.41322033 | Z60: =AVERAGE(X58:Z58) -> 0.81388042 | AC60: =AVERAGE(AA58:AC58) -> 0.33894613 | AF60: =AVERAGE(AD58:AF58) -> 0.50305359 | AI60: =AVERAGE(AG58:AI58) -> 0.65720534 | AL60: =AVERAGE(AJ58:AL58) -> 0.4975769 | AO60: =AVERAGE(AM58:AO58) -> -0.56621383 | AR60: =AVERAGE(AP58:AR58) -> -0.05406269 | AU60: =AVERAGE(AS58:AU58) -> 0.073855924 | AX60: =AVERAGE(AV58:AX58) -> 1.1240347 | BA60: =AVERAGE(AY58:BA58) -> -0.098235427 | BD60: =AVERAGE(BB58:BD58) -> 0.12185531 | BG60: =AVERAGE(BE58:BG58) -> 0.28898548 | BJ60: =AVERAGE(BH58:BJ58) -> 0.43847017 | BM60: =AVERAGE(BK58:BM58) -> 0.20313562 | BP60: =AVERAGE(BN58:BP58) -> 0.24601226 | BS60: =AVERAGE(BQ58:BS58) -> 0.550693 | BV60: =AVERAGE(BT58:BV58) -> 0.61894742 | BY60: =AVERAGE(BW58:BY58) -> -0.023212534 | CB60: =AVERAGE(BZ58:CB58) -> 0.52370765 | CE60: =AVERAGE(CC58:CE58) -> 0.17317747 | CH60: =AVERAGE(CF58:CH58) -> 0.64215508 | CK60: =AVERAGE(CI58:CK58) -> 0.96264287
E61: Total_RMSRE | H61: {=SQRT(AVERAGE(F57:H57^2))} -> 0.81867628 | K61: {=SQRT(AVERAGE(I57:K57^2))} -> 0.45385152 | N61: {=SQRT(AVERAGE(L57:N57^2))} -> 0.12147387 | Q61: {=SQRT(AVERAGE(O57:Q57^2))} -> 2.69454 | T61: {=SQRT(AVERAGE(R57:T57^2))} -> 1.5428628 | W61: {=SQRT(AVERAGE(U57:W57^2))} -> 0.89975863 | Z61: {=SQRT(AVERAGE(X57:Z57^2))} -> 1.2044516 | AC61: {=SQRT(AVERAGE(AA57:AC57^2))} -> 0.74256911 | AF61: {=SQRT(AVERAGE(AD57:AF57^2))} -> 0.88178878 | AI61: {=SQRT(AVERAGE(AG57:AI57^2))} -> 1.0490936 | AL61: {=SQRT(AVERAGE(AJ57:AL57^2))} -> 1.0222552 | AO61: {=SQRT(AVERAGE(AM57:AO57^2))} -> 0.73876673 | AR61: {=SQRT(AVERAGE(AP57:AR57^2))} -> 0.52179744 | AU61: {=SQRT(AVERAGE(AS57:AU57^2))} -> 0.44621139 | AX61: {=SQRT(AVERAGE(AV57:AX57^2))} -> 1.6404914 | BA61: {=SQRT(AVERAGE(AY57:BA57^2))} -> 0.63075343 | BD61: {=SQRT(AVERAGE(BB57:BD57^2))} -> 0.46823228 | BG61: {=SQRT(AVERAGE(BE57:BG57^2))} -> 0.55224777 | BJ61: {=SQRT(AVERAGE(BH57:BJ57^2))} -> 0.78889729 | BM61: {=SQRT(AVERAGE(BK57:BM57^2))} -> 0.79331176 | BP61: {=SQRT(AVERAGE(BN57:BP57^2))} -> 0.57993994 | BS61: {=SQRT(AVERAGE(BQ57:BS57^2))} -> 0.91608118 | BV61: {=SQRT(AVERAGE(BT57:BV57^2))} -> 1.2014185 | BY61: {=SQRT(AVERAGE(BW57:BY57^2))} -> 0.4019779 | CB61: {=SQRT(AVERAGE(BZ57:CB57^2))} -> 0.9036815 | CE61: {=SQRT(AVERAGE(CC57:CE57^2))} -> 0.57022485 | CH61: {=SQRT(AVERAGE(CF57:CH57^2))} -> 1.1168766 | CK61: {=SQRT(AVERAGE(CI57:CK57^2))} -> 1.4489804
E62: MAX | H62: =MAX(F59:H59) -> 2.6657754 | K62: =MAX(I59:K59) -> 2.3995546 | N62: =MAX(L59:N59) -> 0.42048532 | Q62: =MAX(O59:Q59) -> 8.5399126 | T62: =MAX(R59:T59) -> 6.2475163 | W62: =MAX(U59:W59) -> 4.1525428 | Z62: =MAX(X59:Z59) -> 3.7591377 | AC62: =MAX(AA59:AC59) -> 2.9391788 | AF62: =MAX(AD59:AF59) -> 3.3931178 | AI62: =MAX(AG59:AI59) -> 3.8844356 | AL62: =MAX(AJ59:AL59) -> 4.8176227 | AO62: =MAX(AM59:AO59) -> 2.6468594 | AR62: =MAX(AP59:AR59) -> 2.4461048 | AU62: =MAX(AS59:AU59) -> 2.8382646 | AX62: =MAX(AV59:AX59) -> 5.7106905 | BA62: =MAX(AY59:BA59) -> 2.5473065 | BD62: =MAX(BB59:BD59) -> 2.49957 | BG62: =MAX(BE59:BG59) -> 2.8042909 | BJ62: =MAX(BH59:BJ59) -> 2.7982676 | BM62: =MAX(BK59:BM59) -> 3.2492264 | BP62: =MAX(BN59:BP59) -> 2.591267 | BS62: =MAX(BQ59:BS59) -> 3.8629667 | BV62: =MAX(BT59:BV59) -> 4.4980019 | BY62: =MAX(BW59:BY59) -> 2.5909192 | CB62: =MAX(BZ59:CB59) -> 3.4470255 | CE62: =MAX(CC59:CE59) -> 2.7548715 | CH62: =MAX(CF59:CH59) -> 5.0317006 | CK62: =MAX(CI59:CK59) -> 6.1635261
E63: Functional | H63: =H1 -> HF | K63: =K1 -> MP2 | N63: =N1 -> CCSD | Q63: =Q1 -> Slater | T63: =T1 -> SPW92 | W63: =W1 -> B97-D3 | Z63: =Z1 -> BLYP | AC63: =AC1 -> BPBE | AF63: =AF1 -> mPW91 | AI63: =AI1 -> PBE | AL63: =AL1 -> B97M-V | AO63: =AO1 -> M06-L | AR63: =AR1 -> mBEEF | AU63: =AU1 -> MGGA_MS2 | AX63: =AX1 -> MN15-L | BA63: =BA1 -> revM06-L | BD63: =BD1 -> SCAN | BG63: =BG1 -> TPSS | BJ63: =BJ1 -> B3LYP | BM63: =BM1 -> M06-2X | BP63: =BP1 -> PBE0 | BS63: =BS1 -> M08-HX | BV63: =BV1 -> MN15 | BY63: =BY1 -> SCAN0 | CB63: =CB1 -> CAM-B3LYP | CE63: =CE1 -> wB97X-D | CH63: =CH1 -> wB97X-V | CK63: =CK1 -> wB97M-V
E64: Top_error | F64: 'Mg', | G64: 'Mg', | H64: 'Mg', | I64: 'C2H', | J64: 'C2H', | K64: 'BS', | L64: 'Na2', | M64: 'Na2', | N64: 'H2O', | O64: 'LiH', | P64: 'LiH', | Q64: 'H', | R64: 'H', | S64: 'H', | T64: 'H', | U64: 'Na', | V64: 'Na', | W64: 'Na', | X64: 'H', | Y64: 'H', | Z64: 'H', | AA64: 'H', | AB64: 'H', | AC64: 'H', | AD64: 'H', | AE64: 'H', | AF64: 'H', | AG64: 'H', | AH64: 'H', | AI64: 'H', | AJ64: 'H', | AK64: 'H', | AL64: 'H', | AM64: 'BH2', | AN64: 'Mg2', | AO64: 'LiH', | AP64: 'H', | AQ64: 'H', | AR64: 'LiH', | AS64: 'H', | AT64: 'H', | AU64: 'LiH', | AV64: 'Na', | AW64: 'Na', | AX64: 'Na', | AY64: 'LiH', | AZ64: 'LiH', | BA64: 'LiH', | BB64: 'H', | BC64: 'H', | BD64: 'LiH', | BE64: 'H', | BF64: 'H', | BG64: 'LiH', | BH64: 'H', | BI64: 'H', | BJ64: 'H', | BK64: 'H', | BL64: 'H', | BM64: 'H', | BN64: 'H', | BO64: 'H', | BP64: 'LiH', | BQ64: 'H', | BR64: 'H', | BS64: 'H', | BT64: 'H', | BU64: 'H', | BV64: 'H', | BW64: 'H', | BX64: 'H', | BY64: 'LiH', | BZ64: 'H', | CA64: 'H', | CB64: 'H', | CC64: 'H', | CD64: 'H', | CE64: 'H', | CF64: 'CH2-t', | CG64: 'H', | CH64: 'CH2-t', | CI64: 'H', | CJ64: 'H', | CK64: 'H'
E65: Top_5_errors: | F65: ('Mg', 'Mg2', 'Na', 'C2H2', 'CH2BH'), | G65: ('Mg', 'Mg2', 'Na', 'C2H2', 'Na2'), | H65: ('Mg', 'LiH', 'Na', 'BeH', 'Na2'), | I65: ('C2H', 'CN', 'Na2', 'H2CN', 'LiH'), | J65: ('C2H', 'CN', 'Na2', 'LiH', 'BF'), | K65: ('BS', 'CN', 'LiH', 'C2H', 'Na2'), | L65: ('Na2', 'O3', 'H2O', 'BF', 'NH3O'), | M65: ('Na2', 'BF', 'NH3O', 'HF', 'AlF'), | N65: ('H2O', 'NH3', 'HF', 'CO', 'Ne'), | O65: ('LiH', 'H', 'He', 'BeH2', 'H2'), | P65: ('LiH', 'H', 'He', 'BeH2', 'H2'), | Q65: ('H', 'He', 'H2', 'BH3', 'CH3'), | R65: ('H', 'LiH', 'He', 'H2', 'BeH2'), | S65: ('H', 'LiH', 'He', 'H2', 'BeH2'), | T65: ('H', 'He', 'H2', 'LiH', 'BH3'), | U65: ('Na', 'H', 'LiH', 'BeH', 'He'), | V65: ('Na', 'H', 'LiH', 'BeH', 'He'), | W65: ('Na', 'H', 'LiH', 'He', 'H2'), | X65: ('H', 'LiH', 'He', 'Na2', 'N'), | Y65: ('H', 'LiH', 'He', 'Na2', 'N'), | Z65: ('H', 'He', 'H2', 'LiH', 'N'), | AA65: ('H', 'He', 'LiH', 'Na2', 'N'), | AB65: ('H', 'He', 'LiH', 'Na2', 'N'), | AC65: ('H', 'LiH', 'He', 'H2', 'N'), | AD65: ('H', 'LiH', 'He', 'N', 'BeH'), | AE65: ('H', 'LiH', 'He', 'N', 'BeH'), | AF65: ('H', 'LiH', 'He', 'H2', 'N'), | AG65: ('H', 'LiH', 'He', 'BeH', 'Na2'), | AH65: ('H', 'LiH', 'He', 'BeH', 'Na2'), | AI65: ('H', 'He', 'LiH', 'H2', 'N'), | AJ65: ('H', 'BeH', 'Na', 'Mg', 'BeH2'), | AK65: ('H', 'BeH', 'Na', 'Mg', 'BeH2'), | AL65: ('H', 'Na', 'LiH', 'H2', 'BeH2'), | AM65: ('BH2', 'Mg2', 'CH2-t', 'Mg', 'NH2'), | AN65: ('Mg2', 'Mg', 'Na2', 'HNC', 'O2'), | AO65: ('LiH', 'CH3', 'BH3', 'Mg', 'H'), | AP65: ('H', 'Na2', 'He', 'O3', 'NH2'), | AQ65: ('H', 'Na2', 'He', 'LiH', 'O2'), | AR65: ('LiH', 'H', 'He', 'C2H', 'H2'), | AS65: ('H', 'He', 'Na2', 'N', 'Ne'), | AT65: ('H', 'He', 'Na2', 'N', 'Ne'), | AU65: ('LiH', 'H', 'He', 'C2H', 'HF'), | AV65: ('Na', 'Mg', 'H', 'Mg2', 'BeH'), | AW65: ('Na', 'Mg', 'H', 'Mg2', 'BeH'), | AX65: ('Na', 'Mg', 'H', 'BeH2', 'H2'), | AY65: ('LiH', 'H', 'Na', 'Mg', 'Na2'), | AZ65: ('LiH', 'H', 'Na', 'Mg', 'Na2'), | BA65: ('LiH', 'H', 'Na', 'BeH2', 'Mg'), | BB65: ('H', 'He', 'LiH', 'Na', 'BeH'), | BC65: ('H', 'He', 'LiH', 'Na', 'BeH'), | BD65: ('LiH', 'H', 'He', 'C2H', 'Na'), | BE65: ('H', 'N', 'Ne', 'He', 'Mg'), | BF65: ('H', 'N', 'Ne', 'He', 'Mg'), | BG65: ('LiH', 'H', 'N', 'Ne', 'He'), | BH65: ('H', 'Na2', 'He', 'H2', 'LiH'), | BI65: ('H', 'Na2', 'He', 'H2', 'LiH'), | BJ65: ('H', 'LiH', 'He', 'H2', 'Na'), | BK65: ('H', 'Na2', 'Na', 'BeH', 'He'), | BL65: ('H', 'Na2', 'Na', 'BeH', 'He'), | BM65: ('H', 'LiH', 'Na', 'He', 'C2H'), | BN65: ('H', 'He', 'H2', 'LiH', 'BeH'), | BO65: ('H', 'He', 'H2', 'LiH', 'BeH'), | BP65: ('LiH', 'H', 'He', 'H2', 'C2H'), | BQ65: ('H', 'Na', 'BeH', 'Na2', 'H2'), | BR65: ('H', 'Na', 'BeH', 'Na2', 'H2'), | BS65: ('H', 'Na', 'LiH', 'H2', 'N'), | BT65: ('H', 'BeH', 'Na', 'Mg', 'Mg2'), | BU65: ('H', 'BeH', 'Na', 'Mg', 'Mg2'), | BV65: ('H', 'Na', 'Mg', 'LiH', 'H2'), | BW65: ('H', 'O3', 'Na', 'Mg', 'H2'), | BX65: ('H', 'Na', 'Mg', 'H2', 'He'), | BY65: ('LiH', 'H', 'C2H', 'Na', 'Mg'), | BZ65: ('H', 'He', 'H2', 'Na2', 'Na'), | CA65: ('H', 'He', 'H2', 'Na2', 'Na'), | CB65: ('H', 'He', 'LiH', 'H2', 'Na'), | CC65: ('H', 'Na2', 'Na', 'LiH', 'BeH'), | CD65: ('H', 'Na2', 'Na', 'LiH', 'BeH'), | CE65: ('H', 'LiH', 'Na', 'C2H', 'He'), | CF65: ('CH2-t', 'BH2F', 'H', 'NH3O', 'He'), | CG65: ('H', 'NH3O', 'BH2F', 'CH2-t', 'He'), | CH65: ('CH2-t', 'BH3', 'H', 'LiH', 'He'), | CI65: ('H', 'BH2F', 'H2CN', 'BeH', 'CH3'), | CJ65: ('H', 'BeH', 'H2CN', 'BH2F', 'CH3'), | CK65: ('H', 'CH3', 'He', 'H2', 'LiH')

Sheet ranking
A1: Functional | B1: Total_RMSRE | C1: Average_MRE | D1: Max_error
A2: Slater | B2: 2.69454 | C2: 2.1569499 | D2: 8.5399126
A3: MN15-L | B3: 1.6404914 | C3: 1.1240347 | D3: 5.7106905
A4: SPW92 | B4: 1.5428628 | C4: 0.89891379 | D4: 6.2475163
A5: wB97M-V | B5: 1.4489804 | C5: 0.96264287 | D5: 6.1635261
A6: BLYP | B6: 1.2044516 | C6: 0.81388042 | D6: 3.7591377
A7: MN15 | B7: 1.2014185 | C7: 0.61894742 | D7: 4.4980019
A8: wB97X-V | B8: 1.1168766 | C8: 0.64215508 | D8: 5.0317006
A9: PBE | B9: 1.0490936 | C9: 0.65720534 | D9: 3.8844356
A10: B97M-V | B10: 1.0222552 | C10: 0.4975769 | D10: 4.8176227
A11: M08-HX | B11: 0.91608118 | C11: 0.550693 | D11: 3.8629667
A12: CAM-B3LYP | B12: 0.9036815 | C12: 0.52370765 | D12: 3.4470255
A13: B97-D3 | B13: 0.89975863 | C13: 0.41322033 | D13: 4.1525428
... A29: CCSD | B29: 0.12147387 | C29: -0.058189493 | D29: 0.42048532

Sheet absolute_error
A1: method | B1: CCSD\(T\) | C1: CCSD\(T\) | D1: CCSD\(T\) | E1: Error: | F1: HF | G1: HF | H1: HF | I1: MP2 | J1: MP2 | K1: MP2 | L1: CCSD | M1: CCSD | N1: CCSD | O1: Slater | P1: Slater | Q1: Slater | R1: SPW92 | S1: SPW92 | T1: SPW92 | U1: B97-D3 | V1: B97-D3 | W1: B97-D3 | X1: BLYP | Y1: BLYP | Z1: BLYP | AA1: BPBE | AB1: BPBE | AC1: BPBE | AD1: mPW91 | AE1: mPW91 | AF1: mPW91 | AG1: PBE | AH1: PBE | AI1: PBE | AJ1: B97M-V | AK1: B97M-V | AL1: B97M-V | AM1: M06-L | AN1: M06-L | AO1: M06-L | AP1: mBEEF | AQ1: mBEEF | AR1: mBEEF | AS1: MGGA_MS2 | AT1: MGGA_MS2 | AU1: MGGA_MS2 | AV1: MN15-L | AW1: MN15-L | AX1: MN15-L | AY1: revM06-L | AZ1: revM06-L | BA1: revM06-L | BB1: SCAN | BC1: SCAN | BD1: SCAN | BE1: TPSS | BF1: TPSS | BG1: TPSS | BH1: B3LYP | BI1: B3LYP | BJ1: B3LYP | BK1: M06-2X | BL1: M06-2X | BM1: M06-2X | BN1: PBE0 | BO1: PBE0 | BP1: PBE0 | BQ1: M08-HX | BR1: M08-HX | BS1: M08-HX | BT1: MN15 | BU1: MN15 | BV1: MN15 | BW1: SCAN0 | BX1: SCAN0 | BY1: SCAN0 | BZ1: CAM-B3LYP | CA1: CAM-B3LYP | CB1: CAM-B3LYP | CC1: wB97X-D | CD1: wB97X-D | CE1: wB97X-D | CF1: wB97X-V | CG1: wB97X-V | CH1: wB97X-V | CI1: wB97M-V | CJ1: wB97M-V | CK1: wB97M-V
A2: component | B2: XX | C2: YY | D2: ZZ | F2: XX | G2: YY | H2: ZZ | I2: XX | J2: YY | K2: ZZ | L2: XX | M2: YY | N2: ZZ | O2: XX | P2: YY | Q2: ZZ | R2: XX | S2: YY | T2: ZZ | U2: XX | V2: YY | W2: ZZ | X2: XX | Y2: YY | Z2: ZZ | AA2: XX | AB2: YY | AC2: ZZ | AD2: XX | AE2: YY | AF2: ZZ | AG2: XX | AH2: YY | AI2: ZZ | AJ2: XX | AK2: YY | AL2: ZZ | AM2: XX | AN2: YY | AO2: ZZ | AP2: XX | AQ2: YY | AR2: ZZ | AS2: XX | AT2: YY | AU2: ZZ | AV2: XX | AW2: YY | AX2: ZZ | AY2: XX | AZ2: YY | BA2: ZZ | BB2: XX | BC2: YY | BD2: ZZ | BE2: XX | BF2: YY | BG2: ZZ | BH2: XX | BI2: YY | BJ2: ZZ | BK2: XX | BL2: YY | BM2: ZZ | BN2: XX | BO2: YY | BP2: ZZ | BQ2: XX | BR2: YY | BS2: ZZ | BT2: XX | BU2: YY | BV2: ZZ | BW2: XX | BX2: YY | BY2: ZZ | BZ2: XX | CA2: YY | CB2: ZZ | CC2: XX | CD2: YY | CE2: ZZ | CF2: XX | CG2: YY | CH2: ZZ | CI2: XX | CJ2: YY | CK2: ZZ
A3: molecule
A4: AlF | B4: =OFFSET(wft_table!L$7,(ROW(wft_table!L1)-1)*4,0) -> 0.72880654 | C4: =OFFSET(wft_table!M$7,(ROW(wft_table!M1)-1)*4,0) -> 0.72880654 | D4: =OFFSET(wft_table!N$7,(ROW(wft_table!N1)-1)*4,0) -> 1.750396 | F4: =ABS(combine_values!F4-combine_values!$B4) -> 0.00026348386 | G4: =ABS(combine_values!G4-combine_values!$C4) -> 0.00026348386 | H4: =ABS(combine_values!H4-combine_values!$D4) -> 0.011797813 | I4: =ABS(combine_values!I4-combine_values!$B4) -> 0.0015592088 | J4: =ABS(combine_values!J4-combine_values!$C4) -> 0.0015592088 | K4: =ABS(combine_values!K4-combine_values!$D4) -> 0.0011984846 | L4: =ABS(combine_values!L4-combine_values!$B4) -> 0.0015437275 | M4: =ABS(combine_values!M4-combine_values!$C4) -> 0.0015437275 | N4: =ABS(combine_values!N4-combine_values!$D4) -> 0.0015060276 | O4: =ABS(combine_values!O4-combine_values!$B4) -> 0.019554551 | P4: =ABS(combine_values!P4-combine_values!$C4) -> 0.019554551 | Q4: =ABS(combine_values!Q4-combine_values!$D4) -> 0.0017521572 | R4: =ABS(combine_values!R4-combine_values!$B4) -> 0.0067947888 | S4: =ABS(combine_values!S4-combine_values!$C4) -> 0.0067947888 | T4: =ABS(combine_values!T4-combine_values!$D4) -> 0.0032816316 | U4: =ABS(combine_values!U4-combine_values!$B4) -> 0.0053162933 | V4: =ABS(combine_values!V4-combine_values!$C4) -> 0.0053162933 | W4: =ABS(combine_values!W4-combine_values!$D4) -> 7.1778308e-05 | X4: =ABS(combine_values!X4-combine_values!$B4) -> 0.0076740373 | Y4: =ABS(combine_values!Y4-combine_values!$C4) -> 0.0076740373 | Z4: =ABS(combine_values!Z4-combine_values!$D4) -> 0.00024652981 | AA4: =ABS(combine_values!AA4-combine_values!$B4) -> 0.0041046064 | AB4: =ABS(combine_values!AB4-combine_values!$C4) -> 0.0041046064 | AC4: =ABS(combine_values!AC4-combine_values!$D4) -> 0.001501103 | AD4: =ABS(combine_values!AD4-combine_values!$B4) -> 0.0054129578 | AE4: =ABS(combine_values!AE4-combine_values!$C4) -> 0.0054129578 | AF4: =ABS(combine_values!AF4-combine_values!$D4) -> 0.0012074679 | AG4: =ABS(combine_values!AG4-combine_values!$B4) -> 0.0070244589 | AH4: =ABS(combine_values!AH4-combine_values!$C4) -> 0.0070244589 | AI4: =ABS(combine_values!AI4-combine_values!$D4) -> 0.00082328724 | AJ4: =ABS(combine_values!AJ4-combine_values!$B4) -> 0.0046968784 | AK4: =ABS(combine_values!AK4-combine_values!$C4) -> 0.0046968784 | AL4: =ABS(combine_values!AL4-combine_values!$D4) -> 0.00349316 | AM4: =ABS(combine_values!AM4-combine_values!$B4) -> 0.0039722304 | AN4: =ABS(combine_values!AN4-combine_values!$C4) -> 0.0039722304 | AO4: =ABS(combine_values!AO4-combine_values!$D4) -> 0.0015375701 | AP4: =ABS(combine_values!AP4-combine_values!$B4) -> 0.0017931645 | AQ4: =ABS(combine_values!AQ4-combine_values!$C4) -> 0.0017931645 | AR4: =ABS(combine_values!AR4-combine_values!$D4) -> 0.001507983 | AS4: =ABS(combine_values!AS4-combine_values!$B4) -> 0.0032187623 | AT4: =ABS(combine_values!AT4-combine_values!$C4) -> 0.0032187623 | AU4: =ABS(combine_values!AU4-combine_values!$D4) -> 0.0010909956 | AV4: =ABS(combine_values!AV4-combine_values!$B4) -> 0.017046342 | AW4: =ABS(combine_values!AW4-combine_values!$C4) -> 0.017046342 | AX4: =ABS(combine_values!AX4-combine_values!$D4) -> 0.0093544015 | AY4: =ABS(combine_values!AY4-combine_values!$B4) -> 0.00027276117 | AZ4: =ABS(combine_values!AZ4-combine_values!$C4) -> 0.00027276117 | BA4: =ABS(combine_values!BA4-combine_values!$D4) -> 0.0079714917 | BB4: =ABS(combine_values!BB4-combine_values!$B4) -> 0.0033664774 | BC4: =ABS(combine_values!BC4-combine_values!$C4) -> 0.0033664774 | BD4: =ABS(combine_values!BD4-combine_values!$D4) -> 0.00062206021 | BE4: =ABS(combine_values!BE4-combine_values!$B4) -> 0.0048212639 | BF4: =ABS(combine_values!BF4-combine_values!$C4) -> 0.0048212639 | BG4: =ABS(combine_values!BG4-combine_values!$D4) -> 0.00087219169 | BH4: =ABS(combine_values!BH4-combine_values!$B4) -> 0.003258002 | BI4: =ABS(combine_values!BI4-combine_values!$C4) -> 0.003258002 | BJ4: =ABS(combine_values!BJ4-combine_values!$D4) -> 0.00082910596 | BK4: =ABS(combine_values!BK4-combine_values!$B4) -> 0.00070892841 | BL4: =ABS(combine_values!BL4-combine_values!$C4) -> 0.00070892841 | BM4: =ABS(combine_values!BM4-combine_values!$D4) -> 0.00027759806 | BN4: =ABS(combine_values!BN4-combine_values!$B4) -> 0.002114571 | BO4: =ABS(combine_values!BO4-combine_values!$C4) -> 0.002114571 | BP4: =ABS(combine_values!BP4-combine_values!$D4) -> 0.0011229547 | BQ4: =ABS(combine_values!BQ4-combine_values!$B4) -> 0.0020382786 | BR4: =ABS(combine_values!BR4-combine_values!$C4) -> 0.0020382786 | BS4: =ABS(combine_values!BS4-combine_values!$D4) -> 0.0039446236 | BT4: =ABS(combine_values!BT4-combine_values!$B4) -> 0.0085934848 | BU4: =ABS(combine_values!BU4-combine_values!$C4) -> 0.0085934848 | BV4: =ABS(combine_values!BV4-combine_values!$D4) -> 0.00050693296 | BW4: =ABS(combine_values!BW4-combine_values!$B4) -> 0.00049222072 | BX4: =ABS(combine_values!BX4-combine_values!$C4) -> 0.00049222072 | BY4: =ABS(combine_values!BY4-combine_values!$D4) -> 0.0019212812 | BZ4: =ABS(combine_values!BZ4-combine_values!$B4) -> 0.0025467439 | CA4: =ABS(combine_values!CA4-combine_values!$C4) -> 0.0025467439 | CB4: =ABS(combine_values!CB4-combine_values!$D4) -> 0.0020009543 | CC4: =ABS(combine_values!CC4-combine_values!$B4) -> 0.00064945689 | CD4: =ABS(combine_values!CD4-combine_values!$C4) -> 0.00064945689 | CE4: =ABS(combine_values!CE4-combine_values!$D4) -> 0.0022510087 | CF4: =ABS(combine_values!CF4-combine_values!$B4) -> 0.0027800574 | CG4: =ABS(combine_values!CG4-combine_values!$C4) -> 0.0027800574 | CH4: =ABS(combine_values!CH4-combine_values!$D4) -> 0.0039940802 | CI4: =ABS(combine_values!CI4-combine_values!$B4) -> 0.0048489022 | CJ4: =ABS(combine_values!CJ4-combine_values!$C4) -> 0.0048489022 | CK4: =ABS(combine_values!CK4-combine_values!$D4) -> 0.00034795362
A5: Ar | B5: =OFFSET(wft_table!L$7,(ROW(wft_table!L2)-1)*4,0) -> 0.69285369 | C5: =OFFSET(wft_table!M$7,(ROW(wft_table!M2)-1)*4,0) -> 0.69285369 | D5: =OFFSET(wft_table!N$7,(ROW(wft_table!N2)-1)*4,0) -> 0.69285369 | F5: =ABS(combine_values!F5-combine_values!$B5) -> 0.0015455278 | G5: =ABS(combine_values!G5-combine_values!$C5) -> 0.0015455278 | H5: =ABS(combine_values!H5-combine_values!$D5) -> 0.0015455278 | I5: =ABS(combine_values!I5-combine_values!$B5) -> 0.00054824461 | J5: =ABS(combine_values!J5-combine_values!$C5) -> 0.00054824461 | K5: =ABS(combine_values!K5-combine_values!$D5) -> 0.00054824461 | L5: =ABS(combine_values!L5-combine_values!$B5) -> 0.00038369866 | M5: =ABS(combine_values!M5-combine_values!$C5) -> 0.00038369866 | N5: =ABS(combine_values!N5-combine_values!$D5) -> 0.00038369866 | O5: =ABS(combine_values!O5-combine_values!$B5) -> 0.011672847 | P5: =ABS(combine_values!P5-combine_values!$C5) -> 0.011672847 | Q5: =ABS(combine_values!Q5-combine_values!$D5) -> 0.011672847 | R5: =ABS(combine_values!R5-combine_values!$B5) -> 0.0050520625 | S5: =ABS(combine_values!S5-combine_values!$C5) -> 0.0050520625 | T5: =ABS(combine_values!T5-combine_values!$D5) -> 0.0050520625 | U5: =ABS(combine_values!U5-combine_values!$B5) -> 0.00056635801 | V5: =ABS(combine_values!V5-combine_values!$C5) -> 0.00056635801 | W5: =ABS(combine_values!W5-combine_values!$D5) -> 0.00056635801 | X5: =ABS(combine_values!X5-combine_values!$B5) -> 0.0062288156 | Y5: =ABS(combine_values!Y5-combine_values!$C5) -> 0.0062288156 | Z5: =ABS(combine_values!Z5-combine_values!$D5) -> 0.0062288156 | AA5: =ABS(combine_values!AA5-combine_values!$B5) -> 0.0021668371 | AB5: =ABS(combine_values!AB5-combine_values!$C5) -> 0.0021668371 | AC5: =ABS(combine_values!AC5-combine_values!$D5) -> 0.0021668371 | AD5: =ABS(combine_values!AD5-combine_values!$B5) -> 0.0031645259 | AE5: =ABS(combine_values!AE5-combine_values!$C5) -> 0.0031645259 | AF5: =ABS(combine_values!AF5-combine_values!$D5) -> 0.0031645259 | AG5: =ABS(combine_values!AG5-combine_values!$B5) -> 0.004074856 | AH5: =ABS(combine_values!AH5-combine_values!$C5) -> 0.004074856 | AI5: =ABS(combine_values!AI5-combine_values!$D5) -> 0.004074856 | AJ5: =ABS(combine_values!AJ5-combine_values!$B5) -> 0.0010248648 | AK5: =ABS(combine_values!AK5-combine_values!$C5) -> 0.0010248648 | AL5: =ABS(combine_values!AL5-combine_values!$D5) -> 0.0010248648 | AM5: =ABS(combine_values!AM5-combine_values!$B5) -> 0.0022957397 | AN5: =ABS(combine_values!AN5-combine_values!$C5) -> 0.0022957397 | AO5: =ABS(combine_values!AO5-combine_values!$D5) -> 0.0022957397 | AP5: =ABS(combine_values!AP5-combine_values!$B5) -> 0.0018502772 | AQ5: =ABS(combine_values!AQ5-combine_values!$C5) -> 0.0018502772 | AR5: =ABS(combine_values!AR5-combine_values!$D5) -> 0.0018502772 | AS5: =ABS(combine_values!AS5-combine_values!$B5) -> 0.00017311072 | AT5: =ABS(combine_values!AT5-combine_values!$C5) -> 0.00017311072 | AU5: =ABS(combine_values!AU5-combine_values!$D5) -> 0.00017311072 | AV5: =ABS(combine_values!AV5-combine_values!$B5) -> 0.0034819422 | AW5: =ABS(combine_values!AW5-combine_values!$C5) -> 0.0034819422 | AX5: =ABS(combine_values!AX5-combine_values!$D5) -> 0.0034819422 | AY5: =ABS(combine_values!AY5-combine_values!$B5) -> 0.0010378237 | AZ5: =ABS(combine_values!AZ5-combine_values!$C5) -> 0.0010378237 | BA5: =ABS(combine_values!BA5-combine_values!$D5) -> 0.0010378237 | BB5: =ABS(combine_values!BB5-combine_values!$B5) -> 0.00089389381 | BC5: =ABS(combine_values!BC5-combine_values!$C5) -> 0.00089389381 | BD5: =ABS(combine_values!BD5-combine_values!$D5) -> 0.00089389381 | BE5: =ABS(combine_values!BE5-combine_values!$B5) -> 0.0022440904 | BF5: =ABS(combine_values!BF5-combine_values!$C5) -> 0.0022440904 | BG5: =ABS(combine_values!BG5-combine_values!$D5) -> 0.0022440904 | BH5: =ABS(combine_values!BH5-combine_values!$B5) -> 0.0039266748 | BI5: =ABS(combine_values!BI5-combine_values!$C5) -> 0.0039266748 | BJ5: =ABS(combine_values!BJ5-combine_values!$D5) -> 0.0039266748 | BK5: =ABS(combine_values!BK5-combine_values!$B5) -> 0.0020866035 | BL5: =ABS(combine_values!BL5-combine_values!$C5) -> 0.0020866035 | BM5: =ABS(combine_values!BM5-combine_values!$D5) -> 0.0020866035 | BN5: =ABS(combine_values!BN5-combine_values!$B5) -> 0.0016525872 | BO5: =ABS(combine_values!BO5-combine_values!$C5) -> 0.0016525872 | BP5: =ABS(combine_values!BP5-combine_values!$D5) -> 0.0016525872 | BQ5: =ABS(combine_values!BQ5-combine_values!$B5) -> 0.0028143101 | BR5: =ABS(combine_values!BR5-combine_values!$C5) -> 0.0028143101 | BS5: =ABS(combine_values!BS5-combine_values!$D5) -> 0.0028143101 | BT5: =ABS(combine_values!BT5-combine_values!$B5) -> 0.0011841144 | BU5: =ABS(combine_values!BU5-combine_values!$C5) -> 0.0011841144 | BV5: =ABS(combine_values!BV5-combine_values!$D5) -> 0.0011841144 | BW5: =ABS(combine_values!BW5-combine_values!$B5) -> 0.00027144346 | BX5: =ABS(combine_values!BX5-combine_values!$C5) -> 0.00027144346 | BY5: =ABS(combine_values!BY5-combine_values!$D5) -> 0.00027144346 | BZ5: =ABS(combine_values!BZ5-combine_values!$B5) -> 0.0043533513 | CA5: =ABS(combine_values!CA5-combine_values!$C5) -> 0.0043533513 | CB5: =ABS(combine_values!CB5-combine_values!$D5) -> 0.0043533513 | CC5: =ABS(combine_values!CC5-combine_values!$B5) -> 0.0004680671 | CD5: =ABS(combine_values!CD5-combine_values!$C5) -> 0.0004680671 | CE5: =ABS(combine_values!CE5-combine_values!$D5) -> 0.0004680671 | CF5: =ABS(combine_values!CF5-combine_values!$B5) -> 0.0026331972 | CG5: =ABS(combine_values!CG5-combine_values!$C5) -> 0.0026331972 | CH5: =ABS(combine_values!CH5-combine_values!$D5) -> 0.0026331972 | CI5: =ABS(combine_values!CI5-combine_values!$B5) -> 0.0047116763 | CJ5: =ABS(combine_values!CJ5-combine_values!$C5) -> 0.0047116763 | CK5: =ABS(combine_values!CK5-combine_values!$D5) -> 0.0047116763
A6: BeH | B6: =OFFSET(wft_table!L$7,(ROW(wft_table!L3)-1)*4,0) -> 0.99368082 | C6: =OFFSET(wft_table!M$7,(ROW(wft_table!M3)-1)*4,0) -> 0.99368082 | D6: =OFFSET(wft_table!N$7,(ROW(wft_table!N3)-1)*4,0) -> 1.6258257 | F6: =ABS(combine_values!F6-combine_values!$B6) -> 0.0045318224 | G6: =ABS(combine_values!G6-combine_values!$C6) -> 0.0045318224 | H6: =ABS(combine_values!H6-combine_values!$D6) -> 0.020718989 | I6: =ABS(combine_values!I6-combine_values!$B6) -> 0.0038271528 | J6: =ABS(combine_values!J6-combine_values!$C6) -> 0.0038271528 | K6: =ABS(combine_values!K6-combine_values!$D6) -> 0.0077430937 | L6: =ABS(combine_values!L6-combine_values!$B6) -> 0.00089628891 | M6: =ABS(combine_values!M6-combine_values!$C6) -> 0.00089628891 | N6: =ABS(combine_values!N6-combine_values!$D6) -> 0.0012525993 | O6: =ABS(combine_values!O6-combine_values!$B6) -> 0.045966654 | P6: =ABS(combine_values!P6-combine_values!$C6) -> 0.045966654 | Q6: =ABS(combine_values!Q6-combine_values!$D6) -> 0.022901523 | R6: =ABS(combine_values!R6-combine_values!$B6) -> 0.027335202 | S6: =ABS(combine_values!S6-combine_values!$C6) -> 0.027335202 | T6: =ABS(combine_values!T6-combine_values!$D6) -> 0.0028364778 | U6: =ABS(combine_values!U6-combine_values!$B6) -> 0.018309647 | V6: =ABS(combine_values!V6-combine_values!$C6) -> 0.018309647 | W6: =ABS(combine_values!W6-combine_values!$D6) -> 0.0035552443 | X6: =ABS(combine_values!X6-combine_values!$B6) -> 0.016117963 | Y6: =ABS(combine_values!Y6-combine_values!$C6) -> 0.016117963 | Z6: =ABS(combine_values!Z6-combine_values!$D6) -> 0.0037988033 | AA6: =ABS(combine_values!AA6-combine_values!$B6) -> 0.0096772137 | AB6: =ABS(combine_values!AB6-combine_values!$C6) -> 0.0096772137 | AC6: =ABS(combine_values!AC6-combine_values!$D6) -> 0.0077350113 | AD6: =ABS(combine_values!AD6-combine_values!$B6) -> 0.013087377 | AE6: =ABS(combine_values!AE6-combine_values!$C6) -> 0.013087377 | AF6: =ABS(combine_values!AF6-combine_values!$D6) -> 0.006589819 | AG6: =ABS(combine_values!AG6-combine_values!$B6) -> 0.016618498 | AH6: =ABS(combine_values!AH6-combine_values!$C6) -> 0.016618498 | AI6: =ABS(combine_values!AI6-combine_values!$D6) -> 0.0055401616 | AJ6: =ABS(combine_values!AJ6-combine_values!$B6) -> 0.033643544 | AK6: =ABS(combine_values!AK6-combine_values!$C6) -> 0.033643544 | AL6: =ABS(combine_values!AL6-combine_values!$D6) -> 0.016828101 | AM6: =ABS(combine_values!AM6-combine_values!$B6) -> 0.0097166459 | AN6: =ABS(combine_values!AN6-combine_values!$C6) -> 0.0097166459 | AO6: =ABS(combine_values!AO6-combine_values!$D6) -> 0.010160907 | AP6: =ABS(combine_values!AP6-combine_values!$B6) -> 0.0040968703 | AQ6: =ABS(combine_values!AQ6-combine_values!$C6) -> 0.0040968703 | AR6: =ABS(combine_values!AR6-combine_values!$D6) -> 0.0020153945 | AS6: =ABS(combine_values!AS6-combine_values!$B6) -> 0.00138089 | AT6: =ABS(combine_values!AT6-combine_values!$C6) -> 0.00138089 | AU6: =ABS(combine_values!AU6-combine_values!$D6) -> 0.0062567196 | AV6: =ABS(combine_values!AV6-combine_values!$B6) -> 0.02883414 | AW6: =ABS(combine_values!AW6-combine_values!$C6) -> 0.02883414 | AX6: =ABS(combine_values!AX6-combine_values!$D6) -> 0.024620706 | AY6: =ABS(combine_values!AY6-combine_values!$B6) -> 0.0045289538 | AZ6: =ABS(combine_values!AZ6-combine_values!$C6) -> 0.0045289538 | BA6: =ABS(combine_values!BA6-combine_values!$D6) -> 0.015022494 | BB6: =ABS(combine_values!BB6-combine_values!$B6) -> 0.0076374213 | BC6: =ABS(combine_values!BC6-combine_values!$C6) -> 0.0076374213 | BD6: =ABS(combine_values!BD6-combine_values!$D6) -> 0.0060163687 | BE6: =ABS(combine_values!BE6-combine_values!$B6) -> 0.0071026798 | BF6: =ABS(combine_values!BF6-combine_values!$C6) -> 0.0071026798 | BG6: =ABS(combine_values!BG6-combine_values!$D6) -> 0.0092547009 | BH6: =ABS(combine_values!BH6-combine_values!$B6) -> 0.0090620044 | BI6: =ABS(combine_values!BI6-combine_values!$C6) -> 0.0090620044 | BJ6: =ABS(combine_values!BJ6-combine_values!$D6) -> 0.0033061789 | BK6: =ABS(combine_values!BK6-combine_values!$B6) -> 0.013190758 | BL6: =ABS(combine_values!BL6-combine_values!$C6) -> 0.013190758 | BM6: =ABS(combine_values!BM6-combine_values!$D6) -> 0.0096431684 | BN6: =ABS(combine_values!BN6-combine_values!$B6) -> 0.0083202868 | BO6: =ABS(combine_values!BO6-combine_values!$C6) -> 0.0083202868 | BP6: =ABS(combine_values!BP6-combine_values!$D6) -> 0.0039305293 | BQ6: =ABS(combine_values!BQ6-combine_values!$B6) -> 0.01350084 | BR6: =ABS(combine_values!BR6-combine_values!$C6) -> 0.01350084 | BS6: =ABS(combine_values!BS6-combine_values!$D6) -> 0.0080653725 | BT6: =ABS(combine_values!BT6-combine_values!$B6) -> 0.039201019 | BU6: =ABS(combine_values!BU6-combine_values!$C6) -> 0.039201019 | BV6: =ABS(combine_values!BV6-combine_values!$D6) -> 0.0012237059 | BW6: =ABS(combine_values!BW6-combine_values!$B6) -> 0.0048789533 | BX6: =ABS(combine_values!BX6-combine_values!$C6) -> 0.0048789533 | BY6: =ABS(combine_values!BY6-combine_values!$D6) -> 0.0053544351 | BZ6: =ABS(combine_values!BZ6-combine_values!$B6) -> 0.008891458 | CA6: =ABS(combine_values!CA6-combine_values!$C6) -> 0.008891458 | CB6: =ABS(combine_values!CB6-combine_values!$D6) -> 0.00039081981 | CC6: =ABS(combine_values!CC6-combine_values!$B6) -> 0.0091213182 | CD6: =ABS(combine_values!CD6-combine_values!$C6) -> 0.0091213182 | CE6: =ABS(combine_values!CE6-combine_values!$D6) -> 0.0082661578 | CF6: =ABS(combine_values!CF6-combine_values!$B6) -> 0.0072661033 | CG6: =ABS(combine_values!CG6-combine_values!$C6) -> 0.0072661033 | CH6: =ABS(combine_values!CH6-combine_values!$D6) -> 0.0077080886 | CI6: =ABS(combine_values!CI6-combine_values!$B6) -> 0.031484642 | CJ6: =ABS(combine_values!CJ6-combine_values!$C6) -> 0.031484642 | CK6: =ABS(combine_values!CK6-combine_values!$D6) -> 0.0048774543
