Workbook

Sheet wft_table
A1: method | C1: HF | D1: HF | E1: HF | F1: MP2 | G1: MP2 | H1: MP2 | I1: CCSD | J1: CCSD | K1: CCSD | L1: CCSD\(T\) | M1: CCSD\(T\) | N1: CCSD\(T\)
A2: component | C2: XX | D2: YY | E2: ZZ | F2: XX | G2: YY | H2: ZZ | I2: XX | J2: YY | K2: ZZ | L2: XX | M2: YY | N2: ZZ
A3: molecule | B3: basis
A4: Ar | B4: 5Z | C4: 0.69439921 | D4: 0.69439921 | E4: 0.69439921 | F4: 0.69386453 | G4: 0.69386453 | H4: 0.69386453 | I4: 0.69292912 | J4: 0.69292912 | K4: 0.69292912 | L4: 0.6933419 | M4: 0.6933419 | N4: 0.6933419
A5: Ar | B5: QZ | C5: 0.69447654 | D5: 0.69447654 | E5: 0.69447654 | F5: 0.69438277 | G5: 0.69438277 | H5: 0.69438277 | I5: 0.69344405 | J5: 0.69344405 | K5: 0.69344405 | L5: 0.69388455 | M5: 0.69388455 | N5: 0.69388455
A6: Ar | B6: TZ | C6: 0.69479763 | D6: 0.69479763 | E6: 0.69479763 | F6: 0.69562777 | G6: 0.69562777 | H6: 0.69562777 | I6: 0.69500056 | J6: 0.69500056 | K6: 0.69500056 | L6: 0.69546603 | M6: 0.69546603 | N6: 0.69546603
A7: Ar | B7: CBS | C7: 0.69439922 | D7: 0.69439922 | E7: 0.69439922 | F7: 0.69340193 | G7: 0.69340193 | H7: 0.69340193 | I7: 0.69246999 | J7: 0.69246999 | K7: 0.69246999 | L7: 0.69285369 | M7: 0.69285369 | N7: 0.69285369
A8: Be | B8: 5Z | C8: 0 | D8: 0 | E8: 0 | F8: 0 | G8: 0 | H8: 0 | I8: 0 | J8: 0 | K8: 0 | L8: 0 | M8: 0 | N8: 0
A9: Be | B9: QZ | C9: 1.1867627 | D9: 1.222718 | E9: 1.1867627 | F9: 1.0685162 | G9: 1.2527829 | H9: 1.2527829 | I9: 1.1638899 | J9: 1.165489 | K9: 1.165489 | L9: 1.1641798 | M9: 1.1642013 | N9: 1.1642013
A10: Be | B10: TZ | C10: 1.2190795 | D10: 1.1870994 | E10: 1.1906873 | F10: 1.0726436 | G10: 1.2533066 | H10: 1.2533066 | I10: 1.1652638 | J10: 1.1666736 | K10: 1.1666736 | L10: 1.1656231 | M10: 1.1656767 | N10: 1.1656767
A11: Be | B11: CBS | C11: 0 | D11: 0 | E11: 0 | F11: 0 | G11: 0 | H11: 0 | I11: 0 | J11: 0 | K11: 0 | L11: 0 | M11: 0 | N11: 0
A12: BeH | B12: 5Z | C12: 0 | D12: 0 | E12: 0 | F12: 0 | G12: 0 | H12: 0 | I12: 0 | J12: 0 | K12: 0 | L12: 0 | M12: 0 | N12: 0
A13: BeH | B13: QZ | C13: 0.98912645 | D13: 0.98912645 | E13: 1.6467417 | F13: 0.99039465 | G13: 0.99039465 | H13: 1.6346673 | I13: 0.99330337 | J13: 0.99330337 | K13: 1.6278297 | L13: 0.99418891 | M13: 0.99418891 | N13: 1.6265946
A14: BeH | B14: TZ | C14: 0.98951722 | D14: 0.98951722 | E14: 1.6473933 | F14: 0.99193325 | G14: 0.99193325 | H14: 1.6390438 | I14: 0.99499326 | J14: 0.99499326 | K14: 1.6299186 | L14: 0.99587227 | M14: 0.99587227 | N14: 1.6288733
A15: BeH | B15: CBS | C15: 0 | D15: 0 | E15: 0 | F15: 0 | G15: 0 | H15: 0 | I15: 0 | J15: 0 | K15: 0 | L15: 0 | M15: 0 | N15: 0
... A30: BO | B30: TZ | C30: 0.76782817 | D30: 0.76782817 | E30: 1.3416501 | F30: 0.77367566 | G30: 0.77367566 | H30: 1.3473871 | I30: 0.77230486 | J30: 0.77230486 | K30: 1.3454676 | L30: 0.77347181 | M30: 0.77347181 | N30: 1.3471267
A31: BO | B31: CBS | C31: 0.76755999 | D31: 0.76755999 | E31: 1.3414078 | F31: =((F$29-C$29)*64-(F$30-C$30)*27)/(64-27)+C$31 -> 0.77143995 | G31: =((G$29-D$29)*64-(G$30-D$30)*27)/(64-27)+D$31 -> 0.77143995 | H31: =((H$29-E$29)*64-(H$30-E$30)*27)/(64-27)+E$31 -> 1.3457744 | I31: =((I$29-C$29)*64-(I$30-C$30)*27)/(64-27)+C$31 -> 0.76982316 | J31: =((J$29-D$29)*64-(J$30-D$30)*27)/(64-27)+D$31 -> 0.76982316 | K31: =((K$29-E$29)*64-(K$30-E$30)*27)/(64-27)+E$31 -> 1.3436379 | L31: =((L$29-C$29)*64-(L$30-C$30)*27)/(64-27)+C$31 -> 0.77094245 | M31: =((M$29-D$29)*64-(M$30-D$30)*27)/(64-27)+D$31 -> 0.77094245 | N31: =((N$29-E$29)*64-(N$30-E$30)*27)/(64-27)+E$31 -> 1.3452716
A32: BS | B32: 5Z | C32: 0.82972192 | D32: 0.82972192 | E32: 1.501898 | F32: 0.82594168 | G32: 0.82594168 | H32: 1.5007437 | I32: 0.82327663 | J32: 0.82327663 | K32: 1.5045359 | L32: 0.82284271 | M32: 0.82284271 | N32: 1.5065563
A33: BS | B33: QZ | C33: 0.82982645 | D33: 0.82982645 | E33: 1.5018733 | F33: 0.82660588 | G33: 0.82660588 | H33: 1.5301388 | I33: 0.82390108 | J33: 0.82390108 | K33: 1.5050078 | L33: 0.82350941 | M33: 0.82350941 | N33: 1.5070479
A34: BS | B34: TZ | C34: 0.83009306 | D34: 0.83009306 | E34: 1.5020054 | F34: 0.82818571 | G34: 0.82818571 | H34: 1.5029013 | I34: 0.82563317 | J34: 0.82563317 | K34: 1.5065338 | L34: 0.82534907 | M34: 0.82534907 | N34: 1.5086252
A35: BS | B35: CBS | C35: 0.82972192 | D35: 0.82972192 | E35: 1.501898 | F35: =((F$32-C$32)*125-(F$33-C$33)*64)/(125-64)+C$35 -> 0.82535449 | G35: =((G$32-D$32)*125-(G$33-D$33)*64)/(125-64)+D$35 -> 0.82535449 | H35: =((H$32-E$32)*125-(H$33-E$33)*64)/(125-64)+E$35 -> 1.469877 | I35: =((I$32-C$32)*125-(I$33-C$33)*64)/(125-64)+C$35 -> 0.82273115 | J35: =((J$32-D$32)*125-(J$33-D$33)*64)/(125-64)+D$35 -> 0.82273115 | K35: =((K$32-E$32)*125-(K$33-E$33)*64)/(125-64)+E$35 -> 1.5040148 | L35: =((L$32-C$32)*125-(L$33-C$33)*64)/(125-64)+C$35 -> 0.8222529 | M35: =((M$32-D$32)*125-(M$33-D$33)*64)/(125-64)+D$35 -> 0.8222529 | N35: =((N$32-E$32)*125-(N$33-E$33)*64)/(125-64)+E$35 -> 1.5060146
A36: C2H | B36: 5Z | C36: 0 | D36: 0 | E36: 0 | F36: 0 | G36: 0 | H36: 0 | I36: 0 | J36: 0 | K36: 0 | L36: 0 | M36: 0 | N36: 0
A37: C2H | B37: QZ | C37: 0.86066777 | D37: 0.86066777 | E37: 1.5450159 | F37: 0.87042058 | G37: 0.87042058 | H37: 1.5476203 | I37: 0.85555493 | J37: 0.85555493 | K37: 1.5573541 | L37: 0.85579766 | M37: 0.85579766 | N37: 1.5583959
A38: C2H | B38: TZ | C38: 0.86116599 | D38: 0.86116599 | E38: 1.5449312 | F38: 0.87170989 | G38: 0.87170989 | H38: 1.5487395 | I38: 0.85716282 | J38: 0.85716282 | K38: 1.5583182 | L38: 0.85754862 | M38: 0.85754862 | N38: 1.5593619
A39: C2H | B39: CBS | C39: 0.86066777 | D39: 0.86066777 | E39: 1.5450159 | F39: 0.86984329 | G39: 0.86984329 | H39: 1.5467418 | I39: 0.85474518 | J39: 0.85474518 | K39: 1.5565887 | L39: 0.8548835 | M39: 0.8548835 | N39: 1.5576292
A40: C2H2 | B40: 5Z | C40: 0 | D40: 0 | E40: 0 | F40: 0 | G40: 0 | H40: 0 | I40: 0 | J40: 0 | K40: 0 | L40: 0 | M40: 0 | N40: 0
A41: C2H2 | B41: QZ | C41: 0.86288526 | D41: 0.86288526 | E41: 1.6954865 | F41: 0.85162937 | G41: 0.85162937 | H41: 1.7023491 | I41: 0.85071886 | J41: 0.85071886 | K41: 1.7002814 | L41: 0.85076084 | M41: 0.85076084 | N41: 1.7016976
A42: C2H2 | B42: TZ | C42: 0.86326675 | D42: 0.86326675 | E42: 1.6954175 | F42: 0.85335331 | G42: 0.85335331 | H42: 1.70323 | I42: 0.85227285 | J42: 0.85227285 | K42: 1.7012683 | L42: 0.85242579 | M42: 0.85242579 | N42: 1.7027099
A43: C2H2 | B43: CBS | C43: 0.86288526 | D43: 0.86288526 | E43: 1.6954865 | F43: 0.85064974 | G43: 0.85064974 | H43: 1.701656 | I43: 0.84986325 | J43: 0.84986325 | K43: 1.6995109 | L43: 0.84982426 | M43: 0.84982426 | N43: 1.7009085
A44: CH3 | B44: 5Z | C44: 0 | D44: 0 | E44: 0 | F44: 0 | G44: 0 | H44: 0 | I44: 0 | J44: 0 | K44: 0 | L44: 0 | M44: 0 | N44: 0
A45: CH3 | B45: QZ | C45: 1.1350553 | D45: 1.1350355 | E45: 0.86410775 | F45: 1.1353807 | G45: 1.1353585 | H45: 0.87011882 | I45: 1.1345926 | J45: 1.1345729 | K45: 0.86619928 | L45: 1.1352486 | M45: 1.1352288 | N45: 0.86736259
A46: CH3 | B46: TZ | C46: 1.1350917 | D46: 1.1350719 | E46: 0.86460951 | F46: 1.1365617 | G46: 1.1365396 | H46: 0.87159885 | I46: 1.1358087 | J46: 1.1357866 | K46: 0.86781084 | L46: 1.1364958 | M46: 1.1364761 | N46: 0.86897199
A47: CH3 | B47: CBS | C47: 1.1350553 | D47: 1.1350355 | E47: 0.86410776 | F47: 1.1345454 | G47: 1.1345232 | H47: 0.86940495 | I47: 1.1337317 | J47: 1.1337138 | K47: 0.86538943 | L47: 1.134365 | M47: 1.1343453 | N47: 0.86655431
... A58: CO | B58: TZ | C58: 0.73670768 | D58: 0.73670768 | E58: 1.3288576 | F58: 0.74100377 | G58: 0.74100377 | H58: 1.3158997 | I58: 0.73836268 | J58: 0.73836268 | K58: 1.3261847 | L58: 0.73913619 | M58: 0.73913619 | N58: 1.3234634
A59: CO | B59: CBS | C59: 0.73651303 | D59: 0.73651303 | E59: 1.3284592 | F59: =((F$57-C$57)*64-(F$58-C$58)*27)/(64-27)+C$59 -> 0.73912672 | G59: =((G$57-D$57)*64-(G$58-D$58)*27)/(64-27)+D$59 -> 0.73912672 | H59: =((H$57-E$57)*64-(H$58-E$58)*27)/(64-27)+E$59 -> 1.3146839 | I59: =((I$57-C$57)*64-(I$58-C$58)*27)/(64-27)+C$59 -> 0.73632754 | J59: =((J$57-D$57)*64-(J$58-D$58)*27)/(64-27)+D$59 -> 0.73632754 | K59: =((K$57-E$57)*64-(K$58-E$58)*27)/(64-27)+E$59 -> 1.3223536 | L59: =((L$57-C$57)*64-(L$58-C$58)*27)/(64-27)+C$59 -> 0.7370531 | M59: =((M$57-D$57)*64-(M$58-D$58)*27)/(64-27)+D$59 -> 0.7370531 | N59: =((N$57-E$57)*64-(N$58-E$58)*27)/(64-27)+E$59 -> 1.3197891
A60: F2 | B60: 5Z | C60: 0 | D60: 0 | E60: 0 | F60: 0 | G60: 0 | H60: 0 | I60: 0 | J60: 0 | K60: 0 | L60: 0 | M60: 0 | N60: 0
A61: F2 | B61: QZ | C61: 0.62589639 | D61: 0.62589639 | E61: 1.4616053 | F61: 0.63342374 | G61: 0.63342374 | H61: 1.4666846 | I61: 0.63172653 | J61: 0.63172653 | K61: 1.4631311 | L61: 0.63298506 | M61: 0.63298506 | N61: 1.4630229
A62: F2 | B62: TZ | C62: 0.62673723 | D62: 0.62673723 | E62: 1.4616081 | F62: 0.63475549 | G62: 0.63475549 | H62: 1.4669204 | I62: 0.63329217 | J62: 0.63329217 | K62: 1.4634737 | L62: 0.63449943 | M62: 0.63449943 | N62: 1.4634101
A63: F2 | B63: CBS | C63: 0.62589639 | D63: 0.62589639 | E63: 1.4616053 | F63: 0.63306551 | G63: 0.63306551 | H63: 1.4665146 | I63: 0.63119763 | J63: 0.63119763 | K63: 1.4628831 | L63: 0.63249356 | M63: 0.63249356 | N63: 1.4627423
A64: H | B64: 5Z | C64: 1.0000626 | D64: 1.0000626 | E64: 1.0000626 | F64: 1.0000758 | G64: 1.0000758 | H64: 1.0000758 | I64: 1.0000758 | J64: 1.0000758 | K64: 1.0000758 | L64: 1.0000758 | M64: 1.0000758 | N64: 1.0000758
A65: H | B65: QZ | C65: 1.0005457 | D65: 1.0005457 | E65: 1.0005457 | F65: 1.0005506 | G65: 1.0005506 | H65: 1.0005506 | I65: 1.0005506 | J65: 1.0005506 | K65: 1.0005506 | L65: 1.0005506 | M65: 1.0005506 | N65: 1.0005506
A66: H | B66: TZ | C66: 1.0013999 | D66: 1.0013999 | E66: 1.0013999 | F66: 1.0013749 | G66: 1.0013749 | H66: 1.0013749 | I66: 1.0013749 | J66: 1.0013749 | K66: 1.0013749 | L66: 1.0013749 | M66: 1.0013749 | N66: 1.0013749
A67: H | B67: CBS | C67: 1.0000626 | D67: 1.0000626 | E67: 1.0000626 | F67: 1.0000845 | G67: 1.0000845 | H67: 1.0000845 | I67: 1.0000845 | J67: 1.0000845 | K67: 1.0000845 | L67: 1.0000845 | M67: 1.0000845 | N67: 1.0000845
A68: H2 | B68: 5Z | C68: 0.88164914 | D68: 0.88164914 | E68: 1.0103988 | F68: 0.87527208 | G68: 0.87527208 | H68: 1.0102267 | I68: 0.87307 | J68: 0.87307 | K68: 1.0122046 | L68: 0.87307 | M68: 0.87307 | N68: 1.0122046
A69: H2 | B69: QZ | C69: 0.88202853 | D69: 0.88202853 | E69: 1.0103988 | F69: 0.87592878 | G69: 0.87592878 | H69: 1.0105608 | I69: 0.87367112 | J69: 0.87367112 | K69: 1.0124639 | L69: 0.87367112 | M69: 0.87367112 | N69: 1.0124639
A70: H2 | B70: TZ | C70: 0.88318678 | D70: 0.88318678 | E70: 1.010362 | F70: 0.87778199 | G70: 0.87778199 | H70: 1.0114633 | I70: 0.87545772 | J70: 0.87545772 | K70: 1.0132414 | L70: 0.87545772 | M70: 0.87545772 | N70: 1.0132414
A71: H2 | B71: CBS | C71: 0.88164914 | D71: 0.88164914 | E71: 1.0103988 | F71: 0.87498115 | G71: 0.87498115 | H71: 1.0098763 | I71: 0.87283736 | J71: 0.87283736 | K71: 1.0119325 | L71: 0.87283736 | M71: 0.87283736 | N71: 1.0119325
A72: H2O | B72: 5Z | C72: 0.74927092 | D72: 0.85118481 | E72: 0.80874911 | F72: 0.76148272 | G72: 0.85817683 | H72: 0.8184 | I72: 0.75568572 | J72: 0.85609139 | K72: 0.81436887 | L72: 0.75758558 | M72: 0.85753569 | N72: 0.81607811
A73: H2O | B73: QZ | C73: 0.74938999 | D73: 0.85129835 | E73: 0.80881422 | F73: 0.76194221 | G73: 0.8587185 | H73: 0.8188467 | I73: 0.75622147 | J73: 0.85662271 | K73: 0.81482636 | L73: 0.75811669 | M73: 0.85807777 | N73: 0.81654132 | T73: 0.761014 | U73: 0.761014 | V73: 1.596252 | W73: 0.766903 | X73: 0.766903 | Y73: 1.598887 | Z73: 0.763161 | AA73: 0.763161 | AB73: 1.5967 | AC73: 0.764286 | AD73: 0.764286 | AE73: 1.597599
A74: H2O | B74: TZ | C74: 0.74966277 | D74: 0.85151666 | E74: 0.80906204 | F74: 0.76307007 | G74: 0.85997527 | H74: 0.8199524 | I74: 0.75760208 | J74: 0.85806612 | K74: 0.81615521 | L74: 0.75948398 | M74: 0.85954783 | N74: 0.81786626 | T74: 0.761262 | U74: 0.761262 | V74: 1.596361 | W74: 0.768257 | X74: 0.768257 | Y74: 1.599782 | Z74: 0.764681 | AA74: 0.764681 | AB74: 1.597664 | AC74: 0.765833 | AD74: 0.765833 | AE74: 1.598608
A75: H2O | B75: CBS | C75: 0.74927092 | D75: 0.85118481 | E75: 0.80874911 | F75: 0.76112554 | G75: 0.85772764 | H75: 0.81799964 | I75: 0.75524855 | J75: 0.85565306 | K75: 0.81395718 | L75: 0.75715327 | M75: 0.85708608 | N75: 0.81566043
A76: HBO | B76: 5Z | C76: 0 | D76: 0 | E76: 0 | F76: 0 | G76: 0 | H76: 0 | I76: 0 | J76: 0 | K76: 0 | L76: 0 | M76: 0 | N76: 0
A77: HBO | B77: QZ | C77: 0.761014 | D77: 0.761014 | E77: 1.596252 | F77: 0.766903 | G77: 0.766903 | H77: 1.598887 | I77: 0.763161 | J77: 0.763161 | K77: 1.5967 | L77: 0.764286 | M77: 0.764286 | N77: 1.597599
A78: HBO | B78: TZ | C78: 0.761262 | D78: 0.761262 | E78: 1.596361 | F78: 0.768257 | G78: 0.768257 | H78: 1.599782 | I78: 0.764681 | J78: 0.764681 | K78: 1.597664 | L78: 0.765833 | M78: 0.765833 | N78: 1.598608
A79: HBO | B79: CBS | C79: 0.76101382 | D79: 0.76101382 | E79: 1.596252 | F79: =((F$77-C$77)*64-(F$78-C$78)*27)/(64-27)+C$79 -> 0.76609574 | G79: =((G$77-D$77)*64-(G$78-D$78)*27)/(64-27)+D$79 -> 0.76609574 | H79: =((H$77-E$77)*64-(H$78-E$78)*27)/(64-27)+E$79 -> 1.5983135 | I79: =((I$77-C$77)*64-(I$78-C$78)*27)/(64-27)+C$79 -> 0.7622326 | J79: =((J$77-D$77)*64-(J$78-D$78)*27)/(64-27)+D$79 -> 0.7622326 | K79: =((K$77-E$77)*64-(K$78-E$78)*27)/(64-27)+E$79 -> 1.5960761 | L79: =((L$77-C$77)*64-(L$78-C$78)*27)/(64-27)+C$79 -> 0.7633379 | M79: =((M$77-D$77)*64-(M$78-D$78)*27)/(64-27)+D$79 -> 0.7633379 | N79: =((N$77-E$77)*64-(N$78-E$78)*27)/(64-27)+E$79 -> 1.5969423
A80: HCN | B80: 5Z | C80: 0 | D80: 0 | E80: 0 | F80: 0 | G80: 0 | H80: 0 | I80: 0 | J80: 0 | K80: 0 | L80: 0 | M80: 0 | N80: 0
A81: HCN | B81: QZ | C81: 0.79756065 | D81: 0.79756065 | E81: 1.507452 | F81: 0.7898356 | G81: 0.7898356 | H81: 1.5140436 | I81: 0.78958008 | J81: 0.78958008 | K81: 1.5116126 | L81: 0.78986726 | M81: 0.78986726 | N81: 1.5127993
A82: HCN | B82: TZ | C82: 0.79772377 | D82: 0.79772377 | E82: 1.5075147 | F82: 0.79115034 | G82: 0.79115034 | H82: 1.5148265 | I82: 0.79080267 | J82: 0.79080267 | K82: 1.5124027 | L82: 0.79117968 | M82: 0.79117968 | N82: 1.5136348
A83: HCN | B83: CBS | C83: 0.79756065 | D83: 0.79756065 | E83: 1.507452 | F83: 0.78899524 | G83: 0.78899524 | H83: 1.513518 | I83: 0.78880696 | J83: 0.78880696 | K83: 1.5110818 | L83: 0.78902857 | M83: 0.78902857 | N83: 1.5122353
A84: He | B84: 5Z | C84: 0.62855682 | D84: 0.62855682 | E84: 0.62855682 | F84: 0.62974251 | G84: 0.62974251 | H84: 0.62974251 | I84: 0.6310116 | J84: 0.6310116 | K84: 0.6310116 | L84: 0.6310116 | M84: 0.6310116 | N84: 0.6310116
A85: He | B85: QZ | C85: 0.62870466 | D85: 0.62870466 | E85: 0.62870466 | F85: 0.63007986 | G85: 0.63007986 | H85: 0.63007986 | I85: 0.63134827 | J85: 0.63134827 | K85: 0.63134827 | L85: 0.63134827 | M85: 0.63134827 | N85: 0.63134827
A86: He | B86: TZ | C86: 0.62902978 | D86: 0.62902978 | E86: 0.62902978 | F86: 0.63099179 | G86: 0.63099179 | H86: 0.63099179 | I86: 0.63223859 | J86: 0.63223859 | K86: 0.63223859 | L86: 0.63223859 | M86: 0.63223859 | N86: 0.63223859
A87: He | B87: CBS | C87: 0.62855682 | D87: 0.62855682 | E87: 0.62855682 | F87: =((F$84-C$84)*125-(F$85-C$85)*64)/(125-64)+$C87 -> 0.62954368 | G87: =((G$84-D$84)*125-(G$85-D$85)*64)/(125-64)+$C87 -> 0.62954368 | H87: =((H$84-E$84)*125-(H$85-E$85)*64)/(125-64)+$C87 -> 0.62954368 | I87: =((I$84-C$84)*125-(I$85-C$85)*64)/(125-64)+$C87 -> 0.63081348 | J87: =((J$84-D$84)*125-(J$85-D$85)*64)/(125-64)+$C87 -> 0.63081348 | K87: =((K$84-E$84)*125-(K$85-E$85)*64)/(125-64)+$C87 -> 0.63081348 | L87: =((L$84-C$84)*125-(L$85-C$85)*64)/(125-64)+$C87 -> 0.63081348 | M87: =((M$84-D$84)*125-(M$85-D$85)*64)/(125-64)+$C87 -> 0.63081348 | N87: =((N$84-E$84)*125-(N$85-E$85)*64)/(125-64)+$C87 -> 0.63081348
A88: HF | B88: 5Z | C88: 0.65013963 | D88: 0.65013963 | E88: 0.72587231 | F88: 0.66042085 | G88: 0.66042085 | H88: 0.73482876 | I88: 0.65638837 | J88: 0.65638837 | K88: 0.73260684 | L88: 0.65787969 | M88: 0.65787969 | N88: 0.73407314
A89: HF | B89: QZ | C89: 0.65039689 | D89: 0.65039689 | E89: 0.72594612 | F89: 0.66090521 | G89: 0.66090521 | H89: 0.7352442 | I89: 0.65697084 | J89: 0.65697084 | K89: 0.73304692 | L89: 0.65844566 | M89: 0.65844566 | N89: 0.73451565
A90: HF | B90: TZ | C90: 0.65076829 | D90: 0.65076829 | E90: 0.7262937 | F90: 0.66187665 | G90: 0.66187665 | H90: 0.72306419 | I90: 0.65822161 | J90: 0.65822161 | K90: 0.72104217 | L90: 0.65965953 | M90: 0.65965953 | N90: 0.72263879
A91: HF | B91: CBS | C91: 0.65013963 | D91: 0.65013963 | E91: 0.72587231 | F91: 0.66088377 | G91: 0.66088377 | H91: 0.73500084 | I91: 0.6567797 | J91: 0.6567797 | K91: 0.73276095 | L91: 0.65828307 | M91: 0.65828307 | N91: 0.73422547
A92: HNC | B92: 5Z | C92: 0 | D92: 0 | E92: 0 | F92: 0 | G92: 0 | H92: 0 | I92: 0 | J92: 0 | K92: 0 | L92: 0 | M92: 0 | N92: 0
A93: HNC | B93: QZ | C93: 0.804076 | D93: 0.804076 | E93: 1.491673 | F93: 0.80273703 | G93: 0.80273703 | H93: 1.4954364 | I93: 0.80052725 | J93: 0.80052725 | K93: 1.4929825 | L93: 0.80103346 | M93: 0.80103346 | N93: 1.4940655
A94: HNC | B94: TZ | C94: 0.80429062 | D94: 0.80429062 | E94: 1.4917923 | F94: 0.80406842 | G94: 0.80406842 | H94: 1.4963593 | I94: 0.80185118 | J94: 0.80185118 | K94: 1.4939893 | L94: 0.80241441 | M94: 0.80241441 | N94: 1.4951118
A95: HNC | B95: CBS | C95: 0.804076 | D95: 0.804076 | E95: 1.491673 | F95: 0.80192209 | G95: 0.80192209 | H95: 1.49485 | I95: 0.79971776 | J95: 0.79971776 | K95: 1.492335 | L95: 0.80018234 | M95: 0.80018234 | N95: 1.4933891
A96: LiBH4 | B96: 5Z | C96: 0 | D96: 0 | E96: 0 | F96: 0 | G96: 0 | H96: 0 | I96: 0 | J96: 0 | K96: 0 | L96: 0 | M96: 0 | N96: 0
A97: LiBH4 | B97: QZ | C97: 0 | D97: 0 | E97: 0 | F97: 0 | G97: 0 | H97: 0 | I97: 0 | J97: 0 | K97: 0 | L97: 0 | M97: 0 | N97: 0
A98: LiBH4 | B98: TZ | C98: 1.2079844 | D98: 1.2079764 | E98: 1.8169405 | F98: 1.2073493 | G98: 1.2073397 | H98: 1.8181766 | I98: 1.2059629 | J98: 1.2059532 | K98: 1.8170658 | L98: 1.2065104 | M98: 1.2065025 | N98: 1.8176435
A99: LiBH4 | B99: CBS | C99: 0 | D99: 0 | E99: 0 | F99: 0 | G99: 0 | H99: 0 | I99: 0 | J99: 0 | K99: 0 | L99: 0 | M99: 0 | N99: 0
... A118: Ne | B118: TZ | C118: 0.55986597 | D118: 0.55986597 | E118: 0.55986597 | F118: 0.56743327 | G118: 0.56743327 | H118: 0.56743327 | I118: 0.56568146 | J118: 0.56568146 | K118: 0.56568146 | L118: 0.56653377 | M118: 0.56653377 | N118: 0.56653377
A119: Ne | B119: CBS | C119: 0.55899548 | D119: 0.55899548 | E119: 0.55899548 | F119: 0.56586094 | G119: 0.56586094 | H119: 0.56586094 | I119: =((I116-C116)*125-(I117-C117)*64)/(125-64)+C119 -> 0.56370876 | J119: =((J116-D116)*125-(J117-D117)*64)/(125-64)+D119 -> 0.56370876 | K119: =((K116-E116)*125-(K117-E117)*64)/(125-64)+E119 -> 0.56370876 | L119: =((L116-C116)*125-(L117-C117)*64)/(125-64)+C119 -> 0.56464076 | M119: =((M116-D116)*125-(M117-D117)*64)/(125-64)+D119 -> 0.56464076 | N119: =((N116-E116)*125-(N117-E117)*64)/(125-64)+E119 -> 0.56464076
A120: NH3 | B120: 5Z | C120: 0 | D120: 0 | E120: 0 | F120: 0 | G120: 0 | H120: 0 | I120: 0 | J120: 0 | K120: 0 | L120: 0 | M120: 0 | N120: 0
A121: NH3 | B121: QZ | C121: 0.96615231 | D121: 0.96614515 | E121: 0.89049471 | F121: 0.97080928 | G121: 0.97080466 | H121: 0.90042466 | I121: 0.96867727 | J121: 0.96867522 | K121: 0.89488489 | L121: 0.96988435 | M121: 0.96987972 | N121: 0.89675367
A122: NH3 | B122: TZ | C122: 0.96635237 | D122: 0.96634905 | E122: 0.89061804 | F122: 0.97204972 | G122: 0.97204511 | H122: 0.90157839 | I122: 0.97002611 | J122: 0.97002148 | K122: 0.89619606 | L122: 0.97125468 | M122: 0.97125521 | N122: 0.89806596
A123: NH3 | B123: CBS | C123: 0.96615231 | D123: 0.96614515 | E123: 0.89049471 | F123: =((F$121-C$121)*64-(F$122-C$122)*27)/(64-27)+C$123 -> 0.97005008 | G123: =((G$121-D$121)*64-(G$122-D$122)*27)/(64-27)+D$123 -> 0.97004826 | H123: =((H$121-E$121)*64-(H$122-E$122)*27)/(64-27)+E$123 -> 0.89967275 | I123: =((I$121-C$121)*64-(I$122-C$122)*27)/(64-27)+C$123 -> 0.96783896 | J123: =((J$121-D$121)*64-(J$122-D$122)*27)/(64-27)+D$123 -> 0.9678416 | K123: =((K$121-E$121)*64-(K$122-E$122)*27)/(64-27)+E$123 -> 0.89401809 | L123: =((L$121-C$121)*64-(L$122-C$122)*27)/(64-27)+C$123 -> 0.96903036 | M123: =((M$121-D$121)*64-(M$122-D$122)*27)/(64-27)+D$123 -> 0.96902479 | N123: =((N$121-E$121)*64-(N$122-E$122)*27)/(64-27)+E$123 -> 0.89588605
A124: NH3O | B124: 5Z | C124: 0 | D124: 0 | E124: 0 | F124: 0 | G124: 0 | H124: 0 | I124: 0 | J124: 0 | K124: 0 | L124: 0 | M124: 0 | N124: 0
A125: NH3O | B125: QZ | C125: 0 | D125: 0 | E125: 0 | F125: 0 | G125: 0 | H125: 0 | I125: 0 | J125: 0 | K125: 0 | L125: 0 | M125: 0 | N125: 0
A126: NH3O | B126: TZ | C126: 0.86014526 | D126: 0.86014773 | E126: 1.5813552 | F126: 0.87094656 | G126: 0.87094978 | H126: 1.5861829 | I126: 0.86730945 | J126: 0.86731108 | K126: 1.5840058 | L126: 0.86930248 | M126: 0.8693073 | N126: 1.5850656
A127: NH3O | B127: CBS | C127: 0 | D127: 0 | E127: 0 | F127: 0 | G127: 0 | H127: 0 | I127: 0 | J127: 0 | K127: 0 | L127: 0 | M127: 0 | N127: 0
A128: O2 | B128: 5Z | C128: 0 | D128: 0 | E128: 0 | F128: 0 | G128: 0 | H128: 0 | I128: 0 | J128: 0 | K128: 0 | L128: 0 | M128: 0 | N128: 0
A129: O2 | B129: QZ | C129: 0.68389479 | D129: 0.68389479 | E129: 1.3342974 | F129: 0.68399844 | G129: 0.68399844 | H129: 1.3367661 | I129: 0.68449625 | J129: 0.68449625 | K129: 1.33573 | L129: 0.68516932 | M129: 0.68516932 | N129: 1.3362353
A130: O2 | B130: TZ | C130: 0.68449245 | D130: 0.68449245 | E130: 1.3344141 | F130: 0.68539961 | G130: 0.68539961 | H130: 1.3372195 | I130: 0.68600802 | J130: 0.68600802 | K130: 1.3363078 | L130: 0.68669553 | M130: 0.68669553 | N130: 1.3368327
A131: O2 | B131: CBS | C131: 0.68389479 | D131: 0.68389479 | E131: 1.3342974 | F131: 0.6834121 | G131: 0.6834121 | H131: 1.3365203 | I131: 0.6838292 | J131: 0.6838292 | K131: 1.3353936 | L131: 0.68449173 | M131: 0.68449173 | N131: 1.3358845
A132: OF | B132: 5Z | C132: 0.63516335 | D132: 0.66826671 | E132: 1.4334512 | F132: 0.66130272 | G132: 0.66129382 | H132: 1.4422656 | I132: 0.65856402 | J132: 0.65855286 | K132: 1.4352942 | L132: 0.66010524 | M132: 0.66009188 | N132: 1.4328846
A133: OF | B133: QZ | C133: 0.63548689 | D133: 0.66879005 | E133: 1.4334376 | F133: 0.66195619 | G133: 0.66194286 | H133: 1.4423933 | I133: 0.65929605 | J133: 0.65928267 | K133: 1.4353875 | L133: 0.66081553 | M133: 0.66080218 | N133: 1.4330316
A134: OF | B134: TZ | C134: 0.63607502 | D134: 0.66968207 | E134: 1.4335546 | F134: 0.64695492 | G134: 0.67911112 | H134: 1.4428115 | I134: 0.6440228 | J134: 0.6772658 | K134: 1.4357338 | L134: 0.64550078 | M134: 0.67873856 | N134: 1.4335349
A135: OF | B135: CBS | C135: 0.63516335 | D135: 0.66826671 | E135: 1.4334512 | F135: 0 | G135: 0 | H135: 0 | I135: 0 | J135: 0 | K135: 0 | L135: 0 | M135: 0 | N135: 0
... A163: SiO | B163: CBS | C163: 0 | D163: 0 | E163: 0 | F163: 0 | G163: 0 | H163: 0 | I163: 0 | J163: 0 | K163: 0 | L163: 0 | M163: 0 | N163: 0

Sheet dft_values
A1: method | B1: Slater | C1: Slater | D1: Slater | E1: SPW92 | F1: SPW92 | G1: SPW92 | H1: B97-D3 | I1: B97-D3 | J1: B97-D3 | K1: BLYP | L1: BLYP | M1: BLYP | N1: BPBE | O1: BPBE | P1: BPBE | Q1: mPW91 | R1: mPW91 | S1: mPW91 | T1: PBE | U1: PBE | V1: PBE | W1: B97M-rV | X1: B97M-rV | Y1: B97M-rV | Z1: B97M-V | AA1: B97M-V | AB1: B97M-V | AC1: M06-L | AD1: M06-L | AE1: M06-L | AF1: mBEEF | AG1: mBEEF | AH1: mBEEF | AI1: MGGA_MS2 | AJ1: MGGA_MS2 | AK1: MGGA_MS2 | AL1: MN15-L | AM1: MN15-L | AN1: MN15-L | AO1: revM06-L | AP1: revM06-L | AQ1: revM06-L | AR1: SCAN | AS1: SCAN | AT1: SCAN | AU1: TPSS | AV1: TPSS | AW1: TPSS | AX1: B3LYP | AY1: B3LYP | AZ1: B3LYP | BA1: B3LYP5 | BB1: B3LYP5 | BC1: B3LYP5 | BD1: M06-2X | BE1: M06-2X | BF1: M06-2X | BG1: PBE0 | BH1: PBE0 | BI1: PBE0 | BJ1: M08-HX | BK1: M08-HX | BL1: M08-HX | BM1: MN15 | BN1: MN15 | BO1: MN15 | BP1: SCAN0 | BQ1: SCAN0 | BR1: SCAN0 | BS1: CAM-B3LYP | BT1: CAM-B3LYP | BU1: CAM-B3LYP | BV1: wB97X-D | BW1: wB97X-D | BX1: wB97X-D | BY1: wB97X-V | BZ1: wB97X-V | CA1: wB97X-V | CB1: wB97M-V | CC1: wB97M-V | CD1: wB97M-V
A2: component | B2: XX | C2: YY | D2: ZZ | E2: XX | F2: YY | G2: ZZ | H2: XX | I2: YY | J2: ZZ | K2: XX | L2: YY | M2: ZZ | N2: XX | O2: YY | P2: ZZ | Q2: XX | R2: YY | S2: ZZ | T2: XX | U2: YY | V2: ZZ | W2: XX | X2: YY | Y2: ZZ | Z2: XX | AA2: YY | AB2: ZZ | AC2: XX | AD2: YY | AE2: ZZ | AF2: XX | AG2: YY | AH2: ZZ | AI2: XX | AJ2: YY | AK2: ZZ | AL2: XX | AM2: YY | AN2: ZZ | AO2: XX | AP2: YY | AQ2: ZZ | AR2: XX | AS2: YY | AT2: ZZ | AU2: XX | AV2: YY | AW2: ZZ | AX2: XX | AY2: YY | AZ2: ZZ | BA2: XX | BB2: YY | BC2: ZZ | BD2: XX | BE2: YY | BF2: ZZ | BG2: XX | BH2: YY | BI2: ZZ | BJ2: XX | BK2: YY | BL2: ZZ | BM2: XX | BN2: YY | BO2: ZZ | BP2: XX | BQ2: YY | BR2: ZZ | BS2: XX | BT2: YY | BU2: ZZ | BV2: XX | BW2: YY | BX2: ZZ | BY2: XX | BZ2: YY | CA2: ZZ | CB2: XX | CC2: YY | CD2: ZZ
A3: molecule
A4: Ar | B4: 0 | C4: 0 | D4: 0 | E4: 0 | F4: 0 | G4: 0 | H4: 0 | I4: 0 | J4: 0 | K4: 0.6990825 | L4: 0.6990825 | M4: 0.6990825 | N4: 0.69502052 | O4: 0.69502052 | P4: 0.69502052 | Q4: 0.69601821 | R4: 0.69601821 | S4: 0.69601821 | T4: 0 | U4: 0 | V4: 0 | W4: 0 | X4: 0 | Y4: 0 | Z4: 0 | AA4: 0 | AB4: 0 | AC4: 0 | AD4: 0 | AE4: 0 | AF4: 0.69100341 | AG4: 0.69100341 | AH4: 0.69100341 | AI4: 0 | AJ4: 0 | AK4: 0 | AL4: 0 | AM4: 0 | AN4: 0 | AO4: 0 | AP4: 0 | AQ4: 0 | AR4: 0 | AS4: 0 | AT4: 0 | AU4: 0.69509778 | AV4: 0.69509778 | AW4: 0.69509778 | AX4: 0.69678036 | AY4: 0.69678036 | AZ4: 0.69678036 | BA4: 0.69692854 | BB4: 0.69692854 | BC4: 0.69692854 | BD4: 0 | BE4: 0 | BF4: 0 | BG4: 0 | BH4: 0 | BI4: 0 | BJ4: 0 | BK4: 0 | BL4: 0 | BM4: 0 | BN4: 0 | BO4: 0 | BP4: 0 | BQ4: 0 | BR4: 0 | BS4: 0 | BT4: 0 | BU4: 0 | BV4: 0 | BW4: 0 | BX4: 0 | BY4: 0.69548688 | BZ4: 0.69548688 | CA4: 0.69548688 | CB4: 0 | CC4: 0 | CD4: 0
A5: Be | B5: 1.222163 | C5: 1.222163 | D5: 1.222163 | E5: 0 | F5: 0 | G5: 0 | H5: 1.1888048 | I5: 1.1888048 | J5: 1.1888048 | K5: 0 | L5: 0 | M5: 0 | N5: 0 | O5: 0 | P5: 0 | Q5: 0 | R5: 0 | S5: 0 | T5: 1.18255 | U5: 1.18255 | V5: 1.18255 | W5: 0 | X5: 0 | Y5: 0 | Z5: 0 | AA5: 0 | AB5: 0 | AC5: 1.1778174 | AD5: 1.1778174 | AE5: 1.1778174 | AF5: 0 | AG5: 0 | AH5: 0 | AI5: 1.1765226 | AJ5: 1.1765226 | AK5: 1.1765226 | AL5: 1.2174699 | AM5: 1.2174699 | AN5: 1.2174699 | AO5: 1.1858148 | AP5: 1.1858148 | AQ5: 1.1858148 | AR5: 0 | AS5: 0 | AT5: 0 | AU5: 0 | AV5: 0 | AW5: 0 | AX5: 0 | AY5: 0 | AZ5: 0 | BA5: 0 | BB5: 0 | BC5: 0 | BD5: 1.1770596 | BE5: 1.1770596 | BF5: 1.1770596 | BG5: 0 | BH5: 0 | BI5: 0 | BJ5: 0 | BK5: 0 | BL5: 0 | BM5: 1.2026394 | BN5: 1.2026394 | BO5: 1.2026394 | BP5: 0 | BQ5: 0 | BR5: 0 | BS5: 1.1837753 | BT5: 1.1837753 | BU5: 1.1837753 | BV5: 0 | BW5: 0 | BX5: 0 | BY5: 0 | BZ5: 0 | CA5: 0 | CB5: 0 | CC5: 0 | CD5: 0
A6: BeH | B6: 1.0396475 | C6: 1.0396475 | D6: 1.6487272 | E6: 0 | F6: 0 | G6: 0 | H6: 1.0119905 | I6: 1.0119905 | J6: 1.6222705 | K6: 1.0097988 | L6: 1.0097988 | M6: 1.6220269 | N6: 1.003358 | O6: 1.003358 | P6: 1.6180907 | Q6: 1.0067682 | R6: 1.0067682 | S6: 1.6192359 | T6: 0 | U6: 0 | V6: 0 | W6: 0 | X6: 0 | Y6: 0 | Z6: 0 | AA6: 0 | AB6: 0 | AC6: 0.98396417 | AD6: 0.98396417 | AE6: 1.6156648 | AF6: 0.99777769 | AG6: 0.99777769 | AH6: 1.6238103 | AI6: 0.99506171 | AJ6: 0.99506171 | AK6: 1.619569 | AL6: 1.022515 | AM6: 1.022515 | AN6: 1.6504464 | AO6: 0.99820977 | AP6: 0.99820977 | AQ6: 1.6408482 | AR6: 0 | AS6: 0 | AT6: 0 | AU6: 1.0007835 | AV6: 1.0007835 | AW6: 1.616571 | AX6: 1.0027428 | AY6: 1.0027428 | AZ6: 1.6225195 | BA6: 1.0037581 | BB6: 1.0037581 | BC6: 1.6230084 | BD6: 1.0068716 | BE6: 1.0068716 | BF6: 1.6161825 | BG6: 0 | BH6: 0 | BI6: 0 | BJ6: 0 | BK6: 0 | BL6: 0 | BM6: 1.0328818 | BN6: 1.0328818 | BO6: 1.6270494 | BP6: 0 | BQ6: 0 | BR6: 0 | BS6: 1.0025723 | BT6: 1.0025723 | BU6: 1.6254349 | BV6: 0 | BW6: 0 | BX6: 0 | BY6: 1.0009469 | BZ6: 1.0009469 | CA6: 1.6335338 | CB6: 0 | CC6: 0 | CD6: 0
A7: BeH2 | B7: 0.94719506 | C7: 0.94719506 | D7: 1.893168 | E7: 0 | F7: 0 | G7: 0 | H7: 0.9115222 | I7: 0.9115222 | J7: 1.8912197 | K7: 0.91563193 | L7: 0.91563193 | M7: 1.8910035 | N7: 0 | O7: 0 | P7: 0 | Q7: 0 | R7: 0 | S7: 0 | T7: 0 | U7: 0 | V7: 0 | W7: 0 | X7: 0 | Y7: 0 | Z7: 0 | AA7: 0 | AB7: 0 | AC7: 0.89443749 | AD7: 0.89443749 | AE7: 1.8851264 | AF7: 0 | AG7: 0 | AH7: 0 | AI7: 0.9036581 | AJ7: 0.9036581 | AK7: 1.8834067 | AL7: 0.91865159 | AM7: 0.91865159 | AN7: 1.917911 | AO7: 0.8996383 | AP7: 0.8996383 | AQ7: 1.9102882 | AR7: 0 | AS7: 0 | AT7: 0 | AU7: 0 | AV7: 0 | AW7: 0 | AX7: 0 | AY7: 0 | AZ7: 0 | BA7: 0 | BB7: 0 | BC7: 0 | BD7: 0.90832198 | BE7: 0.90832198 | BF7: 1.8836567 | BG7: 0 | BH7: 0 | BI7: 0 | BJ7: 0 | BK7: 0 | BL7: 0 | BM7: 0.91536123 | BN7: 0.91536123 | BO7: 1.9019803 | BP7: 0 | BQ7: 0 | BR7: 0 | BS7: 0.91240539 | BT7: 0.91240539 | BU7: 1.8910887 | BV7: 0 | BW7: 0 | BX7: 0 | BY7: 0 | BZ7: 0 | CA7: 0 | CB7: 0 | CC7: 0 | CD7: 0
A8: BF | B8: 0.77247994 | C8: 0.77247994 | D8: 1.4444191 | E8: 0 | F8: 0 | G8: 0 | H8: 0.7532669 | I8: 0.7532669 | J8: 1.4383296 | K8: 0.7582629 | L8: 0.7582629 | M8: 1.4395646 | N8: 0 | O8: 0 | P8: 0 | Q8: 0 | R8: 0 | S8: 0 | T8: 0 | U8: 0 | V8: 0 | W8: 0 | X8: 0 | Y8: 0 | Z8: 0 | AA8: 0 | AB8: 0 | AC8: 0.74378129 | AD8: 0.74378129 | AE8: 1.4366986 | AF8: 0 | AG8: 0 | AH8: 0 | AI8: 0.74953525 | AJ8: 0.74953525 | AK8: 1.4386869 | AL8: 0.75746057 | AM8: 0.75746057 | AN8: 1.4462153 | AO8: 0.74475882 | AP8: 0.74475882 | AQ8: 1.4446815 | AR8: 0 | AS8: 0 | AT8: 0 | AU8: 0 | AV8: 0 | AW8: 0 | AX8: 0 | AY8: 0 | AZ8: 0 | BA8: 0 | BB8: 0 | BC8: 0 | BD8: 0.74975485 | BE8: 0.74975485 | BF8: 1.4367377 | BG8: 0 | BH8: 0 | BI8: 0 | BJ8: 0 | BK8: 0 | BL8: 0 | BM8: 0.75258274 | BN8: 0.75258274 | BO8: 1.4380334 | BP8: 0 | BQ8: 0 | BR8: 0 | BS8: 0.75320697 | BT8: 0.75320697 | BU8: 1.4407064 | BV8: 0 | BW8: 0 | BX8: 0 | BY8: 0 | BZ8: 0 | CA8: 0 | CB8: 0 | CC8: 0 | CD8: 0
A9: BH3 | B9: 1.3609008 | C9: 1.3608807 | D9: 0.84338232 | E9: 0 | F9: 0 | G9: 0 | H9: 1.3488594 | I9: 1.3488391 | J9: 0.81659324 | K9: 1.3520319 | L9: 1.3520116 | M9: 0.82146674 | N9: 1.3458555 | O9: 1.3458352 | P9: 0.81682082 | Q9: 1.3472497 | R9: 1.3472293 | S9: 0.81900808 | T9: 0 | U9: 0 | V9: 0 | W9: 0 | X9: 0 | Y9: 0 | Z9: 0 | AA9: 0 | AB9: 0 | AC9: 1.3433258 | AD9: 1.3433054 | AE9: 0.8037804 | AF9: 1.3479221 | AG9: 1.3478914 | AH9: 0.81189082 | AI9: 1.3443735 | AJ9: 1.3443359 | AK9: 0.81150727 | AL9: 1.3615733 | AM9: 1.3615532 | AN9: 0.82106502 | AO9: 1.3541954 | AP9: 1.3541752 | AQ9: 0.80793781 | AR9: 0 | AS9: 0 | AT9: 0 | AU9: 1.3462283 | AV9: 1.3462115 | AW9: 0.81278317 | AX9: 1.3492762 | AY9: 1.3492559 | AZ9: 0.81815092 | BA9: 1.3495689 | BB9: 1.3495486 | BC9: 0.81849162 | BD9: 1.3471013 | BE9: 1.347081 | BF9: 0.81863922 | BG9: 0 | BH9: 0 | BI9: 0 | BJ9: 0 | BK9: 0 | BL9: 0 | BM9: 1.3514578 | BN9: 1.3514376 | BO9: 0.82013636 | BP9: 0 | BQ9: 0 | BR9: 0 | BS9: 1.3499751 | BT9: 1.3499548 | BU9: 0.8211782 | BV9: 0 | BW9: 0 | BX9: 0 | BY9: 0 | BZ9: 0 | CA9: 0 | CB9: 0 | CC9: 0 | CD9: 0
A10: BO | B10: 0.78698471 | C10: 0.78698471 | D10: 1.3564866 | E10: 0.77789565 | F10: 0.77789565 | G10: 1.3490207 | H10: 0.77286166 | I10: 0.77286166 | J10: 1.3478662 | K10: 0 | L10: 0 | M10: 0 | N10: 0 | O10: 0 | P10: 0 | Q10: 0 | R10: 0 | S10: 0 | T10: 0.7758528 | U10: 0.7758528 | V10: 1.3484466 | W10: 0 | X10: 0 | Y10: 0 | Z10: 0 | AA10: 0 | AB10: 0 | AC10: 0.76392275 | AD10: 0.76392275 | AE10: 1.3436147 | AF10: 0 | AG10: 0 | AH10: 0 | AI10: 0.77021167 | AJ10: 0.77021167 | AK10: 1.3455 | AL10: 0.77783684 | AM10: 0.77783684 | AN10: 1.3475969 | AO10: 0.76673248 | AP10: 0.76673248 | AQ10: 1.3447858 | AR10: 0.77079434 | AS10: 0.77079434 | AT10: 1.343494 | AU10: 0 | AV10: 0 | AW10: 0 | AX10: 0 | AY10: 0 | AZ10: 0 | BA10: 0 | BB10: 0 | BC10: 0 | BD10: 0.77259522 | BE10: 0.77259522 | BF10: 1.3422314 | BG10: 0.77141363 | BH10: 0.77141363 | BI10: 1.3442355 | BJ10: 0 | BK10: 0 | BL10: 0 | BM10: 0.77451376 | BN10: 0.77451376 | BO10: 1.3423694 | BP10: 0.76901899 | BQ10: 0.76901899 | BR10: 1.3411026 | BS10: 0.77432913 | BT10: 0.77432913 | BU10: 1.3456458 | BV10: 0 | BW10: 0 | BX10: 0 | BY10: 0 | BZ10: 0 | CA10: 0 | CB10: 0 | CC10: 0 | CD10: 0
A11: BS | B11: 0.83499403 | C11: 0.83499403 | D11: 1.5164507 | E11: 0.82525736 | F11: 0.82525736 | G11: 1.5101725 | H11: 0 | I11: 0 | J11: 0 | K11: 0.8260292 | L11: 0.8260292 | M11: 1.510934 | N11: 0.82091301 | O11: 0.82091301 | P11: 1.5073817 | Q11: 0.82229408 | R11: 0.82229408 | S11: 1.5082435 | T11: 0.82352237 | U11: 0.82352237 | V11: 1.509216 | W11: 0 | X11: 0 | Y11: 0 | Z11: 0 | AA11: 0 | AB11: 0 | AC11: 0 | AD11: 0 | AE11: 0 | AF11: 0.81797511 | AG11: 0.81797511 | AH11: 1.5036399 | AI11: 0 | AJ11: 0 | AK11: 0 | AL11: 0 | AM11: 0 | AN11: 0 | AO11: 0 | AP11: 0 | AQ11: 0 | AR11: 0.82170186 | AS11: 0.82170186 | AT11: 1.5045637 | AU11: 0.82138512 | AV11: 0.82138512 | AW11: 1.5077407 | AX11: 0.82521232 | AY11: 0.82521232 | AZ11: 1.5070735 | BA11: 0.82549114 | BB11: 0.82549114 | BC11: 1.5072626 | BD11: 0 | BE11: 0 | BF11: 0 | BG11: 0.82305579 | BH11: 0.82305579 | BI11: 1.5048568 | BJ11: 0 | BK11: 0 | BL11: 0 | BM11: 0 | BN11: 0 | BO11: 0 | BP11: 0.82291168 | BQ11: 0.82291168 | BR11: 1.5022308 | BS11: 0 | BT11: 0 | BU11: 0 | BV11: 0 | BW11: 0 | BX11: 0 | BY11: 0.82530455 | BZ11: 0.82530455 | CA11: 1.5043921 | CB11: 0 | CC11: 0 | CD11: 0
A12: C2H | B12: 0.87268425 | C12: 0.87268425 | D12: 1.5542355 | E12: 0.8607774 | F12: 0.8607774 | G12: 1.5476206 | H12: 0.85644454 | I12: 0.85644454 | J12: 1.5465062 | K12: 0 | L12: 0 | M12: 0 | N12: 0 | O12: 0 | P12: 0 | Q12: 0.8570987 | R12: 0.8570987 | S12: 1.5468959 | T12: 0.85859539 | U12: 0.85859539 | V12: 1.5475259 | W12: 0.85936438 | X12: 0.85936438 | Y12: 1.544933 | Z12: 0.85928785 | AA12: 0.85928785 | AB12: 1.5449144 | AC12: 0.84767864 | AD12: 0.84767864 | AE12: 1.5427839 | AF12: 0.85298185 | AG12: 0.85298185 | AH12: 1.5428353 | AI12: 0.85478353 | AJ12: 0.85478353 | AK12: 1.5436219 | AL12: 0.86863468 | AM12: 0.86863468 | AN12: 1.5474372 | AO12: 0.85254257 | AP12: 0.85254257 | AQ12: 1.5424924 | AR12: 0.85613063 | AS12: 0.85613063 | AT12: 1.542885 | AU12: 0.85648461 | AV12: 0.85648461 | AW12: 1.5455952 | AX12: 0 | AY12: 0 | AZ12: 0 | BA12: 0 | BB12: 0 | BC12: 0 | BD12: 0.86057806 | BE12: 0.86057806 | BF12: 1.5440491 | BG12: 0.85803569 | BH12: 0.85803569 | BI12: 1.5433064 | BJ12: 0.8617668 | BK12: 0.8617668 | BL12: 1.5444026 | BM12: 0.85944091 | BN12: 0.85944091 | BO12: 1.5463041 | BP12: 0.85723548 | BQ12: 0.85723548 | BR12: 1.5411847 | BS12: 0.86152786 | BT12: 0.86152786 | BU12: 1.5455975 | BV12: 0.85749896 | BW12: 0.85749896 | BX12: 1.5420896 | BY12: 0.86076744 | BZ12: 0.86076744 | CA12: 1.5442492 | CB12: 0.86443384 | CC12: 0.86443384 | CD12: 1.5464392
A13: C2H2 | B13: 0.86817721 | C13: 0.86817721 | D13: 1.7087401 | E13: 0 | F13: 0 | G13: 0 | H13: 0.85132679 | I13: 0.85132679 | J13: 1.7037743 | K13: 0.85569464 | L13: 0.85569464 | M13: 1.7073643 | N13: 0 | O13: 0 | P13: 0 | Q13: 0 | R13: 0 | S13: 0 | T13: 0 | U13: 0 | V13: 0 | W13: 0 | X13: 0 | Y13: 0 | Z13: 0 | AA13: 0 | AB13: 0 | AC13: 0.8420976 | AD13: 0.8420976 | AE13: 1.7005998 | AF13: 0 | AG13: 0 | AH13: 0 | AI13: 0.84978774 | AJ13: 0.84978774 | AK13: 1.7009136 | AL13: 0.86242971 | AM13: 0.86242971 | AN13: 1.7052838 | AO13: 0.84664166 | AP13: 0.84664166 | AQ13: 1.7011665 | AR13: 0 | AS13: 0 | AT13: 0 | AU13: 0 | AV13: 0 | AW13: 0 | AX13: 0 | AY13: 0 | AZ13: 0 | BA13: 0 | BB13: 0 | BC13: 0 | BD13: 0.85449291 | BE13: 0.85449291 | BF13: 1.6998252 | BG13: 0 | BH13: 0 | BI13: 0 | BJ13: 0 | BK13: 0 | BL13: 0 | BM13: 0.85336728 | BN13: 0.85336728 | BO13: 1.7033051 | BP13: 0 | BQ13: 0 | BR13: 0 | BS13: 0.85644836 | BT13: 0.85644836 | BU13: 1.7018984 | BV13: 0 | BW13: 0 | BX13: 0 | BY13: 0 | BZ13: 0 | CA13: 0 | CB13: 0 | CC13: 0 | CD13: 0
A14: CH3 | B14: 1.1508656 | C14: 1.1508461 | D14: 0.89533522 | E14: 1.1406455 | F14: 1.1406258 | G14: 0.87982483 | H14: 0 | I14: 0 | J14: 0 | K14: 1.1429535 | L14: 1.1429338 | M14: 0.87559421 | N14: 1.1370186 | O14: 1.1369952 | P14: 0.86909324 | Q14: 1.138507 | R14: 1.1384873 | S14: 0.87112971 | T14: 1.1395586 | U14: 1.1395389 | V14: 0.87353032 | W14: 0 | X14: 0 | Y14: 0 | Z14: 0 | AA14: 0 | AB14: 0 | AC14: 0 | AD14: 0 | AE14: 0 | AF14: 1.1350371 | AG14: 1.1350173 | AH14: 0.85942021 | AI14: 0 | AJ14: 0 | AK14: 0 | AL14: 0 | AM14: 0 | AN14: 0 | AO14: 0 | AP14: 0 | AQ14: 0 | AR14: 1.134866 | AS14: 1.1348681 | AT14: 0.86338567 | AU14: 1.1371603 | AV14: 1.1371405 | AW14: 0.86653259 | AX14: 0 | AY14: 0 | AZ14: 0 | BA14: 1.1393774 | BB14: 1.1393541 | BC14: 0.87095426 | BD14: 0 | BE14: 0 | BF14: 0 | BG14: 1.1354991 | BH14: 1.1354794 | BI14: 0.86768534 | BJ14: 1.1387319 | BK14: 1.1387086 | BL14: 0.870959 | BM14: 0 | BN14: 0 | BO14: 0 | BP14: 1.1334238 | BQ14: 1.1334223 | BR14: 0.86223196 | BS14: 0 | BT14: 0 | BU14: 0 | BV14: 1.1342726 | BW14: 1.1342528 | BX14: 0.86576959 | BY14: 0 | BZ14: 0 | CA14: 0 | CB14: 0 | CC14: 0 | CD14: 0
A15: CH4 | B15: 1.1046643 | C15: 1.1046643 | D15: 1.1046643 | E15: 1.094495 | F15: 1.094495 | G15: 1.094495 | H15: 1.0907117 | I15: 1.0907117 | J15: 1.0907117 | K15: 0 | L15: 0 | M15: 0 | N15: 0 | O15: 0 | P15: 0 | Q15: 0 | R15: 0 | S15: 0 | T15: 1.0925914 | U15: 1.0925914 | V15: 1.0925914 | W15: 0 | X15: 0 | Y15: 0 | Z15: 0 | AA15: 0 | AB15: 0 | AC15: 1.0838429 | AD15: 1.0838429 | AE15: 1.0838429 | AF15: 0 | AG15: 0 | AH15: 0 | AI15: 1.088255 | AJ15: 1.088255 | AK15: 1.088255 | AL15: 1.0966225 | AM15: 1.0966225 | AN15: 1.0966225 | AO15: 1.0880876 | AP15: 1.0880876 | AQ15: 1.0880876 | AR15: 1.0886477 | AS15: 1.0886477 | AT15: 1.0886477 | AU15: 0 | AV15: 0 | AW15: 0 | AX15: 1.092343 | AY15: 1.092343 | AZ15: 1.092343 | BA15: 0 | BB15: 0 | BC15: 0 | BD15: 1.0910149 | BE15: 1.0910149 | BF15: 1.0910149 | BG15: 1.0891974 | BH15: 1.0891974 | BI15: 1.0891974 | BJ15: 0 | BK15: 0 | BL15: 0 | BM15: 1.0916928 | BN15: 1.0916928 | BO15: 1.0916928 | BP15: 1.087575 | BQ15: 1.087575 | BR15: 1.087575 | BS15: 1.0930132 | BT15: 1.0930132 | BU15: 1.0930132 | BV15: 0 | BW15: 0 | BX15: 0 | BY15: 0 | BZ15: 0 | CA15: 0 | CB15: 0 | CC15: 0 | CD15: 0
... A43: SiO | B43: 0 | C43: 0 | D43: 0 | E43: 0 | F43: 0 | G43: 0 | H43: 0 | I43: 0 | J43: 0 | K43: 0 | L43: 0 | M43: 0 | N43: 0 | O43: 0 | P43: 0 | Q43: 0 | R43: 0 | S43: 0 | T43: 0 | U43: 0 | V43: 0 | W43: 0 | X43: 0 | Y43: 0 | Z43: 0 | AA43: 0 | AB43: 0 | AC43: 0 | AD43: 0 | AE43: 0 | AF43: 0 | AG43: 0 | AH43: 0 | AI43: 0 | AJ43: 0 | AK43: 0 | AL43: 0 | AM43: 0 | AN43: 0 | AO43: 0 | AP43: 0 | AQ43: 0 | AR43: 0 | AS43: 0 | AT43: 0 | AU43: 0 | AV43: 0 | AW43: 0 | AX43: 0 | AY43: 0 | AZ43: 0 | BA43: 0 | BB43: 0 | BC43: 0 | BD43: 0 | BE43: 0 | BF43: 0 | BG43: 0 | BH43: 0 | BI43: 0 | BJ43: 0 | BK43: 0 | BL43: 0 | BM43: 0 | BN43: 0 | BO43: 0 | BP43: 0 | BQ43: 0 | BR43: 0 | BS43: 0 | BT43: 0 | BU43: 0 | BV43: 0 | BW43: 0 | BX43: 0 | BY43: 0 | BZ43: 0 | CA43: 0 | CB43: 0 | CC43: 0 | CD43: 0

Sheet combine_values
A1: method | B1: CCSD\(T\) | C1: CCSD\(T\) | D1: CCSD\(T\) | F1: HF | G1: HF | H1: HF | I1: MP2 | J1: MP2 | K1: MP2 | L1: CCSD | M1: CCSD | N1: CCSD | O1: Slater | P1: Slater | Q1: Slater | R1: SPW92 | S1: SPW92 | T1: SPW92 | U1: B97-D3 | V1: B97-D3 | W1: B97-D3 | X1: BLYP | Y1: BLYP | Z1: BLYP | AA1: BPBE | AB1: BPBE | AC1: BPBE | AD1: mPW91 | AE1: mPW91 | AF1: mPW91 | AG1: PBE | AH1: PBE | AI1: PBE | AJ1: B97M-rV | AK1: B97M-rV | AL1: B97M-rV | AM1: B97M-V | AN1: B97M-V | AO1: B97M-V | AP1: M06-L | AQ1: M06-L | AR1: M06-L | AS1: mBEEF | AT1: mBEEF | AU1: mBEEF | AV1: MGGA_MS2 | AW1: MGGA_MS2 | AX1: MGGA_MS2 | AY1: MN15-L | AZ1: MN15-L | BA1: MN15-L | BB1: revM06-L | BC1: revM06-L | BD1: revM06-L | BE1: SCAN | BF1: SCAN | BG1: SCAN | BH1: TPSS | BI1: TPSS | BJ1: TPSS | BK1: B3LYP | BL1: B3LYP | BM1: B3LYP | BN1: B3LYP5 | BO1: B3LYP5 | BP1: B3LYP5 | BQ1: M06-2X | BR1: M06-2X | BS1: M06-2X | BT1: PBE0 | BU1: PBE0 | BV1: PBE0 | BW1: M08-HX | BX1: M08-HX | BY1: M08-HX | BZ1: MN15 | CA1: MN15 | CB1: MN15 | CC1: SCAN0 | CD1: SCAN0 | CE1: SCAN0 | CF1: CAM-B3LYP | CG1: CAM-B3LYP | CH1: CAM-B3LYP | CI1: wB97X-D | CJ1: wB97X-D | CK1: wB97X-D | CL1: wB97X-V | CM1: wB97X-V | CN1: wB97X-V | CO1: wB97M-V | CP1: wB97M-V | CQ1: wB97M-V
A2: component | B2: XX | C2: YY | D2: ZZ | F2: XX | G2: YY | H2: ZZ | I2: XX | J2: YY | K2: ZZ | L2: XX | M2: YY | N2: ZZ | O2: XX | P2: YY | Q2: ZZ | R2: XX | S2: YY | T2: ZZ | U2: XX | V2: YY | W2: ZZ | X2: XX | Y2: YY | Z2: ZZ | AA2: XX | AB2: YY | AC2: ZZ | AD2: XX | AE2: YY | AF2: ZZ | AG2: XX | AH2: YY | AI2: ZZ | AJ2: XX | AK2: YY | AL2: ZZ | AM2: XX | AN2: YY | AO2: ZZ | AP2: XX | AQ2: YY | AR2: ZZ | AS2: XX | AT2: YY | AU2: ZZ | AV2: XX | AW2: YY | AX2: ZZ | AY2: XX | AZ2: YY | BA2: ZZ | BB2: XX | BC2: YY | BD2: ZZ | BE2: XX | BF2: YY | BG2: ZZ | BH2: XX | BI2: YY | BJ2: ZZ | BK2: XX | BL2: YY | BM2: ZZ | BN2: XX | BO2: YY | BP2: ZZ | BQ2: XX | BR2: YY | BS2: ZZ | BT2: XX | BU2: YY | BV2: ZZ | BW2: XX | BX2: YY | BY2: ZZ | BZ2: XX | CA2: YY | CB2: ZZ | CC2: XX | CD2: YY | CE2: ZZ | CF2: XX | CG2: YY | CH2: ZZ | CI2: XX | CJ2: YY | CK2: ZZ | CL2: XX | CM2: YY | CN2: ZZ | CO2: XX | CP2: YY | CQ2: ZZ
A3: molecule
A4: Ar | B4: =OFFSET(wft_table!L$7,(ROW(wft_table!L1)-1)*4,0) -> 0.69285369 | C4: =OFFSET(wft_table!M$7,(ROW(wft_table!M1)-1)*4,0) -> 0.69285369 | D4: =OFFSET(wft_table!N$7,(ROW(wft_table!N1)-1)*4,0) -> 0.69285369 | F4: =OFFSET(wft_table!C$7,(ROW(wft_table!C1)-1)*4,0) -> 0.69439922 | G4: =OFFSET(wft_table!D$7,(ROW(wft_table!D1)-1)*4,0) -> 0.69439922 | H4: =OFFSET(wft_table!E$7,(ROW(wft_table!E1)-1)*4,0) -> 0.69439922 | I4: =OFFSET(wft_table!F$7,(ROW(wft_table!F1)-1)*4,0) -> 0.69340193 | J4: =OFFSET(wft_table!G$7,(ROW(wft_table!G1)-1)*4,0) -> 0.69340193 | K4: =OFFSET(wft_table!H$7,(ROW(wft_table!H1)-1)*4,0) -> 0.69340193 | L4: =OFFSET(wft_table!I$7,(ROW(wft_table!I1)-1)*4,0) -> 0.69246999 | M4: =OFFSET(wft_table!J$7,(ROW(wft_table!J1)-1)*4,0) -> 0.69246999 | N4: =OFFSET(wft_table!K$7,(ROW(wft_table!K1)-1)*4,0) -> 0.69246999 | O4: 0 | P4: 0 | Q4: 0 | R4: 0 | S4: 0 | T4: 0 | U4: 0 | V4: 0 | W4: 0 | X4: 0.6990825 | Y4: 0.6990825 | Z4: 0.6990825 | AA4: 0.69502052 | AB4: 0.69502052 | AC4: 0.69502052 | AD4: 0.69601821 | AE4: 0.69601821 | AF4: 0.69601821 | AG4: 0 | AH4: 0 | AI4: 0 | AJ4: 0 | AK4: 0 | AL4: 0 | AM4: 0 | AN4: 0 | AO4: 0 | AP4: 0 | AQ4: 0 | AR4: 0 | AS4: 0.69100341 | AT4: 0.69100341 | AU4: 0.69100341 | AV4: 0 | AW4: 0 | AX4: 0 | AY4: 0 | AZ4: 0 | BA4: 0 | BB4: 0 | BC4: 0 | BD4: 0 | BE4: 0 | BF4: 0 | BG4: 0 | BH4: 0.69509778 | BI4: 0.69509778 | BJ4: 0.69509778 | BK4: 0.69678036 | BL4: 0.69678036 | BM4: 0.69678036 | BN4: 0.69692854 | BO4: 0.69692854 | BP4: 0.69692854 | BQ4: 0 | BR4: 0 | BS4: 0 | BT4: 0 | BU4: 0 | BV4: 0 | BW4: 0 | BX4: 0 | BY4: 0 | BZ4: 0 | CA4: 0 | CB4: 0 | CC4: 0 | CD4: 0 | CE4: 0 | CF4: 0 | CG4: 0 | CH4: 0 | CI4: 0 | CJ4: 0 | CK4: 0 | CL4: 0.69548688 | CM4: 0.69548688 | CN4: 0.69548688 | CO4: 0 | CP4: 0 | CQ4: 0
A5: Be | B5: =OFFSET(wft_table!L$7,(ROW(wft_table!L2)-1)*4,0) -> 0 | C5: =OFFSET(wft_table!M$7,(ROW(wft_table!M2)-1)*4,0) -> 0 | D5: =OFFSET(wft_table!N$7,(ROW(wft_table!N2)-1)*4,0) -> 0 | F5: =OFFSET(wft_table!C$7,(ROW(wft_table!C2)-1)*4,0) -> 0 | G5: =OFFSET(wft_table!D$7,(ROW(wft_table!D2)-1)*4,0) -> 0 | H5: =OFFSET(wft_table!E$7,(ROW(wft_table!E2)-1)*4,0) -> 0 | I5: =OFFSET(wft_table!F$7,(ROW(wft_table!F2)-1)*4,0) -> 0 | J5: =OFFSET(wft_table!G$7,(ROW(wft_table!G2)-1)*4,0) -> 0 | K5: =OFFSET(wft_table!H$7,(ROW(wft_table!H2)-1)*4,0) -> 0 | L5: =OFFSET(wft_table!I$7,(ROW(wft_table!I2)-1)*4,0) -> 0 | M5: =OFFSET(wft_table!J$7,(ROW(wft_table!J2)-1)*4,0) -> 0 | N5: =OFFSET(wft_table!K$7,(ROW(wft_table!K2)-1)*4,0) -> 0 | O5: 1.222163 | P5: 1.222163 | Q5: 1.222163 | R5: 0 | S5: 0 | T5: 0 | U5: 1.1888048 | V5: 1.1888048 | W5: 1.1888048 | X5: 0 | Y5: 0 | Z5: 0 | AA5: 0 | AB5: 0 | AC5: 0 | AD5: 0 | AE5: 0 | AF5: 0 | AG5: 1.18255 | AH5: 1.18255 | AI5: 1.18255 | AJ5: 0 | AK5: 0 | AL5: 0 | AM5: 0 | AN5: 0 | AO5: 0 | AP5: 1.1778174 | AQ5: 1.1778174 | AR5: 1.1778174 | AS5: 0 | AT5: 0 | AU5: 0 | AV5: 1.1765226 | AW5: 1.1765226 | AX5: 1.1765226 | AY5: 1.2174699 | AZ5: 1.2174699 | BA5: 1.2174699 | BB5: 1.1858148 | BC5: 1.1858148 | BD5: 1.1858148 | BE5: 0 | BF5: 0 | BG5: 0 | BH5: 0 | BI5: 0 | BJ5: 0 | BK5: 0 | BL5: 0 | BM5: 0 | BN5: 0 | BO5: 0 | BP5: 0 | BQ5: 1.1770596 | BR5: 1.1770596 | BS5: 1.1770596 | BT5: 0 | BU5: 0 | BV5: 0 | BW5: 0 | BX5: 0 | BY5: 0 | BZ5: 1.2026394 | CA5: 1.2026394 | CB5: 1.2026394 | CC5: 0 | CD5: 0 | CE5: 0 | CF5: 1.1837753 | CG5: 1.1837753 | CH5: 1.1837753 | CI5: 0 | CJ5: 0 | CK5: 0 | CL5: 0 | CM5: 0 | CN5: 0 | CO5: 0 | CP5: 0 | CQ5: 0
A6: BeH | B6: =OFFSET(wft_table!L$7,(ROW(wft_table!L3)-1)*4,0) -> 0 | C6: =OFFSET(wft_table!M$7,(ROW(wft_table!M3)-1)*4,0) -> 0 | D6: =OFFSET(wft_table!N$7,(ROW(wft_table!N3)-1)*4,0) -> 0 | F6: =OFFSET(wft_table!C$7,(ROW(wft_table!C3)-1)*4,0) -> 0 | G6: =OFFSET(wft_table!D$7,(ROW(wft_table!D3)-1)*4,0) -> 0 | H6: =OFFSET(wft_table!E$7,(ROW(wft_table!E3)-1)*4,0) -> 0 | I6: =OFFSET(wft_table!F$7,(ROW(wft_table!F3)-1)*4,0) -> 0 | J6: =OFFSET(wft_table!G$7,(ROW(wft_table!G3)-1)*4,0) -> 0 | K6: =OFFSET(wft_table!H$7,(ROW(wft_table!H3)-1)*4,0) -> 0 | L6: =OFFSET(wft_table!I$7,(ROW(wft_table!I3)-1)*4,0) -> 0 | M6: =OFFSET(wft_table!J$7,(ROW(wft_table!J3)-1)*4,0) -> 0 | N6: =OFFSET(wft_table!K$7,(ROW(wft_table!K3)-1)*4,0) -> 0 | O6: 1.0396475 | P6: 1.0396475 | Q6: 1.6487272 | R6: 0 | S6: 0 | T6: 0 | U6: 1.0119905 | V6: 1.0119905 | W6: 1.6222705 | X6: 1.0097988 | Y6: 1.0097988 | Z6: 1.6220269 | AA6: 1.003358 | AB6: 1.003358 | AC6: 1.6180907 | AD6: 1.0067682 | AE6: 1.0067682 | AF6: 1.6192359 | AG6: 0 | AH6: 0 | AI6: 0 | AJ6: 0 | AK6: 0 | AL6: 0 | AM6: 0 | AN6: 0 | AO6: 0 | AP6: 0.98396417 | AQ6: 0.98396417 | AR6: 1.6156648 | AS6: 0.99777769 | AT6: 0.99777769 | AU6: 1.6238103 | AV6: 0.99506171 | AW6: 0.99506171 | AX6: 1.619569 | AY6: 1.022515 | AZ6: 1.022515 | BA6: 1.6504464 | BB6: 0.99820977 | BC6: 0.99820977 | BD6: 1.6408482 | BE6: 0 | BF6: 0 | BG6: 0 | BH6: 1.0007835 | BI6: 1.0007835 | BJ6: 1.616571 | BK6: 1.0027428 | BL6: 1.0027428 | BM6: 1.6225195 | BN6: 1.0037581 | BO6: 1.0037581 | BP6: 1.6230084 | BQ6: 1.0068716 | BR6: 1.0068716 | BS6: 1.6161825 | BT6: 0 | BU6: 0 | BV6: 0 | BW6: 0 | BX6: 0 | BY6: 0 | BZ6: 1.0328818 | CA6: 1.0328818 | CB6: 1.6270494 | CC6: 0 | CD6: 0 | CE6: 0 | CF6: 1.0025723 | CG6: 1.0025723 | CH6: 1.6254349 | CI6: 0 | CJ6: 0 | CK6: 0 | CL6: 1.0009469 | CM6: 1.0009469 | CN6: 1.6335338 | CO6: 0 | CP6: 0 | CQ6: 0
A7: BeH2 | B7: =OFFSET(wft_table!L$7,(ROW(wft_table!L4)-1)*4,0) -> 0 | C7: =OFFSET(wft_table!M$7,(ROW(wft_table!M4)-1)*4,0) -> 0 | D7: =OFFSET(wft_table!N$7,(ROW(wft_table!N4)-1)*4,0) -> 0 | F7: =OFFSET(wft_table!C$7,(ROW(wft_table!C4)-1)*4,0) -> 0 | G7: =OFFSET(wft_table!D$7,(ROW(wft_table!D4)-1)*4,0) -> 0 | H7: =OFFSET(wft_table!E$7,(ROW(wft_table!E4)-1)*4,0) -> 0 | I7: =OFFSET(wft_table!F$7,(ROW(wft_table!F4)-1)*4,0) -> 0 | J7: =OFFSET(wft_table!G$7,(ROW(wft_table!G4)-1)*4,0) -> 0 | K7: =OFFSET(wft_table!H$7,(ROW(wft_table!H4)-1)*4,0) -> 0 | L7: =OFFSET(wft_table!I$7,(ROW(wft_table!I4)-1)*4,0) -> 0 | M7: =OFFSET(wft_table!J$7,(ROW(wft_table!J4)-1)*4,0) -> 0 | N7: =OFFSET(wft_table!K$7,(ROW(wft_table!K4)-1)*4,0) -> 0 | O7: 0.94719506 | P7: 0.94719506 | Q7: 1.893168 | R7: 0 | S7: 0 | T7: 0 | U7: 0.9115222 | V7: 0.9115222 | W7: 1.8912197 | X7: 0.91563193 | Y7: 0.91563193 | Z7: 1.8910035 | AA7: 0 | AB7: 0 | AC7: 0 | AD7: 0 | AE7: 0 | AF7: 0 | AG7: 0 | AH7: 0 | AI7: 0 | AJ7: 0 | AK7: 0 | AL7: 0 | AM7: 0 | AN7: 0 | AO7: 0 | AP7: 0.89443749 | AQ7: 0.89443749 | AR7: 1.8851264 | AS7: 0 | AT7: 0 | AU7: 0 | AV7: 0.9036581 | AW7: 0.9036581 | AX7: 1.8834067 | AY7: 0.91865159 | AZ7: 0.91865159 | BA7: 1.917911 | BB7: 0.8996383 | BC7: 0.8996383 | BD7: 1.9102882 | BE7: 0 | BF7: 0 | BG7: 0 | BH7: 0 | BI7: 0 | BJ7: 0 | BK7: 0 | BL7: 0 | BM7: 0 | BN7: 0 | BO7: 0 | BP7: 0 | BQ7: 0.90832198 | BR7: 0.90832198 | BS7: 1.8836567 | BT7: 0 | BU7: 0 | BV7: 0 | BW7: 0 | BX7: 0 | BY7: 0 | BZ7: 0.91536123 | CA7: 0.91536123 | CB7: 1.9019803 | CC7: 0 | CD7: 0 | CE7: 0 | CF7: 0.91240539 | CG7: 0.91240539 | CH7: 1.8910887 | CI7: 0 | CJ7: 0 | CK7: 0 | CL7: 0 | CM7: 0 | CN7: 0 | CO7: 0 | CP7: 0 | CQ7: 0
A8: BF | B8: =OFFSET(wft_table!L$7,(ROW(wft_table!L5)-1)*4,0) -> 0.74695003 | C8: =OFFSET(wft_table!M$7,(ROW(wft_table!M5)-1)*4,0) -> 0.74695003 | D8: =OFFSET(wft_table!N$7,(ROW(wft_table!N5)-1)*4,0) -> 1.4332355 | F8: =OFFSET(wft_table!C$7,(ROW(wft_table!C5)-1)*4,0) -> 0.74361706 | G8: =OFFSET(wft_table!D$7,(ROW(wft_table!D5)-1)*4,0) -> 0.74361706 | H8: =OFFSET(wft_table!E$7,(ROW(wft_table!E5)-1)*4,0) -> 1.4472532 | I8: =OFFSET(wft_table!F$7,(ROW(wft_table!F5)-1)*4,0) -> 0.75015004 | J8: =OFFSET(wft_table!G$7,(ROW(wft_table!G5)-1)*4,0) -> 0.75015004 | K8: =OFFSET(wft_table!H$7,(ROW(wft_table!H5)-1)*4,0) -> 1.4386132 | L8: =OFFSET(wft_table!I$7,(ROW(wft_table!I5)-1)*4,0) -> 0.74514177 | M8: =OFFSET(wft_table!J$7,(ROW(wft_table!J5)-1)*4,0) -> 0.74514177 | N8: =OFFSET(wft_table!K$7,(ROW(wft_table!K5)-1)*4,0) -> 1.4346041 | O8: 0.77247994 | P8: 0.77247994 | Q8: 1.4444191 | R8: 0 | S8: 0 | T8: 0 | U8: 0.7532669 | V8: 0.7532669 | W8: 1.4383296 | X8: 0.7582629 | Y8: 0.7582629 | Z8: 1.4395646 | AA8: 0 | AB8: 0 | AC8: 0 | AD8: 0 | AE8: 0 | AF8: 0 | AG8: 0 | AH8: 0 | AI8: 0 | AJ8: 0 | AK8: 0 | AL8: 0 | AM8: 0 | AN8: 0 | AO8: 0 | AP8: 0.74378129 | AQ8: 0.74378129 | AR8: 1.4366986 | AS8: 0 | AT8: 0 | AU8: 0 | AV8: 0.74953525 | AW8: 0.74953525 | AX8: 1.4386869 | AY8: 0.75746057 | AZ8: 0.75746057 | BA8: 1.4462153 | BB8: 0.74475882 | BC8: 0.74475882 | BD8: 1.4446815 | BE8: 0 | BF8: 0 | BG8: 0 | BH8: 0 | BI8: 0 | BJ8: 0 | BK8: 0 | BL8: 0 | BM8: 0 | BN8: 0 | BO8: 0 | BP8: 0 | BQ8: 0.74975485 | BR8: 0.74975485 | BS8: 1.4367377 | BT8: 0 | BU8: 0 | BV8: 0 | BW8: 0 | BX8: 0 | BY8: 0 | BZ8: 0.75258274 | CA8: 0.75258274 | CB8: 1.4380334 | CC8: 0 | CD8: 0 | CE8: 0 | CF8: 0.75320697 | CG8: 0.75320697 | CH8: 1.4407064 | CI8: 0 | CJ8: 0 | CK8: 0 | CL8: 0 | CM8: 0 | CN8: 0 | CO8: 0 | CP8: 0 | CQ8: 0
A9: BH3 | B9: =OFFSET(wft_table!L$7,(ROW(wft_table!L6)-1)*4,0) -> 1.3440818 | C9: =OFFSET(wft_table!M$7,(ROW(wft_table!M6)-1)*4,0) -> 1.3440637 | D9: =OFFSET(wft_table!N$7,(ROW(wft_table!N6)-1)*4,0) -> 0.81370034 | F9: =OFFSET(wft_table!C$7,(ROW(wft_table!C6)-1)*4,0) -> 1.3505842 | G9: =OFFSET(wft_table!D$7,(ROW(wft_table!D6)-1)*4,0) -> 1.3505639 | H9: =OFFSET(wft_table!E$7,(ROW(wft_table!E6)-1)*4,0) -> 0.8130404 | I9: =OFFSET(wft_table!F$7,(ROW(wft_table!F6)-1)*4,0) -> 1.3452256 | J9: =OFFSET(wft_table!G$7,(ROW(wft_table!G6)-1)*4,0) -> 1.3452019 | K9: =OFFSET(wft_table!H$7,(ROW(wft_table!H6)-1)*4,0) -> 0.81356797 | L9: =OFFSET(wft_table!I$7,(ROW(wft_table!I6)-1)*4,0) -> 1.3440869 | M9: =OFFSET(wft_table!J$7,(ROW(wft_table!J6)-1)*4,0) -> 1.3440706 | N9: =OFFSET(wft_table!K$7,(ROW(wft_table!K6)-1)*4,0) -> 0.81290361 | O9: 1.3609008 | P9: 1.3608807 | Q9: 0.84338232 | R9: 0 | S9: 0 | T9: 0 | U9: 1.3488594 | V9: 1.3488391 | W9: 0.81659324 | X9: 1.3520319 | Y9: 1.3520116 | Z9: 0.82146674 | AA9: 1.3458555 | AB9: 1.3458352 | AC9: 0.81682082 | AD9: 1.3472497 | AE9: 1.3472293 | AF9: 0.81900808 | AG9: 0 | AH9: 0 | AI9: 0 | AJ9: 0 | AK9: 0 | AL9: 0 | AM9: 0 | AN9: 0 | AO9: 0 | AP9: 1.3433258 | AQ9: 1.3433054 | AR9: 0.8037804 | AS9: 1.3479221 | AT9: 1.3478914 | AU9: 0.81189082 | AV9: 1.3443735 | AW9: 1.3443359 | AX9: 0.81150727 | AY9: 1.3615733 | AZ9: 1.3615532 | BA9: 0.82106502 | BB9: 1.3541954 | BC9: 1.3541752 | BD9: 0.80793781 | BE9: 0 | BF9: 0 | BG9: 0 | BH9: 1.3462283 | BI9: 1.3462115 | BJ9: 0.81278317 | BK9: 1.3492762 | BL9: 1.3492559 | BM9: 0.81815092 | BN9: 1.3495689 | BO9: 1.3495486 | BP9: 0.81849162 | BQ9: 1.3471013 | BR9: 1.347081 | BS9: 0.81863922 | BT9: 0 | BU9: 0 | BV9: 0 | BW9: 0 | BX9: 0 | BY9: 0 | BZ9: 1.3514578 | CA9: 1.3514376 | CB9: 0.82013636 | CC9: 0 | CD9: 0 | CE9: 0 | CF9: 1.3499751 | CG9: 1.3499548 | CH9: 0.8211782 | CI9: 0 | CJ9: 0 | CK9: 0 | CL9: 0 | CM9: 0 | CN9: 0 | CO9: 0 | CP9: 0 | CQ9: 0
A10: BO | B10: =OFFSET(wft_table!L$7,(ROW(wft_table!L7)-1)*4,0) -> 0.77094245 | C10: =OFFSET(wft_table!M$7,(ROW(wft_table!M7)-1)*4,0) -> 0.77094245 | D10: =OFFSET(wft_table!N$7,(ROW(wft_table!N7)-1)*4,0) -> 1.3452716 | F10: =OFFSET(wft_table!C$7,(ROW(wft_table!C7)-1)*4,0) -> 0.76755999 | G10: =OFFSET(wft_table!D$7,(ROW(wft_table!D7)-1)*4,0) -> 0.76755999 | H10: =OFFSET(wft_table!E$7,(ROW(wft_table!E7)-1)*4,0) -> 1.3414078 | I10: =OFFSET(wft_table!F$7,(ROW(wft_table!F7)-1)*4,0) -> 0.77143995 | J10: =OFFSET(wft_table!G$7,(ROW(wft_table!G7)-1)*4,0) -> 0.77143995 | K10: =OFFSET(wft_table!H$7,(ROW(wft_table!H7)-1)*4,0) -> 1.3457744 | L10: =OFFSET(wft_table!I$7,(ROW(wft_table!I7)-1)*4,0) -> 0.76982316 | M10: =OFFSET(wft_table!J$7,(ROW(wft_table!J7)-1)*4,0) -> 0.76982316 | N10: =OFFSET(wft_table!K$7,(ROW(wft_table!K7)-1)*4,0) -> 1.3436379 | O10: 0.78698471 | P10: 0.78698471 | Q10: 1.3564866 | R10: 0.77789565 | S10: 0.77789565 | T10: 1.3490207 | U10: 0.77286166 | V10: 0.77286166 | W10: 1.3478662 | X10: 0 | Y10: 0 | Z10: 0 | AA10: 0 | AB10: 0 | AC10: 0 | AD10: 0 | AE10: 0 | AF10: 0 | AG10: 0.7758528 | AH10: 0.7758528 | AI10: 1.3484466 | AJ10: 0 | AK10: 0 | AL10: 0 | AM10: 0 | AN10: 0 | AO10: 0 | AP10: 0.76392275 | AQ10: 0.76392275 | AR10: 1.3436147 | AS10: 0 | AT10: 0 | AU10: 0 | AV10: 0.77021167 | AW10: 0.77021167 | AX10: 1.3455 | AY10: 0.77783684 | AZ10: 0.77783684 | BA10: 1.3475969 | BB10: 0.76673248 | BC10: 0.76673248 | BD10: 1.3447858 | BE10: 0.77079434 | BF10: 0.77079434 | BG10: 1.343494 | BH10: 0 | BI10: 0 | BJ10: 0 | BK10: 0 | BL10: 0 | BM10: 0 | BN10: 0 | BO10: 0 | BP10: 0 | BQ10: 0.77259522 | BR10: 0.77259522 | BS10: 1.3422314 | BT10: 0.77141363 | BU10: 0.77141363 | BV10: 1.3442355 | BW10: 0 | BX10: 0 | BY10: 0 | BZ10: 0.77451376 | CA10: 0.77451376 | CB10: 1.3423694 | CC10: 0.76901899 | CD10: 0.76901899 | CE10: 1.3411026 | CF10: 0.77432913 | CG10: 0.77432913 | CH10: 1.3456458 | CI10: 0 | CJ10: 0 | CK10: 0 | CL10: 0 | CM10: 0 | CN10: 0 | CO10: 0 | CP10: 0 | CQ10: 0
A11: BS | B11: =OFFSET(wft_table!L$7,(ROW(wft_table!L8)-1)*4,0) -> 0.8222529 | C11: =OFFSET(wft_table!M$7,(ROW(wft_table!M8)-1)*4,0) -> 0.8222529 | D11: =OFFSET(wft_table!N$7,(ROW(wft_table!N8)-1)*4,0) -> 1.5060146 | F11: =OFFSET(wft_table!C$7,(ROW(wft_table!C8)-1)*4,0) -> 0.82972192 | G11: =OFFSET(wft_table!D$7,(ROW(wft_table!D8)-1)*4,0) -> 0.82972192 | H11: =OFFSET(wft_table!E$7,(ROW(wft_table!E8)-1)*4,0) -> 1.501898 | I11: =OFFSET(wft_table!F$7,(ROW(wft_table!F8)-1)*4,0) -> 0.82535449 | J11: =OFFSET(wft_table!G$7,(ROW(wft_table!G8)-1)*4,0) -> 0.82535449 | K11: =OFFSET(wft_table!H$7,(ROW(wft_table!H8)-1)*4,0) -> 1.469877 | L11: =OFFSET(wft_table!I$7,(ROW(wft_table!I8)-1)*4,0) -> 0.82273115 | M11: =OFFSET(wft_table!J$7,(ROW(wft_table!J8)-1)*4,0) -> 0.82273115 | N11: =OFFSET(wft_table!K$7,(ROW(wft_table!K8)-1)*4,0) -> 1.5040148 | O11: 0.83499403 | P11: 0.83499403 | Q11: 1.5164507 | R11: 0.82525736 | S11: 0.82525736 | T11: 1.5101725 | U11: 0 | V11: 0 | W11: 0 | X11: 0.8260292 | Y11: 0.8260292 | Z11: 1.510934 | AA11: 0.82091301 | AB11: 0.82091301 | AC11: 1.5073817 | AD11: 0.82229408 | AE11: 0.82229408 | AF11: 1.5082435 | AG11: 0.82352237 | AH11: 0.82352237 | AI11: 1.509216 | AJ11: 0 | AK11: 0 | AL11: 0 | AM11: 0 | AN11: 0 | AO11: 0 | AP11: 0 | AQ11: 0 | AR11: 0 | AS11: 0.81797511 | AT11: 0.81797511 | AU11: 1.5036399 | AV11: 0 | AW11: 0 | AX11: 0 | AY11: 0 | AZ11: 0 | BA11: 0 | BB11: 0 | BC11: 0 | BD11: 0 | BE11: 0.82170186 | BF11: 0.82170186 | BG11: 1.5045637 | BH11: 0.82138512 | BI11: 0.82138512 | BJ11: 1.5077407 | BK11: 0.82521232 | BL11: 0.82521232 | BM11: 1.5070735 | BN11: 0.82549114 | BO11: 0.82549114 | BP11: 1.5072626 | BQ11: 0 | BR11: 0 | BS11: 0 | BT11: 0.82305579 | BU11: 0.82305579 | BV11: 1.5048568 | BW11: 0 | BX11: 0 | BY11: 0 | BZ11: 0 | CA11: 0 | CB11: 0 | CC11: 0.82291168 | CD11: 0.82291168 | CE11: 1.5022308 | CF11: 0 | CG11: 0 | CH11: 0 | CI11: 0 | CJ11: 0 | CK11: 0 | CL11: 0.82530455 | CM11: 0.82530455 | CN11: 1.5043921 | CO11: 0 | CP11: 0 | CQ11: 0
A12: C2H | B12: =OFFSET(wft_table!L$7,(ROW(wft_table!L9)-1)*4,0) -> 0.8548835 | C12: =OFFSET(wft_table!M$7,(ROW(wft_table!M9)-1)*4,0) -> 0.8548835 | D12: =OFFSET(wft_table!N$7,(ROW(wft_table!N9)-1)*4,0) -> 1.5576292 | F12: =OFFSET(wft_table!C$7,(ROW(wft_table!C9)-1)*4,0) -> 0.86066777 | G12: =OFFSET(wft_table!D$7,(ROW(wft_table!D9)-1)*4,0) -> 0.86066777 | H12: =OFFSET(wft_table!E$7,(ROW(wft_table!E9)-1)*4,0) -> 1.5450159 | I12: =OFFSET(wft_table!F$7,(ROW(wft_table!F9)-1)*4,0) -> 0.86984329 | J12: =OFFSET(wft_table!G$7,(ROW(wft_table!G9)-1)*4,0) -> 0.86984329 | K12: =OFFSET(wft_table!H$7,(ROW(wft_table!H9)-1)*4,0) -> 1.5467418 | L12: =OFFSET(wft_table!I$7,(ROW(wft_table!I9)-1)*4,0) -> 0.85474518 | M12: =OFFSET(wft_table!J$7,(ROW(wft_table!J9)-1)*4,0) -> 0.85474518 | N12: =OFFSET(wft_table!K$7,(ROW(wft_table!K9)-1)*4,0) -> 1.5565887 | O12: 0.87268425 | P12: 0.87268425 | Q12: 1.5542355 | R12: 0.8607774 | S12: 0.8607774 | T12: 1.5476206 | U12: 0.85644454 | V12: 0.85644454 | W12: 1.5465062 | X12: 0 | Y12: 0 | Z12: 0 | AA12: 0 | AB12: 0 | AC12: 0 | AD12: 0.8570987 | AE12: 0.8570987 | AF12: 1.5468959 | AG12: 0.85859539 | AH12: 0.85859539 | AI12: 1.5475259 | AJ12: 0.85936438 | AK12: 0.85936438 | AL12: 1.544933 | AM12: 0.85928785 | AN12: 0.85928785 | AO12: 1.5449144 | AP12: 0.84767864 | AQ12: 0.84767864 | AR12: 1.5427839 | AS12: 0.85298185 | AT12: 0.85298185 | AU12: 1.5428353 | AV12: 0.85478353 | AW12: 0.85478353 | AX12: 1.5436219 | AY12: 0.86863468 | AZ12: 0.86863468 | BA12: 1.5474372 | BB12: 0.85254257 | BC12: 0.85254257 | BD12: 1.5424924 | BE12: 0.85613063 | BF12: 0.85613063 | BG12: 1.542885 | BH12: 0.85648461 | BI12: 0.85648461 | BJ12: 1.5455952 | BK12: 0 | BL12: 0 | BM12: 0 | BN12: 0 | BO12: 0 | BP12: 0 | BQ12: 0.86057806 | BR12: 0.86057806 | BS12: 1.5440491 | BT12: 0.85803569 | BU12: 0.85803569 | BV12: 1.5433064 | BW12: 0.8617668 | BX12: 0.8617668 | BY12: 1.5444026 | BZ12: 0.85944091 | CA12: 0.85944091 | CB12: 1.5463041 | CC12: 0.85723548 | CD12: 0.85723548 | CE12: 1.5411847 | CF12: 0.86152786 | CG12: 0.86152786 | CH12: 1.5455975 | CI12: 0.85749896 | CJ12: 0.85749896 | CK12: 1.5420896 | CL12: 0.86076744 | CM12: 0.86076744 | CN12: 1.5442492 | CO12: 0.86443384 | CP12: 0.86443384 | CQ12: 1.5464392
A13: C2H2 | B13: =OFFSET(wft_table!L$7,(ROW(wft_table!L10)-1)*4,0) -> 0.84982426 | C13: =OFFSET(wft_table!M$7,(ROW(wft_table!M10)-1)*4,0) -> 0.84982426 | D13: =OFFSET(wft_table!N$7,(ROW(wft_table!N10)-1)*4,0) -> 1.7009085 | F13: =OFFSET(wft_table!C$7,(ROW(wft_table!C10)-1)*4,0) -> 0.86288526 | G13: =OFFSET(wft_table!D$7,(ROW(wft_table!D10)-1)*4,0) -> 0.86288526 | H13: =OFFSET(wft_table!E$7,(ROW(wft_table!E10)-1)*4,0) -> 1.6954865 | I13: =OFFSET(wft_table!F$7,(ROW(wft_table!F10)-1)*4,0) -> 0.85064974 | J13: =OFFSET(wft_table!G$7,(ROW(wft_table!G10)-1)*4,0) -> 0.85064974 | K13: =OFFSET(wft_table!H$7,(ROW(wft_table!H10)-1)*4,0) -> 1.701656 | L13: =OFFSET(wft_table!I$7,(ROW(wft_table!I10)-1)*4,0) -> 0.84986325 | M13: =OFFSET(wft_table!J$7,(ROW(wft_table!J10)-1)*4,0) -> 0.84986325 | N13: =OFFSET(wft_table!K$7,(ROW(wft_table!K10)-1)*4,0) -> 1.6995109 | O13: 0.86817721 | P13: 0.86817721 | Q13: 1.7087401 | R13: 0 | S13: 0 | T13: 0 | U13: 0.85132679 | V13: 0.85132679 | W13: 1.7037743 | X13: 0.85569464 | Y13: 0.85569464 | Z13: 1.7073643 | AA13: 0 | AB13: 0 | AC13: 0 | AD13: 0 | AE13: 0 | AF13: 0 | AG13: 0 | AH13: 0 | AI13: 0 | AJ13: 0 | AK13: 0 | AL13: 0 | AM13: 0 | AN13: 0 | AO13: 0 | AP13: 0.8420976 | AQ13: 0.8420976 | AR13: 1.7005998 | AS13: 0 | AT13: 0 | AU13: 0 | AV13: 0.84978774 | AW13: 0.84978774 | AX13: 1.7009136 | AY13: 0.86242971 | AZ13: 0.86242971 | BA13: 1.7052838 | BB13: 0.84664166 | BC13: 0.84664166 | BD13: 1.7011665 | BE13: 0 | BF13: 0 | BG13: 0 | BH13: 0 | BI13: 0 | BJ13: 0 | BK13: 0 | BL13: 0 | BM13: 0 | BN13: 0 | BO13: 0 | BP13: 0 | BQ13: 0.85449291 | BR13: 0.85449291 | BS13: 1.6998252 | BT13: 0 | BU13: 0 | BV13: 0 | BW13: 0 | BX13: 0 | BY13: 0 | BZ13: 0.85336728 | CA13: 0.85336728 | CB13: 1.7033051 | CC13: 0 | CD13: 0 | CE13: 0 | CF13: 0.85644836 | CG13: 0.85644836 | CH13: 1.7018984 | CI13: 0 | CJ13: 0 | CK13: 0 | CL13: 0 | CM13: 0 | CN13: 0 | CO13: 0 | CP13: 0 | CQ13: 0
A14: CH3 | B14: =OFFSET(wft_table!L$7,(ROW(wft_table!L11)-1)*4,0) -> 1.134365 | C14: =OFFSET(wft_table!M$7,(ROW(wft_table!M11)-1)*4,0) -> 1.1343453 | D14: =OFFSET(wft_table!N$7,(ROW(wft_table!N11)-1)*4,0) -> 0.86655431 | F14: =OFFSET(wft_table!C$7,(ROW(wft_table!C11)-1)*4,0) -> 1.1350553 | G14: =OFFSET(wft_table!D$7,(ROW(wft_table!D11)-1)*4,0) -> 1.1350355 | H14: =OFFSET(wft_table!E$7,(ROW(wft_table!E11)-1)*4,0) -> 0.86410776 | I14: =OFFSET(wft_table!F$7,(ROW(wft_table!F11)-1)*4,0) -> 1.1345454 | J14: =OFFSET(wft_table!G$7,(ROW(wft_table!G11)-1)*4,0) -> 1.1345232 | K14: =OFFSET(wft_table!H$7,(ROW(wft_table!H11)-1)*4,0) -> 0.86940495 | L14: =OFFSET(wft_table!I$7,(ROW(wft_table!I11)-1)*4,0) -> 1.1337317 | M14: =OFFSET(wft_table!J$7,(ROW(wft_table!J11)-1)*4,0) -> 1.1337138 | N14: =OFFSET(wft_table!K$7,(ROW(wft_table!K11)-1)*4,0) -> 0.86538943 | O14: 1.1508656 | P14: 1.1508461 | Q14: 0.89533522 | R14: 1.1406455 | S14: 1.1406258 | T14: 0.87982483 | U14: 0 | V14: 0 | W14: 0 | X14: 1.1429535 | Y14: 1.1429338 | Z14: 0.87559421 | AA14: 1.1370186 | AB14: 1.1369952 | AC14: 0.86909324 | AD14: 1.138507 | AE14: 1.1384873 | AF14: 0.87112971 | AG14: 1.1395586 | AH14: 1.1395389 | AI14: 0.87353032 | AJ14: 0 | AK14: 0 | AL14: 0 | AM14: 0 | AN14: 0 | AO14: 0 | AP14: 0 | AQ14: 0 | AR14: 0 | AS14: 1.1350371 | AT14: 1.1350173 | AU14: 0.85942021 | AV14: 0 | AW14: 0 | AX14: 0 | AY14: 0 | AZ14: 0 | BA14: 0 | BB14: 0 | BC14: 0 | BD14: 0 | BE14: 1.134866 | BF14: 1.1348681 | BG14: 0.86338567 | BH14: 1.1371603 | BI14: 1.1371405 | BJ14: 0.86653259 | BK14: 0 | BL14: 0 | BM14: 0 | BN14: 1.1393774 | BO14: 1.1393541 | BP14: 0.87095426 | BQ14: 0 | BR14: 0 | BS14: 0 | BT14: 1.1354991 | BU14: 1.1354794 | BV14: 0.86768534 | BW14: 1.1387319 | BX14: 1.1387086 | BY14: 0.870959 | BZ14: 0 | CA14: 0 | CB14: 0 | CC14: 1.1334238 | CD14: 1.1334223 | CE14: 0.86223196 | CF14: 0 | CG14: 0 | CH14: 0 | CI14: 1.1342726 | CJ14: 1.1342528 | CK14: 0.86576959 | CL14: 0 | CM14: 0 | CN14: 0 | CO14: 0 | CP14: 0 | CQ14: 0
A15: CH4 | B15: =OFFSET(wft_table!L$7,(ROW(wft_table!L12)-1)*4,0) -> 1.0883268 | C15: =OFFSET(wft_table!M$7,(ROW(wft_table!M12)-1)*4,0) -> 1.0883268 | D15: =OFFSET(wft_table!N$7,(ROW(wft_table!N12)-1)*4,0) -> 1.0883268 | F15: =OFFSET(wft_table!C$7,(ROW(wft_table!C12)-1)*4,0) -> 1.0898013 | G15: =OFFSET(wft_table!D$7,(ROW(wft_table!D12)-1)*4,0) -> 1.0898013 | H15: =OFFSET(wft_table!E$7,(ROW(wft_table!E12)-1)*4,0) -> 1.0898013 | I15: =OFFSET(wft_table!F$7,(ROW(wft_table!F12)-1)*4,0) -> 1.0892216 | J15: =OFFSET(wft_table!G$7,(ROW(wft_table!G12)-1)*4,0) -> 1.0892216 | K15: =OFFSET(wft_table!H$7,(ROW(wft_table!H12)-1)*4,0) -> 1.0892216 | L15: =OFFSET(wft_table!I$7,(ROW(wft_table!I12)-1)*4,0) -> 1.0876924 | M15: =OFFSET(wft_table!J$7,(ROW(wft_table!J12)-1)*4,0) -> 1.0876924 | N15: =OFFSET(wft_table!K$7,(ROW(wft_table!K12)-1)*4,0) -> 1.0876924 | O15: 1.1046643 | P15: 1.1046643 | Q15: 1.1046643 | R15: 1.094495 | S15: 1.094495 | T15: 1.094495 | U15: 1.0907117 | V15: 1.0907117 | W15: 1.0907117 | X15: 0 | Y15: 0 | Z15: 0 | AA15: 0 | AB15: 0 | AC15: 0 | AD15: 0 | AE15: 0 | AF15: 0 | AG15: 1.0925914 | AH15: 1.0925914 | AI15: 1.0925914 | AJ15: 0 | AK15: 0 | AL15: 0 | AM15: 0 | AN15: 0 | AO15: 0 | AP15: 1.0838429 | AQ15: 1.0838429 | AR15: 1.0838429 | AS15: 0 | AT15: 0 | AU15: 0 | AV15: 1.088255 | AW15: 1.088255 | AX15: 1.088255 | AY15: 1.0966225 | AZ15: 1.0966225 | BA15: 1.0966225 | BB15: 1.0880876 | BC15: 1.0880876 | BD15: 1.0880876 | BE15: 1.0886477 | BF15: 1.0886477 | BG15: 1.0886477 | BH15: 0 | BI15: 0 | BJ15: 0 | BK15: 1.092343 | BL15: 1.092343 | BM15: 1.092343 | BN15: 0 | BO15: 0 | BP15: 0 | BQ15: 1.0910149 | BR15: 1.0910149 | BS15: 1.0910149 | BT15: 1.0891974 | BU15: 1.0891974 | BV15: 1.0891974 | BW15: 0 | BX15: 0 | BY15: 0 | BZ15: 1.0916928 | CA15: 1.0916928 | CB15: 1.0916928 | CC15: 1.087575 | CD15: 1.087575 | CE15: 1.087575 | CF15: 1.0930132 | CG15: 1.0930132 | CH15: 1.0930132 | CI15: 0 | CJ15: 0 | CK15: 0 | CL15: 0 | CM15: 0 | CN15: 0 | CO15: 0 | CP15: 0 | CQ15: 0
... A43: SiO | B43: =OFFSET(wft_table!L$7,(ROW(wft_table!L40)-1)*4,0) -> 0 | C43: =OFFSET(wft_table!M$7,(ROW(wft_table!M40)-1)*4,0) -> 0 | D43: =OFFSET(wft_table!N$7,(ROW(wft_table!N40)-1)*4,0) -> 0 | F43: =OFFSET(wft_table!C$7,(ROW(wft_table!C40)-1)*4,0) -> 0 | G43: =OFFSET(wft_table!D$7,(ROW(wft_table!D40)-1)*4,0) -> 0 | H43: =OFFSET(wft_table!E$7,(ROW(wft_table!E40)-1)*4,0) -> 0 | I43: =OFFSET(wft_table!F$7,(ROW(wft_table!F40)-1)*4,0) -> 0 | J43: =OFFSET(wft_table!G$7,(ROW(wft_table!G40)-1)*4,0) -> 0 | K43: =OFFSET(wft_table!H$7,(ROW(wft_table!H40)-1)*4,0) -> 0 | L43: =OFFSET(wft_table!I$7,(ROW(wft_table!I40)-1)*4,0) -> 0 | M43: =OFFSET(wft_table!J$7,(ROW(wft_table!J40)-1)*4,0) -> 0 | N43: =OFFSET(wft_table!K$7,(ROW(wft_table!K40)-1)*4,0) -> 0 | O43: 0 | P43: 0 | Q43: 0 | R43: 0 | S43: 0 | T43: 0 | U43: 0 | V43: 0 | W43: 0 | X43: 0 | Y43: 0 | Z43: 0 | AA43: 0 | AB43: 0 | AC43: 0 | AD43: 0 | AE43: 0 | AF43: 0 | AG43: 0 | AH43: 0 | AI43: 0 | AJ43: 0 | AK43: 0 | AL43: 0 | AM43: 0 | AN43: 0 | AO43: 0 | AP43: 0 | AQ43: 0 | AR43: 0 | AS43: 0 | AT43: 0 | AU43: 0 | AV43: 0 | AW43: 0 | AX43: 0 | AY43: 0 | AZ43: 0 | BA43: 0 | BB43: 0 | BC43: 0 | BD43: 0 | BE43: 0 | BF43: 0 | BG43: 0 | BH43: 0 | BI43: 0 | BJ43: 0 | BK43: 0 | BL43: 0 | BM43: 0 | BN43: 0 | BO43: 0 | BP43: 0 | BQ43: 0 | BR43: 0 | BS43: 0 | BT43: 0 | BU43: 0 | BV43: 0 | BW43: 0 | BX43: 0 | BY43: 0 | BZ43: 0 | CA43: 0 | CB43: 0 | CC43: 0 | CD43: 0 | CE43: 0 | CF43: 0 | CG43: 0 | CH43: 0 | CI43: 0 | CJ43: 0 | CK43: 0 | CL43: 0 | CM43: 0 | CN43: 0 | CO43: 0 | CP43: 0 | CQ43: 0

Sheet relative_error
A1: method | B1: CCSD\(T\) | C1: CCSD\(T\) | D1: CCSD\(T\) | E1: Error: | F1: HF | G1: HF | H1: HF | I1: MP2 | J1: MP2 | K1: MP2 | L1: CCSD | M1: CCSD | N1: CCSD | O1: Slater | P1: Slater | Q1: Slater | R1: SPW92 | S1: SPW92 | T1: SPW92 | U1: B97-D3 | V1: B97-D3 | W1: B97-D3 | X1: BLYP | Y1: BLYP | Z1: BLYP | AA1: BPBE | AB1: BPBE | AC1: BPBE | AD1: mPW91 | AE1: mPW91 | AF1: mPW91 | AG1: PBE | AH1: PBE | AI1: PBE | AJ1: B97M-rV | AK1: B97M-rV | AL1: B97M-rV | AM1: B97M-V | AN1: B97M-V | AO1: B97M-V | AP1: M06-L | AQ1: M06-L | AR1: M06-L | AS1: mBEEF | AT1: mBEEF | AU1: mBEEF | AV1: MGGA_MS2 | AW1: MGGA_MS2 | AX1: MGGA_MS2 | AY1: MN15-L | AZ1: MN15-L | BA1: MN15-L | BB1: revM06-L | BC1: revM06-L | BD1: revM06-L | BE1: SCAN | BF1: SCAN | BG1: SCAN | BH1: TPSS | BI1: TPSS | BJ1: TPSS | BK1: B3LYP | BL1: B3LYP | BM1: B3LYP | BN1: B3LYP5 | BO1: B3LYP5 | BP1: B3LYP5 | BQ1: M06-2X | BR1: M06-2X | BS1: M06-2X | BT1: PBE0 | BU1: PBE0 | BV1: PBE0 | BW1: M08-HX | BX1: M08-HX | BY1: M08-HX | BZ1: MN15 | CA1: MN15 | CB1: MN15 | CC1: SCAN0 | CD1: SCAN0 | CE1: SCAN0 | CF1: CAM-B3LYP | CG1: CAM-B3LYP | CH1: CAM-B3LYP | CI1: wB97X-D | CJ1: wB97X-D | CK1: wB97X-D | CL1: wB97X-V | CM1: wB97X-V | CN1: wB97X-V | CO1: wB97M-V | CP1: wB97M-V | CQ1: wB97M-V
A2: component | B2: XX | C2: YY | D2: ZZ | F2: XX | G2: YY | H2: ZZ | I2: XX | J2: YY | K2: ZZ | L2: XX | M2: YY | N2: ZZ | O2: XX | P2: YY | Q2: ZZ | R2: XX | S2: YY | T2: ZZ | U2: XX | V2: YY | W2: ZZ | X2: XX | Y2: YY | Z2: ZZ | AA2: XX | AB2: YY | AC2: ZZ | AD2: XX | AE2: YY | AF2: ZZ | AG2: XX | AH2: YY | AI2: ZZ | AJ2: XX | AK2: YY | AL2: ZZ | AM2: XX | AN2: YY | AO2: ZZ | AP2: XX | AQ2: YY | AR2: ZZ | AS2: XX | AT2: YY | AU2: ZZ | AV2: XX | AW2: YY | AX2: ZZ | AY2: XX | AZ2: YY | BA2: ZZ | BB2: XX | BC2: YY | BD2: ZZ | BE2: XX | BF2: YY | BG2: ZZ | BH2: XX | BI2: YY | BJ2: ZZ | BK2: XX | BL2: YY | BM2: ZZ | BN2: XX | BO2: YY | BP2: ZZ | BQ2: XX | BR2: YY | BS2: ZZ | BT2: XX | BU2: YY | BV2: ZZ | BW2: XX | BX2: YY | BY2: ZZ | BZ2: XX | CA2: YY | CB2: ZZ | CC2: XX | CD2: YY | CE2: ZZ | CF2: XX | CG2: YY | CH2: ZZ | CI2: XX | CJ2: YY | CK2: ZZ | CL2: XX | CM2: YY | CN2: ZZ | CO2: XX | CP2: YY | CQ2: ZZ
A3: molecule
A4: Ar | B4: =OFFSET(wft_table!L$7,(ROW(wft_table!L1)-1)*4,0) -> 0.69285369 | C4: =OFFSET(wft_table!M$7,(ROW(wft_table!M1)-1)*4,0) -> 0.69285369 | D4: =OFFSET(wft_table!N$7,(ROW(wft_table!N1)-1)*4,0) -> 0.69285369 | F4: =(combine_values!F4-combine_values!$B4)/combine_values!$B4*100 -> 0.22306701 | G4: =(combine_values!G4-combine_values!$C4)/combine_values!$C4*100 -> 0.22306701 | H4: =(combine_values!H4-combine_values!$D4)/combine_values!$D4*100 -> 0.22306701 | I4: =(combine_values!I4-combine_values!$B4)/combine_values!$B4*100 -> 0.079128395 | J4: =(combine_values!J4-combine_values!$C4)/combine_values!$C4*100 -> 0.079128395 | K4: =(combine_values!K4-combine_values!$D4)/combine_values!$D4*100 -> 0.079128395 | L4: =(combine_values!L4-combine_values!$B4)/combine_values!$B4*100 -> -0.055379513 | M4: =(combine_values!M4-combine_values!$C4)/combine_values!$C4*100 -> -0.055379513 | N4: =(combine_values!N4-combine_values!$D4)/combine_values!$D4*100 -> -0.055379513 | O4: =(combine_values!O4-combine_values!$B4)/combine_values!$B4*100 -> -100 | P4: =(combine_values!P4-combine_values!$C4)/combine_values!$C4*100 -> -100 | Q4: =(combine_values!Q4-combine_values!$D4)/combine_values!$D4*100 -> -100 | R4: =(combine_values!R4-combine_values!$B4)/combine_values!$B4*100 -> -100 | S4: =(combine_values!S4-combine_values!$C4)/combine_values!$C4*100 -> -100 | T4: =(combine_values!T4-combine_values!$D4)/combine_values!$D4*100 -> -100 | U4: =(combine_values!U4-combine_values!$B4)/combine_values!$B4*100 -> -100 | V4: =(combine_values!V4-combine_values!$C4)/combine_values!$C4*100 -> -100 | W4: =(combine_values!W4-combine_values!$D4)/combine_values!$D4*100 -> -100 | X4: =(combine_values!X4-combine_values!$B4)/combine_values!$B4*100 -> 0.89900876 | Y4: =(combine_values!Y4-combine_values!$C4)/combine_values!$C4*100 -> 0.89900876 | Z4: =(combine_values!Z4-combine_values!$D4)/combine_values!$D4*100 -> 0.89900876 | AA4: =(combine_values!AA4-combine_values!$B4)/combine_values!$B4*100 -> 0.3127409 | AB4: =(combine_values!AB4-combine_values!$C4)/combine_values!$C4*100 -> 0.3127409 | AC4: =(combine_values!AC4-combine_values!$D4)/combine_values!$D4*100 -> 0.3127409 | AD4: =(combine_values!AD4-combine_values!$B4)/combine_values!$B4*100 -> 0.45673794 | AE4: =(combine_values!AE4-combine_values!$C4)/combine_values!$C4*100 -> 0.45673794 | AF4: =(combine_values!AF4-combine_values!$D4)/combine_values!$D4*100 -> 0.45673794 | AG4: =(combine_values!AG4-combine_values!$B4)/combine_values!$B4*100 -> -100 | AH4: =(combine_values!AH4-combine_values!$C4)/combine_values!$C4*100 -> -100 | AI4: =(combine_values!AI4-combine_values!$D4)/combine_values!$D4*100 -> -100 | AJ4: =(combine_values!AJ4-combine_values!$B4)/combine_values!$B4*100 -> -100 | AK4: =(combine_values!AK4-combine_values!$C4)/combine_values!$C4*100 -> -100 | AL4: =(combine_values!AL4-combine_values!$D4)/combine_values!$D4*100 -> -100 | AM4: =(combine_values!AM4-combine_values!$B4)/combine_values!$B4*100 -> -100 | AN4: =(combine_values!AN4-combine_values!$C4)/combine_values!$C4*100 -> -100 | AO4: =(combine_values!AO4-combine_values!$D4)/combine_values!$D4*100 -> -100 | AP4: =(combine_values!AP4-combine_values!$B4)/combine_values!$B4*100 -> -100 | AQ4: =(combine_values!AQ4-combine_values!$C4)/combine_values!$C4*100 -> -100 | AR4: =(combine_values!AR4-combine_values!$D4)/combine_values!$D4*100 -> -100 | AS4: =(combine_values!AS4-combine_values!$B4)/combine_values!$B4*100 -> -0.26705169 | AT4: =(combine_values!AT4-combine_values!$C4)/combine_values!$C4*100 -> -0.26705169 | AU4: =(combine_values!AU4-combine_values!$D4)/combine_values!$D4*100 -> -0.26705169 | AV4: =(combine_values!AV4-combine_values!$B4)/combine_values!$B4*100 -> -100 | AW4: =(combine_values!AW4-combine_values!$C4)/combine_values!$C4*100 -> -100 | AX4: =(combine_values!AX4-combine_values!$D4)/combine_values!$D4*100 -> -100 | AY4: =(combine_values!AY4-combine_values!$B4)/combine_values!$B4*100 -> -100 | AZ4: =(combine_values!AZ4-combine_values!$C4)/combine_values!$C4*100 -> -100 | BA4: =(combine_values!BA4-combine_values!$D4)/combine_values!$D4*100 -> -100 | BB4: =(combine_values!BB4-combine_values!$B4)/combine_values!$B4*100 -> -100 | BC4: =(combine_values!BC4-combine_values!$C4)/combine_values!$C4*100 -> -100 | BD4: =(combine_values!BD4-combine_values!$D4)/combine_values!$D4*100 -> -100 | BE4: =(combine_values!BE4-combine_values!$B4)/combine_values!$B4*100 -> -100 | BF4: =(combine_values!BF4-combine_values!$C4)/combine_values!$C4*100 -> -100 | BG4: =(combine_values!BG4-combine_values!$D4)/combine_values!$D4*100 -> -100 | BH4: =(combine_values!BH4-combine_values!$B4)/combine_values!$B4*100 -> 0.32389091 | BI4: =(combine_values!BI4-combine_values!$C4)/combine_values!$C4*100 -> 0.32389091 | BJ4: =(combine_values!BJ4-combine_values!$D4)/combine_values!$D4*100 -> 0.32389091 | BK4: =(combine_values!BK4-combine_values!$B4)/combine_values!$B4*100 -> 0.56673936 | BL4: =(combine_values!BL4-combine_values!$C4)/combine_values!$C4*100 -> 0.56673936 | BM4: =(combine_values!BM4-combine_values!$D4)/combine_values!$D4*100 -> 0.56673936 | BN4: =(combine_values!BN4-combine_values!$B4)/combine_values!$B4*100 -> 0.58812644 | BO4: =(combine_values!BO4-combine_values!$C4)/combine_values!$C4*100 -> 0.58812644 | BP4: =(combine_values!BP4-combine_values!$D4)/combine_values!$D4*100 -> 0.58812644 | BQ4: =(combine_values!BQ4-combine_values!$B4)/combine_values!$B4*100 -> -100 | BR4: =(combine_values!BR4-combine_values!$C4)/combine_values!$C4*100 -> -100 | BS4: =(combine_values!BS4-combine_values!$D4)/combine_values!$D4*100 -> -100 | BT4: =(combine_values!BT4-combine_values!$B4)/combine_values!$B4*100 -> -100 | BU4: =(combine_values!BU4-combine_values!$C4)/combine_values!$C4*100 -> -100 | BV4: =(combine_values!BV4-combine_values!$D4)/combine_values!$D4*100 -> -100 | BW4: =(combine_values!BW4-combine_values!$B4)/combine_values!$B4*100 -> -100 | BX4: =(combine_values!BX4-combine_values!$C4)/combine_values!$C4*100 -> -100 | BY4: =(combine_values!BY4-combine_values!$D4)/combine_values!$D4*100 -> -100 | BZ4: =(combine_values!BZ4-combine_values!$B4)/combine_values!$B4*100 -> -100 | CA4: =(combine_values!CA4-combine_values!$C4)/combine_values!$C4*100 -> -100 | CB4: =(combine_values!CB4-combine_values!$D4)/combine_values!$D4*100 -> -100 | CC4: =(combine_values!CC4-combine_values!$B4)/combine_values!$B4*100 -> -100 | CD4: =(combine_values!CD4-combine_values!$C4)/combine_values!$C4*100 -> -100 | CE4: =(combine_values!CE4-combine_values!$D4)/combine_values!$D4*100 -> -100 | CF4: =(combine_values!CF4-combine_values!$B4)/combine_values!$B4*100 -> -100 | CG4: =(combine_values!CG4-combine_values!$C4)/combine_values!$C4*100 -> -100 | CH4: =(combine_values!CH4-combine_values!$D4)/combine_values!$D4*100 -> -100 | CI4: =(combine_values!CI4-combine_values!$B4)/combine_values!$B4*100 -> -100 | CJ4: =(combine_values!CJ4-combine_values!$C4)/combine_values!$C4*100 -> -100 | CK4: =(combine_values!CK4-combine_values!$D4)/combine_values!$D4*100 -> -100 | CL4: =(combine_values!CL4-combine_values!$B4)/combine_values!$B4*100 -> 0.38005094 | CM4: =(combine_values!CM4-combine_values!$C4)/combine_values!$C4*100 -> 0.38005094 | CN4: =(combine_values!CN4-combine_values!$D4)/combine_values!$D4*100 -> 0.38005094 | CO4: =(combine_values!CO4-combine_values!$B4)/combine_values!$B4*100 -> -100 | CP4: =(combine_values!CP4-combine_values!$C4)/combine_values!$C4*100 -> -100 | CQ4: =(combine_values!CQ4-combine_values!$D4)/combine_values!$D4*100 -> -100
A5: Be | B5: =OFFSET(wft_table!L$7,(ROW(wft_table!L2)-1)*4,0) -> 0 | C5: =OFFSET(wft_table!M$7,(ROW(wft_table!M2)-1)*4,0) -> 0 | D5: =OFFSET(wft_table!N$7,(ROW(wft_table!N2)-1)*4,0) -> 0 | F5: =(combine_values!F5-combine_values!$B5)/combine_values!$B5*100 -> #DIV/0! | G5: =(combine_values!G5-combine_values!$C5)/combine_values!$C5*100 -> #DIV/0! | H5: =(combine_values!H5-combine_values!$D5)/combine_values!$D5*100 -> #DIV/0! | I5: =(combine_values!I5-combine_values!$B5)/combine_values!$B5*100 -> #DIV/0! | J5: =(combine_values!J5-combine_values!$C5)/combine_values!$C5*100 -> #DIV/0! | K5: =(combine_values!K5-combine_values!$D5)/combine_values!$D5*100 -> #DIV/0! | L5: =(combine_values!L5-combine_values!$B5)/combine_values!$B5*100 -> #DIV/0! | M5: =(combine_values!M5-combine_values!$C5)/combine_values!$C5*100 -> #DIV/0! | N5: =(combine_values!N5-combine_values!$D5)/combine_values!$D5*100 -> #DIV/0! | O5: =(combine_values!O5-combine_values!$B5)/combine_values!$B5*100 -> #DIV/0! | P5: =(combine_values!P5-combine_values!$C5)/combine_values!$C5*100 -> #DIV/0! | Q5: =(combine_values!Q5-combine_values!$D5)/combine_values!$D5*100 -> #DIV/0! | R5: =(combine_values!R5-combine_values!$B5)/combine_values!$B5*100 -> #DIV/0! | S5: =(combine_values!S5-combine_values!$C5)/combine_values!$C5*100 -> #DIV/0! | T5: =(combine_values!T5-combine_values!$D5)/combine_values!$D5*100 -> #DIV/0! | U5: =(combine_values!U5-combine_values!$B5)/combine_values!$B5*100 -> #DIV/0! | V5: =(combine_values!V5-combine_values!$C5)/combine_values!$C5*100 -> #DIV/0! | W5: =(combine_values!W5-combine_values!$D5)/combine_values!$D5*100 -> #DIV/0! | X5: =(combine_values!X5-combine_values!$B5)/combine_values!$B5*100 -> #DIV/0! | Y5: =(combine_values!Y5-combine_values!$C5)/combine_values!$C5*100 -> #DIV/0! | Z5: =(combine_values!Z5-combine_values!$D5)/combine_values!$D5*100 -> #DIV/0! | AA5: =(combine_values!AA5-combine_values!$B5)/combine_values!$B5*100 -> #DIV/0! | AB5: =(combine_values!AB5-combine_values!$C5)/combine_values!$C5*100 -> #DIV/0! | AC5: =(combine_values!AC5-combine_values!$D5)/combine_values!$D5*100 -> #DIV/0! | AD5: =(combine_values!AD5-combine_values!$B5)/combine_values!$B5*100 -> #DIV/0! | AE5: =(combine_values!AE5-combine_values!$C5)/combine_values!$C5*100 -> #DIV/0! | AF5: =(combine_values!AF5-combine_values!$D5)/combine_values!$D5*100 -> #DIV/0! | AG5: =(combine_values!AG5-combine_values!$B5)/combine_values!$B5*100 -> #DIV/0! | AH5: =(combine_values!AH5-combine_values!$C5)/combine_values!$C5*100 -> #DIV/0! | AI5: =(combine_values!AI5-combine_values!$D5)/combine_values!$D5*100 -> #DIV/0! | AJ5: =(combine_values!AJ5-combine_values!$B5)/combine_values!$B5*100 -> #DIV/0! | AK5: =(combine_values!AK5-combine_values!$C5)/combine_values!$C5*100 -> #DIV/0! | AL5: =(combine_values!AL5-combine_values!$D5)/combine_values!$D5*100 -> #DIV/0! | AM5: =(combine_values!AM5-combine_values!$B5)/combine_values!$B5*100 -> #DIV/0! | AN5: =(combine_values!AN5-combine_values!$C5)/combine_values!$C5*100 -> #DIV/0! | AO5: =(combine_values!AO5-combine_values!$D5)/combine_values!$D5*100 -> #DIV/0! | AP5: =(combine_values!AP5-combine_values!$B5)/combine_values!$B5*100 -> #DIV/0! | AQ5: =(combine_values!AQ5-combine_values!$C5)/combine_values!$C5*100 -> #DIV/0! | AR5: =(combine_values!AR5-combine_values!$D5)/combine_values!$D5*100 -> #DIV/0! | AS5: =(combine_values!AS5-combine_values!$B5)/combine_values!$B5*100 -> #DIV/0! | AT5: =(combine_values!AT5-combine_values!$C5)/combine_values!$C5*100 -> #DIV/0! | AU5: =(combine_values!AU5-combine_values!$D5)/combine_values!$D5*100 -> #DIV/0! | AV5: =(combine_values!AV5-combine_values!$B5)/combine_values!$B5*100 -> #DIV/0! | AW5: =(combine_values!AW5-combine_values!$C5)/combine_values!$C5*100 -> #DIV/0! | AX5: =(combine_values!AX5-combine_values!$D5)/combine_values!$D5*100 -> #DIV/0! | AY5: =(combine_values!AY5-combine_values!$B5)/combine_values!$B5*100 -> #DIV/0! | AZ5: =(combine_values!AZ5-combine_values!$C5)/combine_values!$C5*100 -> #DIV/0! | BA5: =(combine_values!BA5-combine_values!$D5)/combine_values!$D5*100 -> #DIV/0! | BB5: =(combine_values!BB5-combine_values!$B5)/combine_values!$B5*100 -> #DIV/0! | BC5: =(combine_values!BC5-combine_values!$C5)/combine_values!$C5*100 -> #DIV/0! | BD5: =(combine_values!BD5-combine_values!$D5)/combine_values!$D5*100 -> #DIV/0! | BE5: =(combine_values!BE5-combine_values!$B5)/combine_values!$B5*100 -> #DIV/0! | BF5: =(combine_values!BF5-combine_values!$C5)/combine_values!$C5*100 -> #DIV/0! | BG5: =(combine_values!BG5-combine_values!$D5)/combine_values!$D5*100 -> #DIV/0! | BH5: =(combine_values!BH5-combine_values!$B5)/combine_values!$B5*100 -> #DIV/0! | BI5: =(combine_values!BI5-combine_values!$C5)/combine_values!$C5*100 -> #DIV/0! | BJ5: =(combine_values!BJ5-combine_values!$D5)/combine_values!$D5*100 -> #DIV/0! | BK5: =(combine_values!BK5-combine_values!$B5)/combine_values!$B5*100 -> #DIV/0! | BL5: =(combine_values!BL5-combine_values!$C5)/combine_values!$C5*100 -> #DIV/0! | BM5: =(combine_values!BM5-combine_values!$D5)/combine_values!$D5*100 -> #DIV/0! | BN5: =(combine_values!BN5-combine_values!$B5)/combine_values!$B5*100 -> #DIV/0! | BO5: =(combine_values!BO5-combine_values!$C5)/combine_values!$C5*100 -> #DIV/0! | BP5: =(combine_values!BP5-combine_values!$D5)/combine_values!$D5*100 -> #DIV/0! | BQ5: =(combine_values!BQ5-combine_values!$B5)/combine_values!$B5*100 -> #DIV/0! | BR5: =(combine_values!BR5-combine_values!$C5)/combine_values!$C5*100 -> #DIV/0! | BS5: =(combine_values!BS5-combine_values!$D5)/combine_values!$D5*100 -> #DIV/0! | BT5: =(combine_values!BT5-combine_values!$B5)/combine_values!$B5*100 -> #DIV/0! | BU5: =(combine_values!BU5-combine_values!$C5)/combine_values!$C5*100 -> #DIV/0! | BV5: =(combine_values!BV5-combine_values!$D5)/combine_values!$D5*100 -> #DIV/0! | BW5: =(combine_values!BW5-combine_values!$B5)/combine_values!$B5*100 -> #DIV/0! | BX5: =(combine_values!BX5-combine_values!$C5)/combine_values!$C5*100 -> #DIV/0! | BY5: =(combine_values!BY5-combine_values!$D5)/combine_values!$D5*100 -> #DIV/0! | BZ5: =(combine_values!BZ5-combine_values!$B5)/combine_values!$B5*100 -> #DIV/0! | CA5: =(combine_values!CA5-combine_values!$C5)/combine_values!$C5*100 -> #DIV/0! | CB5: =(combine_values!CB5-combine_values!$D5)/combine_values!$D5*100 -> #DIV/0! | CC5: =(combine_values!CC5-combine_values!$B5)/combine_values!$B5*100 -> #DIV/0! | CD5: =(combine_values!CD5-combine_values!$C5)/combine_values!$C5*100 -> #DIV/0! | CE5: =(combine_values!CE5-combine_values!$D5)/combine_values!$D5*100 -> #DIV/0! | CF5: =(combine_values!CF5-combine_values!$B5)/combine_values!$B5*100 -> #DIV/0! | CG5: =(combine_values!CG5-combine_values!$C5)/combine_values!$C5*100 -> #DIV/0! | CH5: =(combine_values!CH5-combine_values!$D5)/combine_values!$D5*100 -> #DIV/0! | CI5: =(combine_values!CI5-combine_values!$B5)/combine_values!$B5*100 -> #DIV/0! | CJ5: =(combine_values!CJ5-combine_values!$C5)/combine_values!$C5*100 -> #DIV/0! | CK5: =(combine_values!CK5-combine_values!$D5)/combine_values!$D5*100 -> #DIV/0! | CL5: =(combine_values!CL5-combine_values!$B5)/combine_values!$B5*100 -> #DIV/0! | CM5: =(combine_values!CM5-combine_values!$C5)/combine_values!$C5*100 -> #DIV/0! | CN5: =(combine_values!CN5-combine_values!$D5)/combine_values!$D5*100 -> #DIV/0! | CO5: =(combine_values!CO5-combine_values!$B5)/combine_values!$B5*100 -> #DIV/0! | CP5: =(combine_values!CP5-combine_values!$C5)/combine_values!$C5*100 -> #DIV/0! | CQ5: =(combine_values!CQ5-combine_values!$D5)/combine_values!$D5*100 -> #DIV/0!
A6: BeH | B6: =OFFSET(wft_table!L$7,(ROW(wft_table!L3)-1)*4,0) -> 0 | C6: =OFFSET(wft_table!M$7,(ROW(wft_table!M3)-1)*4,0) -> 0 | D6: =OFFSET(wft_table!N$7,(ROW(wft_table!N3)-1)*4,0) -> 0 | F6: =(combine_values!F6-combine_values!$B6)/combine_values!$B6*100 -> #DIV/0! | G6: =(combine_values!G6-combine_values!$C6)/combine_values!$C6*100 -> #DIV/0! | H6: =(combine_values!H6-combine_values!$D6)/combine_values!$D6*100 -> #DIV/0! | I6: =(combine_values!I6-combine_values!$B6)/combine_values!$B6*100 -> #DIV/0! | J6: =(combine_values!J6-combine_values!$C6)/combine_values!$C6*100 -> #DIV/0! | K6: =(combine_values!K6-combine_values!$D6)/combine_values!$D6*100 -> #DIV/0! | L6: =(combine_values!L6-combine_values!$B6)/combine_values!$B6*100 -> #DIV/0! | M6: =(combine_values!M6-combine_values!$C6)/combine_values!$C6*100 -> #DIV/0! | N6: =(combine_values!N6-combine_values!$D6)/combine_values!$D6*100 -> #DIV/0! | O6: =(combine_values!O6-combine_values!$B6)/combine_values!$B6*100 -> #DIV/0! | P6: =(combine_values!P6-combine_values!$C6)/combine_values!$C6*100 -> #DIV/0! | Q6: =(combine_values!Q6-combine_values!$D6)/combine_values!$D6*100 -> #DIV/0! | R6: =(combine_values!R6-combine_values!$B6)/combine_values!$B6*100 -> #DIV/0! | S6: =(combine_values!S6-combine_values!$C6)/combine_values!$C6*100 -> #DIV/0! | T6: =(combine_values!T6-combine_values!$D6)/combine_values!$D6*100 -> #DIV/0! | U6: =(combine_values!U6-combine_values!$B6)/combine_values!$B6*100 -> #DIV/0! | V6: =(combine_values!V6-combine_values!$C6)/combine_values!$C6*100 -> #DIV/0! | W6: =(combine_values!W6-combine_values!$D6)/combine_values!$D6*100 -> #DIV/0! | X6: =(combine_values!X6-combine_values!$B6)/combine_values!$B6*100 -> #DIV/0! | Y6: =(combine_values!Y6-combine_values!$C6)/combine_values!$C6*100 -> #DIV/0! | Z6: =(combine_values!Z6-combine_values!$D6)/combine_values!$D6*100 -> #DIV/0! | AA6: =(combine_values!AA6-combine_values!$B6)/combine_values!$B6*100 -> #DIV/0! | AB6: =(combine_values!AB6-combine_values!$C6)/combine_values!$C6*100 -> #DIV/0! | AC6: =(combine_values!AC6-combine_values!$D6)/combine_values!$D6*100 -> #DIV/0! | AD6: =(combine_values!AD6-combine_values!$B6)/combine_values!$B6*100 -> #DIV/0! | AE6: =(combine_values!AE6-combine_values!$C6)/combine_values!$C6*100 -> #DIV/0! | AF6: =(combine_values!AF6-combine_values!$D6)/combine_values!$D6*100 -> #DIV/0! | AG6: =(combine_values!AG6-combine_values!$B6)/combine_values!$B6*100 -> #DIV/0! | AH6: =(combine_values!AH6-combine_values!$C6)/combine_values!$C6*100 -> #DIV/0! | AI6: =(combine_values!AI6-combine_values!$D6)/combine_values!$D6*100 -> #DIV/0! | AJ6: =(combine_values!AJ6-combine_values!$B6)/combine_values!$B6*100 -> #DIV/0! | AK6: =(combine_values!AK6-combine_values!$C6)/combine_values!$C6*100 -> #DIV/0! | AL6: =(combine_values!AL6-combine_values!$D6)/combine_values!$D6*100 -> #DIV/0! | AM6: =(combine_values!AM6-combine_values!$B6)/combine_values!$B6*100 -> #DIV/0! | AN6: =(combine_values!AN6-combine_values!$C6)/combine_values!$C6*100 -> #DIV/0! | AO6: =(combine_values!AO6-combine_values!$D6)/combine_values!$D6*100 -> #DIV/0! | AP6: =(combine_values!AP6-combine_values!$B6)/combine_values!$B6*100 -> #DIV/0! | AQ6: =(combine_values!AQ6-combine_values!$C6)/combine_values!$C6*100 -> #DIV/0! | AR6: =(combine_values!AR6-combine_values!$D6)/combine_values!$D6*100 -> #DIV/0! | AS6: =(combine_values!AS6-combine_values!$B6)/combine_values!$B6*100 -> #DIV/0! | AT6: =(combine_values!AT6-combine_values!$C6)/combine_values!$C6*100 -> #DIV/0! | AU6: =(combine_values!AU6-combine_values!$D6)/combine_values!$D6*100 -> #DIV/0! | AV6: =(combine_values!AV6-combine_values!$B6)/combine_values!$B6*100 -> #DIV/0! | AW6: =(combine_values!AW6-combine_values!$C6)/combine_values!$C6*100 -> #DIV/0! | AX6: =(combine_values!AX6-combine_values!$D6)/combine_values!$D6*100 -> #DIV/0! | AY6: =(combine_values!AY6-combine_values!$B6)/combine_values!$B6*100 -> #DIV/0! | AZ6: =(combine_values!AZ6-combine_values!$C6)/combine_values!$C6*100 -> #DIV/0! | BA6: =(combine_values!BA6-combine_values!$D6)/combine_values!$D6*100 -> #DIV/0! | BB6: =(combine_values!BB6-combine_values!$B6)/combine_values!$B6*100 -> #DIV/0! | BC6: =(combine_values!BC6-combine_values!$C6)/combine_values!$C6*100 -> #DIV/0! | BD6: =(combine_values!BD6-combine_values!$D6)/combine_values!$D6*100 -> #DIV/0! | BE6: =(combine_values!BE6-combine_values!$B6)/combine_values!$B6*100 -> #DIV/0! | BF6: =(combine_values!BF6-combine_values!$C6)/combine_values!$C6*100 -> #DIV/0! | BG6: =(combine_values!BG6-combine_values!$D6)/combine_values!$D6*100 -> #DIV/0! | BH6: =(combine_values!BH6-combine_values!$B6)/combine_values!$B6*100 -> #DIV/0! | BI6: =(combine_values!BI6-combine_values!$C6)/combine_values!$C6*100 -> #DIV/0! | BJ6: =(combine_values!BJ6-combine_values!$D6)/combine_values!$D6*100 -> #DIV/0! | BK6: =(combine_values!BK6-combine_values!$B6)/combine_values!$B6*100 -> #DIV/0! | BL6: =(combine_values!BL6-combine_values!$C6)/combine_values!$C6*100 -> #DIV/0! | BM6: =(combine_values!BM6-combine_values!$D6)/combine_values!$D6*100 -> #DIV/0! | BN6: =(combine_values!BN6-combine_values!$B6)/combine_values!$B6*100 -> #DIV/0! | BO6: =(combine_values!BO6-combine_values!$C6)/combine_values!$C6*100 -> #DIV/0! | BP6: =(combine_values!BP6-combine_values!$D6)/combine_values!$D6*100 -> #DIV/0! | BQ6: =(combine_values!BQ6-combine_values!$B6)/combine_values!$B6*100 -> #DIV/0! | BR6: =(combine_values!BR6-combine_values!$C6)/combine_values!$C6*100 -> #DIV/0! | BS6: =(combine_values!BS6-combine_values!$D6)/combine_values!$D6*100 -> #DIV/0! | BT6: =(combine_values!BT6-combine_values!$B6)/combine_values!$B6*100 -> #DIV/0! | BU6: =(combine_values!BU6-combine_values!$C6)/combine_values!$C6*100 -> #DIV/0! | BV6: =(combine_values!BV6-combine_values!$D6)/combine_values!$D6*100 -> #DIV/0! | BW6: =(combine_values!BW6-combine_values!$B6)/combine_values!$B6*100 -> #DIV/0! | BX6: =(combine_values!BX6-combine_values!$C6)/combine_values!$C6*100 -> #DIV/0! | BY6: =(combine_values!BY6-combine_values!$D6)/combine_values!$D6*100 -> #DIV/0! | BZ6: =(combine_values!BZ6-combine_values!$B6)/combine_values!$B6*100 -> #DIV/0! | CA6: =(combine_values!CA6-combine_values!$C6)/combine_values!$C6*100 -> #DIV/0! | CB6: =(combine_values!CB6-combine_values!$D6)/combine_values!$D6*100 -> #DIV/0! | CC6: =(combine_values!CC6-combine_values!$B6)/combine_values!$B6*100 -> #DIV/0! | CD6: =(combine_values!CD6-combine_values!$C6)/combine_values!$C6*100 -> #DIV/0! | CE6: =(combine_values!CE6-combine_values!$D6)/combine_values!$D6*100 -> #DIV/0! | CF6: =(combine_values!CF6-combine_values!$B6)/combine_values!$B6*100 -> #DIV/0! | CG6: =(combine_values!CG6-combine_values!$C6)/combine_values!$C6*100 -> #DIV/0! | CH6: =(combine_values!CH6-combine_values!$D6)/combine_values!$D6*100 -> #DIV/0! | CI6: =(combine_values!CI6-combine_values!$B6)/combine_values!$B6*100 -> #DIV/0! | CJ6: =(combine_values!CJ6-combine_values!$C6)/combine_values!$C6*100 -> #DIV/0! | CK6: =(combine_values!CK6-combine_values!$D6)/combine_values!$D6*100 -> #DIV/0! | CL6: =(combine_values!CL6-combine_values!$B6)/combine_values!$B6*100 -> #DIV/0! | CM6: =(combine_values!CM6-combine_values!$C6)/combine_values!$C6*100 -> #DIV/0! | CN6: =(combine_values!CN6-combine_values!$D6)/combine_values!$D6*100 -> #DIV/0! | CO6: =(combine_values!CO6-combine_values!$B6)/combine_values!$B6*100 -> #DIV/0! | CP6: =(combine_values!CP6-combine_values!$C6)/combine_values!$C6*100 -> #DIV/0! | CQ6: =(combine_values!CQ6-combine_values!$D6)/combine_values!$D6*100 -> #DIV/0!
A7: BeH2 | B7: =OFFSET(wft_table!L$7,(ROW(wft_table!L4)-1)*4,0) -> 0 | C7: =OFFSET(wft_table!M$7,(ROW(wft_table!M4)-1)*4,0) -> 0 | D7: =OFFSET(wft_table!N$7,(ROW(wft_table!N4)-1)*4,0) -> 0 | F7: =(combine_values!F7-combine_values!$B7)/combine_values!$B7*100 -> #DIV/0! | G7: =(combine_values!G7-combine_values!$C7)/combine_values!$C7*100 -> #DIV/0! | H7: =(combine_values!H7-combine_values!$D7)/combine_values!$D7*100 -> #DIV/0! | I7: =(combine_values!I7-combine_values!$B7)/combine_values!$B7*100 -> #DIV/0! | J7: =(combine_values!J7-combine_values!$C7)/combine_values!$C7*100 -> #DIV/0! | K7: =(combine_values!K7-combine_values!$D7)/combine_values!$D7*100 -> #DIV/0! | L7: =(combine_values!L7-combine_values!$B7)/combine_values!$B7*100 -> #DIV/0! | M7: =(combine_values!M7-combine_values!$C7)/combine_values!$C7*100 -> #DIV/0! | N7: =(combine_values!N7-combine_values!$D7)/combine_values!$D7*100 -> #DIV/0! | O7: =(combine_values!O7-combine_values!$B7)/combine_values!$B7*100 -> #DIV/0! | P7: =(combine_values!P7-combine_values!$C7)/combine_values!$C7*100 -> #DIV/0! | Q7: =(combine_values!Q7-combine_values!$D7)/combine_values!$D7*100 -> #DIV/0! | R7: =(combine_values!R7-combine_values!$B7)/combine_values!$B7*100 -> #DIV/0! | S7: =(combine_values!S7-combine_values!$C7)/combine_values!$C7*100 -> #DIV/0! | T7: =(combine_values!T7-combine_values!$D7)/combine_values!$D7*100 -> #DIV/0! | U7: =(combine_values!U7-combine_values!$B7)/combine_values!$B7*100 -> #DIV/0! | V7: =(combine_values!V7-combine_values!$C7)/combine_values!$C7*100 -> #DIV/0! | W7: =(combine_values!W7-combine_values!$D7)/combine_values!$D7*100 -> #DIV/0! | X7: =(combine_values!X7-combine_values!$B7)/combine_values!$B7*100 -> #DIV/0! | Y7: =(combine_values!Y7-combine_values!$C7)/combine_values!$C7*100 -> #DIV/0! | Z7: =(combine_values!Z7-combine_values!$D7)/combine_values!$D7*100 -> #DIV/0! | AA7: =(combine_values!AA7-combine_values!$B7)/combine_values!$B7*100 -> #DIV/0! | AB7: =(combine_values!AB7-combine_values!$C7)/combine_values!$C7*100 -> #DIV/0! | AC7: =(combine_values!AC7-combine_values!$D7)/combine_values!$D7*100 -> #DIV/0! | AD7: =(combine_values!AD7-combine_values!$B7)/combine_values!$B7*100 -> #DIV/0! | AE7: =(combine_values!AE7-combine_values!$C7)/combine_values!$C7*100 -> #DIV/0! | AF7: =(combine_values!AF7-combine_values!$D7)/combine_values!$D7*100 -> #DIV/0! | AG7: =(combine_values!AG7-combine_values!$B7)/combine_values!$B7*100 -> #DIV/0! | AH7: =(combine_values!AH7-combine_values!$C7)/combine_values!$C7*100 -> #DIV/0! | AI7: =(combine_values!AI7-combine_values!$D7)/combine_values!$D7*100 -> #DIV/0! | AJ7: =(combine_values!AJ7-combine_values!$B7)/combine_values!$B7*100 -> #DIV/0! | AK7: =(combine_values!AK7-combine_values!$C7)/combine_values!$C7*100 -> #DIV/0! | AL7: =(combine_values!AL7-combine_values!$D7)/combine_values!$D7*100 -> #DIV/0! | AM7: =(combine_values!AM7-combine_values!$B7)/combine_values!$B7*100 -> #DIV/0! | AN7: =(combine_values!AN7-combine_values!$C7)/combine_values!$C7*100 -> #DIV/0! | AO7: =(combine_values!AO7-combine_values!$D7)/combine_values!$D7*100 -> #DIV/0! | AP7: =(combine_values!AP7-combine_values!$B7)/combine_values!$B7*100 -> #DIV/0! | AQ7: =(combine_values!AQ7-combine_values!$C7)/combine_values!$C7*100 -> #DIV/0! | AR7: =(combine_values!AR7-combine_values!$D7)/combine_values!$D7*100 -> #DIV/0! | AS7: =(combine_values!AS7-combine_values!$B7)/combine_values!$B7*100 -> #DIV/0! | AT7: =(combine_values!AT7-combine_values!$C7)/combine_values!$C7*100 -> #DIV/0! | AU7: =(combine_values!AU7-combine_values!$D7)/combine_values!$D7*100 -> #DIV/0! | AV7: =(combine_values!AV7-combine_values!$B7)/combine_values!$B7*100 -> #DIV/0! | AW7: =(combine_values!AW7-combine_values!$C7)/combine_values!$C7*100 -> #DIV/0! | AX7: =(combine_values!AX7-combine_values!$D7)/combine_values!$D7*100 -> #DIV/0! | AY7: =(combine_values!AY7-combine_values!$B7)/combine_values!$B7*100 -> #DIV/0! | AZ7: =(combine_values!AZ7-combine_values!$C7)/combine_values!$C7*100 -> #DIV/0! | BA7: =(combine_values!BA7-combine_values!$D7)/combine_values!$D7*100 -> #DIV/0! | BB7: =(combine_values!BB7-combine_values!$B7)/combine_values!$B7*100 -> #DIV/0! | BC7: =(combine_values!BC7-combine_values!$C7)/combine_values!$C7*100 -> #DIV/0! | BD7: =(combine_values!BD7-combine_values!$D7)/combine_values!$D7*100 -> #DIV/0! | BE7: =(combine_values!BE7-combine_values!$B7)/combine_values!$B7*100 -> #DIV/0! | BF7: =(combine_values!BF7-combine_values!$C7)/combine_values!$C7*100 -> #DIV/0! | BG7: =(combine_values!BG7-combine_values!$D7)/combine_values!$D7*100 -> #DIV/0! | BH7: =(combine_values!BH7-combine_values!$B7)/combine_values!$B7*100 -> #DIV/0! | BI7: =(combine_values!BI7-combine_values!$C7)/combine_values!$C7*100 -> #DIV/0! | BJ7: =(combine_values!BJ7-combine_values!$D7)/combine_values!$D7*100 -> #DIV/0! | BK7: =(combine_values!BK7-combine_values!$B7)/combine_values!$B7*100 -> #DIV/0! | BL7: =(combine_values!BL7-combine_values!$C7)/combine_values!$C7*100 -> #DIV/0! | BM7: =(combine_values!BM7-combine_values!$D7)/combine_values!$D7*100 -> #DIV/0! | BN7: =(combine_values!BN7-combine_values!$B7)/combine_values!$B7*100 -> #DIV/0! | BO7: =(combine_values!BO7-combine_values!$C7)/combine_values!$C7*100 -> #DIV/0! | BP7: =(combine_values!BP7-combine_values!$D7)/combine_values!$D7*100 -> #DIV/0! | BQ7: =(combine_values!BQ7-combine_values!$B7)/combine_values!$B7*100 -> #DIV/0! | BR7: =(combine_values!BR7-combine_values!$C7)/combine_values!$C7*100 -> #DIV/0! | BS7: =(combine_values!BS7-combine_values!$D7)/combine_values!$D7*100 -> #DIV/0! | BT7: =(combine_values!BT7-combine_values!$B7)/combine_values!$B7*100 -> #DIV/0! | BU7: =(combine_values!BU7-combine_values!$C7)/combine_values!$C7*100 -> #DIV/0! | BV7: =(combine_values!BV7-combine_values!$D7)/combine_values!$D7*100 -> #DIV/0! | BW7: =(combine_values!BW7-combine_values!$B7)/combine_values!$B7*100 -> #DIV/0! | BX7: =(combine_values!BX7-combine_values!$C7)/combine_values!$C7*100 -> #DIV/0! | BY7: =(combine_values!BY7-combine_values!$D7)/combine_values!$D7*100 -> #DIV/0! | BZ7: =(combine_values!BZ7-combine_values!$B7)/combine_values!$B7*100 -> #DIV/0! | CA7: =(combine_values!CA7-combine_values!$C7)/combine_values!$C7*100 -> #DIV/0! | CB7: =(combine_values!CB7-combine_values!$D7)/combine_values!$D7*100 -> #DIV/0! | CC7: =(combine_values!CC7-combine_values!$B7)/combine_values!$B7*100 -> #DIV/0! | CD7: =(combine_values!CD7-combine_values!$C7)/combine_values!$C7*100 -> #DIV/0! | CE7: =(combine_values!CE7-combine_values!$D7)/combine_values!$D7*100 -> #DIV/0! | CF7: =(combine_values!CF7-combine_values!$B7)/combine_values!$B7*100 -> #DIV/0! | CG7: =(combine_values!CG7-combine_values!$C7)/combine_values!$C7*100 -> #DIV/0! | CH7: =(combine_values!CH7-combine_values!$D7)/combine_values!$D7*100 -> #DIV/0! | CI7: =(combine_values!CI7-combine_values!$B7)/combine_values!$B7*100 -> #DIV/0! | CJ7: =(combine_values!CJ7-combine_values!$C7)/combine_values!$C7*100 -> #DIV/0! | CK7: =(combine_values!CK7-combine_values!$D7)/combine_values!$D7*100 -> #DIV/0! | CL7: =(combine_values!CL7-combine_values!$B7)/combine_values!$B7*100 -> #DIV/0! | CM7: =(combine_values!CM7-combine_values!$C7)/combine_values!$C7*100 -> #DIV/0! | CN7: =(combine_values!CN7-combine_values!$D7)/combine_values!$D7*100 -> #DIV/0! | CO7: =(combine_values!CO7-combine_values!$B7)/combine_values!$B7*100 -> #DIV/0! | CP7: =(combine_values!CP7-combine_values!$C7)/combine_values!$C7*100 -> #DIV/0! | CQ7: =(combine_values!CQ7-combine_values!$D7)/combine_values!$D7*100 -> #DIV/0!
A8: BF | B8: =OFFSET(wft_table!L$7,(ROW(wft_table!L5)-1)*4,0) -> 0.74695003 | C8: =OFFSET(wft_table!M$7,(ROW(wft_table!M5)-1)*4,0) -> 0.74695003 | D8: =OFFSET(wft_table!N$7,(ROW(wft_table!N5)-1)*4,0) -> 1.4332355 | F8: =(combine_values!F8-combine_values!$B8)/combine_values!$B8*100 -> -0.44621031 | G8: =(combine_values!G8-combine_values!$C8)/combine_values!$C8*100 -> -0.44621031 | H8: =(combine_values!H8-combine_values!$D8)/combine_values!$D8*100 -> 0.97804725 | I8: =(combine_values!I8-combine_values!$B8)/combine_values!$B8*100 -> 0.42841086 | J8: =(combine_values!J8-combine_values!$C8)/combine_values!$C8*100 -> 0.42841086 | K8: =(combine_values!K8-combine_values!$D8)/combine_values!$D8*100 -> 0.37521783 | L8: =(combine_values!L8-combine_values!$B8)/combine_values!$B8*100 -> -0.24208541 | M8: =(combine_values!M8-combine_values!$C8)/combine_values!$C8*100 -> -0.24208541 | N8: =(combine_values!N8-combine_values!$D8)/combine_values!$D8*100 -> 0.095493172 | O8: =(combine_values!O8-combine_values!$B8)/combine_values!$B8*100 -> 3.4178881 | P8: =(combine_values!P8-combine_values!$C8)/combine_values!$C8*100 -> 3.4178881 | Q8: =(combine_values!Q8-combine_values!$D8)/combine_values!$D8*100 -> 0.78030552 | R8: =(combine_values!R8-combine_values!$B8)/combine_values!$B8*100 -> -100 | S8: =(combine_values!S8-combine_values!$C8)/combine_values!$C8*100 -> -100 | T8: =(combine_values!T8-combine_values!$D8)/combine_values!$D8*100 -> -100 | U8: =(combine_values!U8-combine_values!$B8)/combine_values!$B8*100 -> 0.84568921 | V8: =(combine_values!V8-combine_values!$C8)/combine_values!$C8*100 -> 0.84568921 | W8: =(combine_values!W8-combine_values!$D8)/combine_values!$D8*100 -> 0.35543121 | X8: =(combine_values!X8-combine_values!$B8)/combine_values!$B8*100 -> 1.5145425 | Y8: =(combine_values!Y8-combine_values!$C8)/combine_values!$C8*100 -> 1.5145425 | Z8: =(combine_values!Z8-combine_values!$D8)/combine_values!$D8*100 -> 0.44159478 | AA8: =(combine_values!AA8-combine_values!$B8)/combine_values!$B8*100 -> -100 | AB8: =(combine_values!AB8-combine_values!$C8)/combine_values!$C8*100 -> -100 | AC8: =(combine_values!AC8-combine_values!$D8)/combine_values!$D8*100 -> -100 | AD8: =(combine_values!AD8-combine_values!$B8)/combine_values!$B8*100 -> -100 | AE8: =(combine_values!AE8-combine_values!$C8)/combine_values!$C8*100 -> -100 | AF8: =(combine_values!AF8-combine_values!$D8)/combine_values!$D8*100 -> -100 | AG8: =(combine_values!AG8-combine_values!$B8)/combine_values!$B8*100 -> -100 | AH8: =(combine_values!AH8-combine_values!$C8)/combine_values!$C8*100 -> -100 | AI8: =(combine_values!AI8-combine_values!$D8)/combine_values!$D8*100 -> -100 | AJ8: =(combine_values!AJ8-combine_values!$B8)/combine_values!$B8*100 -> -100 | AK8: =(combine_values!AK8-combine_values!$C8)/combine_values!$C8*100 -> -100 | AL8: =(combine_values!AL8-combine_values!$D8)/combine_values!$D8*100 -> -100 | AM8: =(combine_values!AM8-combine_values!$B8)/combine_values!$B8*100 -> -100 | AN8: =(combine_values!AN8-combine_values!$C8)/combine_values!$C8*100 -> -100 | AO8: =(combine_values!AO8-combine_values!$D8)/combine_values!$D8*100 -> -100 | AP8: =(combine_values!AP8-combine_values!$B8)/combine_values!$B8*100 -> -0.42422264 | AQ8: =(combine_values!AQ8-combine_values!$C8)/combine_values!$C8*100 -> -0.42422264 | AR8: =(combine_values!AR8-combine_values!$D8)/combine_values!$D8*100 -> 0.24162967 | AS8: =(combine_values!AS8-combine_values!$B8)/combine_values!$B8*100 -> -100 | AT8: =(combine_values!AT8-combine_values!$C8)/combine_values!$C8*100 -> -100 | AU8: =(combine_values!AU8-combine_values!$D8)/combine_values!$D8*100 -> -100 | AV8: =(combine_values!AV8-combine_values!$B8)/combine_values!$B8*100 -> 0.34610343 | AW8: =(combine_values!AW8-combine_values!$C8)/combine_values!$C8*100 -> 0.34610343 | AX8: =(combine_values!AX8-combine_values!$D8)/combine_values!$D8*100 -> 0.38036227 | AY8: =(combine_values!AY8-combine_values!$B8)/combine_values!$B8*100 -> 1.4071278 | AZ8: =(combine_values!AZ8-combine_values!$C8)/combine_values!$C8*100 -> 1.4071278 | BA8: =(combine_values!BA8-combine_values!$D8)/combine_values!$D8*100 -> 0.90563089 | BB8: =(combine_values!BB8-combine_values!$B8)/combine_values!$B8*100 -> -0.29335328 | BC8: =(combine_values!BC8-combine_values!$C8)/combine_values!$C8*100 -> -0.29335328 | BD8: =(combine_values!BD8-combine_values!$D8)/combine_values!$D8*100 -> 0.79861277 | BE8: =(combine_values!BE8-combine_values!$B8)/combine_values!$B8*100 -> -100 | BF8: =(combine_values!BF8-combine_values!$C8)/combine_values!$C8*100 -> -100 | BG8: =(combine_values!BG8-combine_values!$D8)/combine_values!$D8*100 -> -100 | BH8: =(combine_values!BH8-combine_values!$B8)/combine_values!$B8*100 -> -100 | BI8: =(combine_values!BI8-combine_values!$C8)/combine_values!$C8*100 -> -100 | BJ8: =(combine_values!BJ8-combine_values!$D8)/combine_values!$D8*100 -> -100 | BK8: =(combine_values!BK8-combine_values!$B8)/combine_values!$B8*100 -> -100 | BL8: =(combine_values!BL8-combine_values!$C8)/combine_values!$C8*100 -> -100 | BM8: =(combine_values!BM8-combine_values!$D8)/combine_values!$D8*100 -> -100 | BN8: =(combine_values!BN8-combine_values!$B8)/combine_values!$B8*100 -> -100 | BO8: =(combine_values!BO8-combine_values!$C8)/combine_values!$C8*100 -> -100 | BP8: =(combine_values!BP8-combine_values!$D8)/combine_values!$D8*100 -> -100 | BQ8: =(combine_values!BQ8-combine_values!$B8)/combine_values!$B8*100 -> 0.37550388 | BR8: =(combine_values!BR8-combine_values!$C8)/combine_values!$C8*100 -> 0.37550388 | BS8: =(combine_values!BS8-combine_values!$D8)/combine_values!$D8*100 -> 0.24435911 | BT8: =(combine_values!BT8-combine_values!$B8)/combine_values!$B8*100 -> -100 | BU8: =(combine_values!BU8-combine_values!$C8)/combine_values!$C8*100 -> -100 | BV8: =(combine_values!BV8-combine_values!$D8)/combine_values!$D8*100 -> -100 | BW8: =(combine_values!BW8-combine_values!$B8)/combine_values!$B8*100 -> -100 | BX8: =(combine_values!BX8-combine_values!$C8)/combine_values!$C8*100 -> -100 | BY8: =(combine_values!BY8-combine_values!$D8)/combine_values!$D8*100 -> -100 | BZ8: =(combine_values!BZ8-combine_values!$B8)/combine_values!$B8*100 -> 0.75409499 | CA8: =(combine_values!CA8-combine_values!$C8)/combine_values!$C8*100 -> 0.75409499 | CB8: =(combine_values!CB8-combine_values!$D8)/combine_values!$D8*100 -> 0.33476024 | CC8: =(combine_values!CC8-combine_values!$B8)/combine_values!$B8*100 -> -100 | CD8: =(combine_values!CD8-combine_values!$C8)/combine_values!$C8*100 -> -100 | CE8: =(combine_values!CE8-combine_values!$D8)/combine_values!$D8*100 -> -100 | CF8: =(combine_values!CF8-combine_values!$B8)/combine_values!$B8*100 -> 0.83766624 | CG8: =(combine_values!CG8-combine_values!$C8)/combine_values!$C8*100 -> 0.83766624 | CH8: =(combine_values!CH8-combine_values!$D8)/combine_values!$D8*100 -> 0.52126675 | CI8: =(combine_values!CI8-combine_values!$B8)/combine_values!$B8*100 -> -100 | CJ8: =(combine_values!CJ8-combine_values!$C8)/combine_values!$C8*100 -> -100 | CK8: =(combine_values!CK8-combine_values!$D8)/combine_values!$D8*100 -> -100 | CL8: =(combine_values!CL8-combine_values!$B8)/combine_values!$B8*100 -> -100 | CM8: =(combine_values!CM8-combine_values!$C8)/combine_values!$C8*100 -> -100 | CN8: =(combine_values!CN8-combine_values!$D8)/combine_values!$D8*100 -> -100 | CO8: =(combine_values!CO8-combine_values!$B8)/combine_values!$B8*100 -> -100 | CP8: =(combine_values!CP8-combine_values!$C8)/combine_values!$C8*100 -> -100 | CQ8: =(combine_values!CQ8-combine_values!$D8)/combine_values!$D8*100 -> -100
A9: BH3 | B9: =OFFSET(wft_table!L$7,(ROW(wft_table!L6)-1)*4,0) -> 1.3440818 | C9: =OFFSET(wft_table!M$7,(ROW(wft_table!M6)-1)*4,0) -> 1.3440637 | D9: =OFFSET(wft_table!N$7,(ROW(wft_table!N6)-1)*4,0) -> 0.81370034 | F9: =(combine_values!F9-combine_values!$B9)/combine_values!$B9*100 -> 0.48378224 | G9: =(combine_values!G9-combine_values!$C9)/combine_values!$C9*100 -> 0.48362305 | H9: =(combine_values!H9-combine_values!$D9)/combine_values!$D9*100 -> -0.081104058 | I9: =(combine_values!I9-combine_values!$B9)/combine_values!$B9*100 -> 0.085103155 | J9: =(combine_values!J9-combine_values!$C9)/combine_values!$C9*100 -> 0.084680732 | K9: =(combine_values!K9-combine_values!$D9)/combine_values!$D9*100 -> -0.016267782 | L9: =(combine_values!L9-combine_values!$B9)/combine_values!$B9*100 -> 0.00038234281 | M9: =(combine_values!M9-combine_values!$C9)/combine_values!$C9*100 -> 0.00050838363 | N9: =(combine_values!N9-combine_values!$D9)/combine_values!$D9*100 -> -0.097915161 | O9: =(combine_values!O9-combine_values!$B9)/combine_values!$B9*100 -> 1.2513401 | P9: =(combine_values!P9-combine_values!$C9)/combine_values!$C9*100 -> 1.2512027 | Q9: =(combine_values!Q9-combine_values!$D9)/combine_values!$D9*100 -> 3.6477772 | R9: =(combine_values!R9-combine_values!$B9)/combine_values!$B9*100 -> -100 | S9: =(combine_values!S9-combine_values!$C9)/combine_values!$C9*100 -> -100 | T9: =(combine_values!T9-combine_values!$D9)/combine_values!$D9*100 -> -100 | U9: =(combine_values!U9-combine_values!$B9)/combine_values!$B9*100 -> 0.35545604 | V9: =(combine_values!V9-combine_values!$C9)/combine_values!$C9*100 -> 0.35529317 | W9: =(combine_values!W9-combine_values!$D9)/combine_values!$D9*100 -> 0.35552351 | X9: =(combine_values!X9-combine_values!$B9)/combine_values!$B9*100 -> 0.59149065 | Y9: =(combine_values!Y9-combine_values!$C9)/combine_values!$C9*100 -> 0.59133449 | Z9: =(combine_values!Z9-combine_values!$D9)/combine_values!$D9*100 -> 0.95445399 | AA9: =(combine_values!AA9-combine_values!$B9)/combine_values!$B9*100 -> 0.13196651 | AB9: =(combine_values!AB9-combine_values!$C9)/combine_values!$C9*100 -> 0.13179726 | AC9: =(combine_values!AC9-combine_values!$D9)/combine_values!$D9*100 -> 0.3834925 | AD9: =(combine_values!AD9-combine_values!$B9)/combine_values!$B9*100 -> 0.23569067 | AE9: =(combine_values!AE9-combine_values!$C9)/combine_values!$C9*100 -> 0.23552438 | AF9: =(combine_values!AF9-combine_values!$D9)/combine_values!$D9*100 -> 0.65229661 | AG9: =(combine_values!AG9-combine_values!$B9)/combine_values!$B9*100 -> -100 | AH9: =(combine_values!AH9-combine_values!$C9)/combine_values!$C9*100 -> -100 | AI9: =(combine_values!AI9-combine_values!$D9)/combine_values!$D9*100 -> -100 | AJ9: =(combine_values!AJ9-combine_values!$B9)/combine_values!$B9*100 -> -100 | AK9: =(combine_values!AK9-combine_values!$C9)/combine_values!$C9*100 -> -100 | AL9: =(combine_values!AL9-combine_values!$D9)/combine_values!$D9*100 -> -100 | AM9: =(combine_values!AM9-combine_values!$B9)/combine_values!$B9*100 -> -100 | AN9: =(combine_values!AN9-combine_values!$C9)/combine_values!$C9*100 -> -100 | AO9: =(combine_values!AO9-combine_values!$D9)/combine_values!$D9*100 -> -100 | AP9: =(combine_values!AP9-combine_values!$B9)/combine_values!$B9*100 -> -0.056243554 | AQ9: =(combine_values!AQ9-combine_values!$C9)/combine_values!$C9*100 -> -0.056418183 | AR9: =(combine_values!AR9-combine_values!$D9)/combine_values!$D9*100 -> -1.2191157 | AS9: =(combine_values!AS9-combine_values!$B9)/combine_values!$B9*100 -> 0.28571716 | AT9: =(combine_values!AT9-combine_values!$C9)/combine_values!$C9*100 -> 0.28478282 | AU9: =(combine_values!AU9-combine_values!$D9)/combine_values!$D9*100 -> -0.22238189 | AV9: =(combine_values!AV9-combine_values!$B9)/combine_values!$B9*100 -> 0.02170603 | AW9: =(combine_values!AW9-combine_values!$C9)/combine_values!$C9*100 -> 0.020247779 | AX9: =(combine_values!AX9-combine_values!$D9)/combine_values!$D9*100 -> -0.26951898 | AY9: =(combine_values!AY9-combine_values!$B9)/combine_values!$B9*100 -> 1.3013729 | AZ9: =(combine_values!AZ9-combine_values!$C9)/combine_values!$C9*100 -> 1.3012368 | BA9: =(combine_values!BA9-combine_values!$D9)/combine_values!$D9*100 -> 0.90508461 | BB9: =(combine_values!BB9-combine_values!$B9)/combine_values!$B9*100 -> 0.75245442 | BC9: =(combine_values!BC9-combine_values!$C9)/combine_values!$C9*100 -> 0.75230283 | BD9: =(combine_values!BD9-combine_values!$D9)/combine_values!$D9*100 -> -0.70818825 | BE9: =(combine_values!BE9-combine_values!$B9)/combine_values!$B9*100 -> -100 | BF9: =(combine_values!BF9-combine_values!$C9)/combine_values!$C9*100 -> -100 | BG9: =(combine_values!BG9-combine_values!$D9)/combine_values!$D9*100 -> -100 | BH9: =(combine_values!BH9-combine_values!$B9)/combine_values!$B9*100 -> 0.15970527 | BI9: =(combine_values!BI9-combine_values!$C9)/combine_values!$C9*100 -> 0.15979363 | BJ9: =(combine_values!BJ9-combine_values!$D9)/combine_values!$D9*100 -> -0.11271603 | BK9: =(combine_values!BK9-combine_values!$B9)/combine_values!$B9*100 -> 0.38646402 | BL9: =(combine_values!BL9-combine_values!$C9)/combine_values!$C9*100 -> 0.38630203 | BM9: =(combine_values!BM9-combine_values!$D9)/combine_values!$D9*100 -> 0.54695519 | BN9: =(combine_values!BN9-combine_values!$B9)/combine_values!$B9*100 -> 0.40824076 | BO9: =(combine_values!BO9-combine_values!$C9)/combine_values!$C9*100 -> 0.40807939 | BP9: =(combine_values!BP9-combine_values!$D9)/combine_values!$D9*100 -> 0.58882592 | BQ9: =(combine_values!BQ9-combine_values!$B9)/combine_values!$B9*100 -> 0.22465583 | BR9: =(combine_values!BR9-combine_values!$C9)/combine_values!$C9*100 -> 0.22448922 | BS9: =(combine_values!BS9-combine_values!$D9)/combine_values!$D9*100 -> 0.60696449 | BT9: =(combine_values!BT9-combine_values!$B9)/combine_values!$B9*100 -> -100 | BU9: =(combine_values!BU9-combine_values!$C9)/combine_values!$C9*100 -> -100 | BV9: =(combine_values!BV9-combine_values!$D9)/combine_values!$D9*100 -> -100 | BW9: =(combine_values!BW9-combine_values!$B9)/combine_values!$B9*100 -> -100 | BX9: =(combine_values!BX9-combine_values!$C9)/combine_values!$C9*100 -> -100 | BY9: =(combine_values!BY9-combine_values!$D9)/combine_values!$D9*100 -> -100 | BZ9: =(combine_values!BZ9-combine_values!$B9)/combine_values!$B9*100 -> 0.54877927 | CA9: =(combine_values!CA9-combine_values!$C9)/combine_values!$C9*100 -> 0.54862189 | CB9: =(combine_values!CB9-combine_values!$D9)/combine_values!$D9*100 -> 0.79095587 | CC9: =(combine_values!CC9-combine_values!$B9)/combine_values!$B9*100 -> -100 | CD9: =(combine_values!CD9-combine_values!$C9)/combine_values!$C9*100 -> -100 | CE9: =(combine_values!CE9-combine_values!$D9)/combine_values!$D9*100 -> -100 | CF9: =(combine_values!CF9-combine_values!$B9)/combine_values!$B9*100 -> 0.43846417 | CG9: =(combine_values!CG9-combine_values!$C9)/combine_values!$C9*100 -> 0.43830366 | CH9: =(combine_values!CH9-combine_values!$D9)/combine_values!$D9*100 -> 0.91899392 | CI9: =(combine_values!CI9-combine_values!$B9)/combine_values!$B9*100 -> -100 | CJ9: =(combine_values!CJ9-combine_values!$C9)/combine_values!$C9*100 -> -100 | CK9: =(combine_values!CK9-combine_values!$D9)/combine_values!$D9*100 -> -100 | CL9: =(combine_values!CL9-combine_values!$B9)/combine_values!$B9*100 -> -100 | CM9: =(combine_values!CM9-combine_values!$C9)/combine_values!$C9*100 -> -100 | CN9: =(combine_values!CN9-combine_values!$D9)/combine_values!$D9*100 -> -100 | CO9: =(combine_values!CO9-combine_values!$B9)/combine_values!$B9*100 -> -100 | CP9: =(combine_values!CP9-combine_values!$C9)/combine_values!$C9*100 -> -100 | CQ9: =(combine_values!CQ9-combine_values!$D9)/combine_values!$D9*100 -> -100
A10: BO | B10: =OFFSET(wft_table!L$7,(ROW(wft_table!L7)-1)*4,0) -> 0.77094245 | C10: =OFFSET(wft_table!M$7,(ROW(wft_table!M7)-1)*4,0) -> 0.77094245 | D10: =OFFSET(wft_table!N$7,(ROW(wft_table!N7)-1)*4,0) -> 1.3452716 | F10: =(combine_values!F10-combine_values!$B10)/combine_values!$B10*100 -> -0.43874416 | G10: =(combine_values!G10-combine_values!$C10)/combine_values!$C10*100 -> -0.43874416 | H10: =(combine_values!H10-combine_values!$D10)/combine_values!$D10*100 -> -0.28721603 | I10: =(combine_values!I10-combine_values!$B10)/combine_values!$B10*100 -> 0.064531184 | J10: =(combine_values!J10-combine_values!$C10)/combine_values!$C10*100 -> 0.064531184 | K10: =(combine_values!K10-combine_values!$D10)/combine_values!$D10*100 -> 0.037371403 | L10: =(combine_values!L10-combine_values!$B10)/combine_values!$B10*100 -> -0.1451845 | M10: =(combine_values!M10-combine_values!$C10)/combine_values!$C10*100 -> -0.1451845 | N10: =(combine_values!N10-combine_values!$D10)/combine_values!$D10*100 -> -0.12144258 | O10: =(combine_values!O10-combine_values!$B10)/combine_values!$B10*100 -> 2.0808636 | P10: =(combine_values!P10-combine_values!$C10)/combine_values!$C10*100 -> 2.0808636 | Q10: =(combine_values!Q10-combine_values!$D10)/combine_values!$D10*100 -> 0.83365989 | R10: =(combine_values!R10-combine_values!$B10)/combine_values!$B10*100 -> 0.90190954 | S10: =(combine_values!S10-combine_values!$C10)/combine_values!$C10*100 -> 0.90190954 | T10: =(combine_values!T10-combine_values!$D10)/combine_values!$D10*100 -> 0.27868908 | U10: =(combine_values!U10-combine_values!$B10)/combine_values!$B10*100 -> 0.24894283 | V10: =(combine_values!V10-combine_values!$C10)/combine_values!$C10*100 -> 0.24894283 | W10: =(combine_values!W10-combine_values!$D10)/combine_values!$D10*100 -> 0.19286815 | X10: =(combine_values!X10-combine_values!$B10)/combine_values!$B10*100 -> -100 | Y10: =(combine_values!Y10-combine_values!$C10)/combine_values!$C10*100 -> -100 | Z10: =(combine_values!Z10-combine_values!$D10)/combine_values!$D10*100 -> -100 | AA10: =(combine_values!AA10-combine_values!$B10)/combine_values!$B10*100 -> -100 | AB10: =(combine_values!AB10-combine_values!$C10)/combine_values!$C10*100 -> -100 | AC10: =(combine_values!AC10-combine_values!$D10)/combine_values!$D10*100 -> -100 | AD10: =(combine_values!AD10-combine_values!$B10)/combine_values!$B10*100 -> -100 | AE10: =(combine_values!AE10-combine_values!$C10)/combine_values!$C10*100 -> -100 | AF10: =(combine_values!AF10-combine_values!$D10)/combine_values!$D10*100 -> -100 | AG10: =(combine_values!AG10-combine_values!$B10)/combine_values!$B10*100 -> 0.63692869 | AH10: =(combine_values!AH10-combine_values!$C10)/combine_values!$C10*100 -> 0.63692869 | AI10: =(combine_values!AI10-combine_values!$D10)/combine_values!$D10*100 -> 0.23601452 | AJ10: =(combine_values!AJ10-combine_values!$B10)/combine_values!$B10*100 -> -100 | AK10: =(combine_values!AK10-combine_values!$C10)/combine_values!$C10*100 -> -100 | AL10: =(combine_values!AL10-combine_values!$D10)/combine_values!$D10*100 -> -100 | AM10: =(combine_values!AM10-combine_values!$B10)/combine_values!$B10*100 -> -100 | AN10: =(combine_values!AN10-combine_values!$C10)/combine_values!$C10*100 -> -100 | AO10: =(combine_values!AO10-combine_values!$D10)/combine_values!$D10*100 -> -100 | AP10: =(combine_values!AP10-combine_values!$B10)/combine_values!$B10*100 -> -0.91053455 | AQ10: =(combine_values!AQ10-combine_values!$C10)/combine_values!$C10*100 -> -0.91053455 | AR10: =(combine_values!AR10-combine_values!$D10)/combine_values!$D10*100 -> -0.12316486 | AS10: =(combine_values!AS10-combine_values!$B10)/combine_values!$B10*100 -> -100 | AT10: =(combine_values!AT10-combine_values!$C10)/combine_values!$C10*100 -> -100 | AU10: =(combine_values!AU10-combine_values!$D10)/combine_values!$D10*100 -> -100 | AV10: =(combine_values!AV10-combine_values!$B10)/combine_values!$B10*100 -> -0.094790542 | AW10: =(combine_values!AW10-combine_values!$C10)/combine_values!$C10*100 -> -0.094790542 | AX10: =(combine_values!AX10-combine_values!$D10)/combine_values!$D10*100 -> 0.01697893 | AY10: =(combine_values!AY10-combine_values!$B10)/combine_values!$B10*100 -> 0.8942802 | AZ10: =(combine_values!AZ10-combine_values!$C10)/combine_values!$C10*100 -> 0.8942802 | BA10: =(combine_values!BA10-combine_values!$D10)/combine_values!$D10*100 -> 0.17284803 | BB10: =(combine_values!BB10-combine_values!$B10)/combine_values!$B10*100 -> -0.54608058 | BC10: =(combine_values!BC10-combine_values!$C10)/combine_values!$C10*100 -> -0.54608058 | BD10: =(combine_values!BD10-combine_values!$D10)/combine_values!$D10*100 -> -0.03611281 | BE10: =(combine_values!BE10-combine_values!$B10)/combine_values!$B10*100 -> -0.019212168 | BF10: =(combine_values!BF10-combine_values!$C10)/combine_values!$C10*100 -> -0.019212168 | BG10: =(combine_values!BG10-combine_values!$D10)/combine_values!$D10*100 -> -0.13213611 | BH10: =(combine_values!BH10-combine_values!$B10)/combine_values!$B10*100 -> -100 | BI10: =(combine_values!BI10-combine_values!$C10)/combine_values!$C10*100 -> -100 | BJ10: =(combine_values!BJ10-combine_values!$D10)/combine_values!$D10*100 -> -100 | BK10: =(combine_values!BK10-combine_values!$B10)/combine_values!$B10*100 -> -100 | BL10: =(combine_values!BL10-combine_values!$C10)/combine_values!$C10*100 -> -100 | BM10: =(combine_values!BM10-combine_values!$D10)/combine_values!$D10*100 -> -100 | BN10: =(combine_values!BN10-combine_values!$B10)/combine_values!$B10*100 -> -100 | BO10: =(combine_values!BO10-combine_values!$C10)/combine_values!$C10*100 -> -100 | BP10: =(combine_values!BP10-combine_values!$D10)/combine_values!$D10*100 -> -100 | BQ10: =(combine_values!BQ10-combine_values!$B10)/combine_values!$B10*100 -> 0.21438251 | BR10: =(combine_values!BR10-combine_values!$C10)/combine_values!$C10*100 -> 0.21438251 | BS10: =(combine_values!BS10-combine_values!$D10)/combine_values!$D10*100 -> -0.2259925 | BT10: =(combine_values!BT10-combine_values!$B10)/combine_values!$B10*100 -> 0.06111746 | BU10: =(combine_values!BU10-combine_values!$C10)/combine_values!$C10*100 -> 0.06111746 | BV10: =(combine_values!BV10-combine_values!$D10)/combine_values!$D10*100 -> -0.077022235 | BW10: =(combine_values!BW10-combine_values!$B10)/combine_values!$B10*100 -> -100 | BX10: =(combine_values!BX10-combine_values!$C10)/combine_values!$C10*100 -> -100 | BY10: =(combine_values!BY10-combine_values!$D10)/combine_values!$D10*100 -> -100 | BZ10: =(combine_values!BZ10-combine_values!$B10)/combine_values!$B10*100 -> 0.46323883 | CA10: =(combine_values!CA10-combine_values!$C10)/combine_values!$C10*100 -> 0.46323883 | CB10: =(combine_values!CB10-combine_values!$D10)/combine_values!$D10*100 -> -0.21573052 | CC10: =(combine_values!CC10-combine_values!$B10)/combine_values!$B10*100 -> -0.24949526 | CD10: =(combine_values!CD10-combine_values!$C10)/combine_values!$C10*100 -> -0.24949526 | CE10: =(combine_values!CE10-combine_values!$D10)/combine_values!$D10*100 -> -0.30989891 | CF10: =(combine_values!CF10-combine_values!$B10)/combine_values!$B10*100 -> 0.43929107 | CG10: =(combine_values!CG10-combine_values!$C10)/combine_values!$C10*100 -> 0.43929107 | CH10: =(combine_values!CH10-combine_values!$D10)/combine_values!$D10*100 -> 0.027813364 | CI10: =(combine_values!CI10-combine_values!$B10)/combine_values!$B10*100 -> -100 | CJ10: =(combine_values!CJ10-combine_values!$C10)/combine_values!$C10*100 -> -100 | CK10: =(combine_values!CK10-combine_values!$D10)/combine_values!$D10*100 -> -100 | CL10: =(combine_values!CL10-combine_values!$B10)/combine_values!$B10*100 -> -100 | CM10: =(combine_values!CM10-combine_values!$C10)/combine_values!$C10*100 -> -100 | CN10: =(combine_values!CN10-combine_values!$D10)/combine_values!$D10*100 -> -100 | CO10: =(combine_values!CO10-combine_values!$B10)/combine_values!$B10*100 -> -100 | CP10: =(combine_values!CP10-combine_values!$C10)/combine_values!$C10*100 -> -100 | CQ10: =(combine_values!CQ10-combine_values!$D10)/combine_values!$D10*100 -> -100
A11: BS | B11: =OFFSET(wft_table!L$7,(ROW(wft_table!L8)-1)*4,0) -> 0.8222529 | C11: =OFFSET(wft_table!M$7,(ROW(wft_table!M8)-1)*4,0) -> 0.8222529 | D11: =OFFSET(wft_table!N$7,(ROW(wft_table!N8)-1)*4,0) -> 1.5060146 | F11: =(combine_values!F11-combine_values!$B11)/combine_values!$B11*100 -> 0.90836018 | G11: =(combine_values!G11-combine_values!$C11)/combine_values!$C11*100 -> 0.90836018 | H11: =(combine_values!H11-combine_values!$D11)/combine_values!$D11*100 -> -0.27334804 | I11: =(combine_values!I11-combine_values!$B11)/combine_values!$B11*100 -> 0.37720652 | J11: =(combine_values!J11-combine_values!$C11)/combine_values!$C11*100 -> 0.37720652 | K11: =(combine_values!K11-combine_values!$D11)/combine_values!$D11*100 -> -2.3995546 | L11: =(combine_values!L11-combine_values!$B11)/combine_values!$B11*100 -> 0.058163693 | M11: =(combine_values!M11-combine_values!$C11)/combine_values!$C11*100 -> 0.058163693 | N11: =(combine_values!N11-combine_values!$D11)/combine_values!$D11*100 -> -0.13278671 | O11: =(combine_values!O11-combine_values!$B11)/combine_values!$B11*100 -> 1.5495391 | P11: =(combine_values!P11-combine_values!$C11)/combine_values!$C11*100 -> 1.5495391 | Q11: =(combine_values!Q11-combine_values!$D11)/combine_values!$D11*100 -> 0.69296008 | R11: =(combine_values!R11-combine_values!$B11)/combine_values!$B11*100 -> 0.36539409 | S11: =(combine_values!S11-combine_values!$C11)/combine_values!$C11*100 -> 0.36539409 | T11: =(combine_values!T11-combine_values!$D11)/combine_values!$D11*100 -> 0.27608463 | U11: =(combine_values!U11-combine_values!$B11)/combine_values!$B11*100 -> -100 | V11: =(combine_values!V11-combine_values!$C11)/combine_values!$C11*100 -> -100 | W11: =(combine_values!W11-combine_values!$D11)/combine_values!$D11*100 -> -100 | X11: =(combine_values!X11-combine_values!$B11)/combine_values!$B11*100 -> 0.45926324 | Y11: =(combine_values!Y11-combine_values!$C11)/combine_values!$C11*100 -> 0.45926324 | Z11: =(combine_values!Z11-combine_values!$D11)/combine_values!$D11*100 -> 0.32664588 | AA11: =(combine_values!AA11-combine_values!$B11)/combine_values!$B11*100 -> -0.16295312 | AB11: =(combine_values!AB11-combine_values!$C11)/combine_values!$C11*100 -> -0.16295312 | AC11: =(combine_values!AC11-combine_values!$D11)/combine_values!$D11*100 -> 0.090772678 | AD11: =(combine_values!AD11-combine_values!$B11)/combine_values!$B11*100 -> 0.0050079253 | AE11: =(combine_values!AE11-combine_values!$C11)/combine_values!$C11*100 -> 0.0050079253 | AF11: =(combine_values!AF11-combine_values!$D11)/combine_values!$D11*100 -> 0.1480017 | AG11: =(combine_values!AG11-combine_values!$B11)/combine_values!$B11*100 -> 0.15438967 | AH11: =(combine_values!AH11-combine_values!$C11)/combine_values!$C11*100 -> 0.15438967 | AI11: =(combine_values!AI11-combine_values!$D11)/combine_values!$D11*100 -> 0.21257545 | AJ11: =(combine_values!AJ11-combine_values!$B11)/combine_values!$B11*100 -> -100 | AK11: =(combine_values!AK11-combine_values!$C11)/combine_values!$C11*100 -> -100 | AL11: =(combine_values!AL11-combine_values!$D11)/combine_values!$D11*100 -> -100 | AM11: =(combine_values!AM11-combine_values!$B11)/combine_values!$B11*100 -> -100 | AN11: =(combine_values!AN11-combine_values!$C11)/combine_values!$C11*100 -> -100 | AO11: =(combine_values!AO11-combine_values!$D11)/combine_values!$D11*100 -> -100 | AP11: =(combine_values!AP11-combine_values!$B11)/combine_values!$B11*100 -> -100 | AQ11: =(combine_values!AQ11-combine_values!$C11)/combine_values!$C11*100 -> -100 | AR11: =(combine_values!AR11-combine_values!$D11)/combine_values!$D11*100 -> -100 | AS11: =(combine_values!AS11-combine_values!$B11)/combine_values!$B11*100 -> -0.52025264 | AT11: =(combine_values!AT11-combine_values!$C11)/combine_values!$C11*100 -> -0.52025264 | AU11: =(combine_values!AU11-combine_values!$D11)/combine_values!$D11*100 -> -0.15768434 | AV11: =(combine_values!AV11-combine_values!$B11)/combine_values!$B11*100 -> -100 | AW11: =(combine_values!AW11-combine_values!$C11)/combine_values!$C11*100 -> -100 | AX11: =(combine_values!AX11-combine_values!$D11)/combine_values!$D11*100 -> -100 | AY11: =(combine_values!AY11-combine_values!$B11)/combine_values!$B11*100 -> -100 | AZ11: =(combine_values!AZ11-combine_values!$C11)/combine_values!$C11*100 -> -100 | BA11: =(combine_values!BA11-combine_values!$D11)/combine_values!$D11*100 -> -100 | BB11: =(combine_values!BB11-combine_values!$B11)/combine_values!$B11*100 -> -100 | BC11: =(combine_values!BC11-combine_values!$C11)/combine_values!$C11*100 -> -100 | BD11: =(combine_values!BD11-combine_values!$D11)/combine_values!$D11*100 -> -100 | BE11: =(combine_values!BE11-combine_values!$B11)/combine_values!$B11*100 -> -0.067015668 | BF11: =(combine_values!BF11-combine_values!$C11)/combine_values!$C11*100 -> -0.067015668 | BG11: =(combine_values!BG11-combine_values!$D11)/combine_values!$D11*100 -> -0.096340428 | BH11: =(combine_values!BH11-combine_values!$B11)/combine_values!$B11*100 -> -0.10553685 | BI11: =(combine_values!BI11-combine_values!$C11)/combine_values!$C11*100 -> -0.10553685 | BJ11: =(combine_values!BJ11-combine_values!$D11)/combine_values!$D11*100 -> 0.11461428 | BK11: =(combine_values!BK11-combine_values!$B11)/combine_values!$B11*100 -> 0.35991568 | BL11: =(combine_values!BL11-combine_values!$C11)/combine_values!$C11*100 -> 0.35991568 | BM11: =(combine_values!BM11-combine_values!$D11)/combine_values!$D11*100 -> 0.070311919 | BN11: =(combine_values!BN11-combine_values!$B11)/combine_values!$B11*100 -> 0.39382485 | BO11: =(combine_values!BO11-combine_values!$C11)/combine_values!$C11*100 -> 0.39382485 | BP11: =(combine_values!BP11-combine_values!$D11)/combine_values!$D11*100 -> 0.08286806 | BQ11: =(combine_values!BQ11-combine_values!$B11)/combine_values!$B11*100 -> -100 | BR11: =(combine_values!BR11-combine_values!$C11)/combine_values!$C11*100 -> -100 | BS11: =(combine_values!BS11-combine_values!$D11)/combine_values!$D11*100 -> -100 | BT11: =(combine_values!BT11-combine_values!$B11)/combine_values!$B11*100 -> 0.09764564 | BU11: =(combine_values!BU11-combine_values!$C11)/combine_values!$C11*100 -> 0.09764564 | BV11: =(combine_values!BV11-combine_values!$D11)/combine_values!$D11*100 -> -0.07687639 | BW11: =(combine_values!BW11-combine_values!$B11)/combine_values!$B11*100 -> -100 | BX11: =(combine_values!BX11-combine_values!$C11)/combine_values!$C11*100 -> -100 | BY11: =(combine_values!BY11-combine_values!$D11)/combine_values!$D11*100 -> -100 | BZ11: =(combine_values!BZ11-combine_values!$B11)/combine_values!$B11*100 -> -100 | CA11: =(combine_values!CA11-combine_values!$C11)/combine_values!$C11*100 -> -100 | CB11: =(combine_values!CB11-combine_values!$D11)/combine_values!$D11*100 -> -100 | CC11: =(combine_values!CC11-combine_values!$B11)/combine_values!$B11*100 -> 0.080119092 | CD11: =(combine_values!CD11-combine_values!$C11)/combine_values!$C11*100 -> 0.080119092 | CE11: =(combine_values!CE11-combine_values!$D11)/combine_values!$D11*100 -> -0.25124425 | CF11: =(combine_values!CF11-combine_values!$B11)/combine_values!$B11*100 -> -100 | CG11: =(combine_values!CG11-combine_values!$C11)/combine_values!$C11*100 -> -100 | CH11: =(combine_values!CH11-combine_values!$D11)/combine_values!$D11*100 -> -100 | CI11: =(combine_values!CI11-combine_values!$B11)/combine_values!$B11*100 -> -100 | CJ11: =(combine_values!CJ11-combine_values!$C11)/combine_values!$C11*100 -> -100 | CK11: =(combine_values!CK11-combine_values!$D11)/combine_values!$D11*100 -> -100 | CL11: =(combine_values!CL11-combine_values!$B11)/combine_values!$B11*100 -> 0.37113306 | CM11: =(combine_values!CM11-combine_values!$C11)/combine_values!$C11*100 -> 0.37113306 | CN11: =(combine_values!CN11-combine_values!$D11)/combine_values!$D11*100 -> -0.1077353 | CO11: =(combine_values!CO11-combine_values!$B11)/combine_values!$B11*100 -> -100 | CP11: =(combine_values!CP11-combine_values!$C11)/combine_values!$C11*100 -> -100 | CQ11: =(combine_values!CQ11-combine_values!$D11)/combine_values!$D11*100 -> -100
A12: C2H | B12: =OFFSET(wft_table!L$7,(ROW(wft_table!L9)-1)*4,0) -> 0.8548835 | C12: =OFFSET(wft_table!M$7,(ROW(wft_table!M9)-1)*4,0) -> 0.8548835 | D12: =OFFSET(wft_table!N$7,(ROW(wft_table!N9)-1)*4,0) -> 1.5576292 | F12: =(combine_values!F12-combine_values!$B12)/combine_values!$B12*100 -> 0.67661547 | G12: =(combine_values!G12-combine_values!$C12)/combine_values!$C12*100 -> 0.67661547 | H12: =(combine_values!H12-combine_values!$D12)/combine_values!$D12*100 -> -0.80977525 | I12: =(combine_values!I12-combine_values!$B12)/combine_values!$B12*100 -> 1.7499221 | J12: =(combine_values!J12-combine_values!$C12)/combine_values!$C12*100 -> 1.7499221 | K12: =(combine_values!K12-combine_values!$D12)/combine_values!$D12*100 -> -0.69897648 | L12: =(combine_values!L12-combine_values!$B12)/combine_values!$B12*100 -> -0.016179281 | M12: =(combine_values!M12-combine_values!$C12)/combine_values!$C12*100 -> -0.016179281 | N12: =(combine_values!N12-combine_values!$D12)/combine_values!$D12*100 -> -0.066801841 | O12: =(combine_values!O12-combine_values!$B12)/combine_values!$B12*100 -> 2.0822435 | P12: =(combine_values!P12-combine_values!$C12)/combine_values!$C12*100 -> 2.0822435 | Q12: =(combine_values!Q12-combine_values!$D12)/combine_values!$D12*100 -> -0.21787846 | R12: =(combine_values!R12-combine_values!$B12)/combine_values!$B12*100 -> 0.68943985 | S12: =(combine_values!S12-combine_values!$C12)/combine_values!$C12*100 -> 0.68943985 | T12: =(combine_values!T12-combine_values!$D12)/combine_values!$D12*100 -> -0.64255504 | U12: =(combine_values!U12-combine_values!$B12)/combine_values!$B12*100 -> 0.18260307 | V12: =(combine_values!V12-combine_values!$C12)/combine_values!$C12*100 -> 0.18260307 | W12: =(combine_values!W12-combine_values!$D12)/combine_values!$D12*100 -> -0.71410205 | X12: =(combine_values!X12-combine_values!$B12)/combine_values!$B12*100 -> -100 | Y12: =(combine_values!Y12-combine_values!$C12)/combine_values!$C12*100 -> -100 | Z12: =(combine_values!Z12-combine_values!$D12)/combine_values!$D12*100 -> -100 | AA12: =(combine_values!AA12-combine_values!$B12)/combine_values!$B12*100 -> -100 | AB12: =(combine_values!AB12-combine_values!$C12)/combine_values!$C12*100 -> -100 | AC12: =(combine_values!AC12-combine_values!$D12)/combine_values!$D12*100 -> -100 | AD12: =(combine_values!AD12-combine_values!$B12)/combine_values!$B12*100 -> 0.25912365 | AE12: =(combine_values!AE12-combine_values!$C12)/combine_values!$C12*100 -> 0.25912365 | AF12: =(combine_values!AF12-combine_values!$D12)/combine_values!$D12*100 -> -0.68907929 | AG12: =(combine_values!AG12-combine_values!$B12)/combine_values!$B12*100 -> 0.43419849 | AH12: =(combine_values!AH12-combine_values!$C12)/combine_values!$C12*100 -> 0.43419849 | AI12: =(combine_values!AI12-combine_values!$D12)/combine_values!$D12*100 -> -0.64863756 | AJ12: =(combine_values!AJ12-combine_values!$B12)/combine_values!$B12*100 -> 0.52415162 | AK12: =(combine_values!AK12-combine_values!$C12)/combine_values!$C12*100 -> 0.52415162 | AL12: =(combine_values!AL12-combine_values!$D12)/combine_values!$D12*100 -> -0.81510186 | AM12: =(combine_values!AM12-combine_values!$B12)/combine_values!$B12*100 -> 0.51519885 | AN12: =(combine_values!AN12-combine_values!$C12)/combine_values!$C12*100 -> 0.51519885 | AO12: =(combine_values!AO12-combine_values!$D12)/combine_values!$D12*100 -> -0.81629178 | AP12: =(combine_values!AP12-combine_values!$B12)/combine_values!$B12*100 -> -0.84278778 | AQ12: =(combine_values!AQ12-combine_values!$C12)/combine_values!$C12*100 -> -0.84278778 | AR12: =(combine_values!AR12-combine_values!$D12)/combine_values!$D12*100 -> -0.95307194 | AS12: =(combine_values!AS12-combine_values!$B12)/combine_values!$B12*100 -> -0.22244558 | AT12: =(combine_values!AT12-combine_values!$C12)/combine_values!$C12*100 -> -0.22244558 | AU12: =(combine_values!AU12-combine_values!$D12)/combine_values!$D12*100 -> -0.94977255 | AV12: =(combine_values!AV12-combine_values!$B12)/combine_values!$B12*100 -> -0.011693769 | AW12: =(combine_values!AW12-combine_values!$C12)/combine_values!$C12*100 -> -0.011693769 | AX12: =(combine_values!AX12-combine_values!$D12)/combine_values!$D12*100 -> -0.89927336 | AY12: =(combine_values!AY12-combine_values!$B12)/combine_values!$B12*100 -> 1.608545 | AZ12: =(combine_values!AZ12-combine_values!$C12)/combine_values!$C12*100 -> 1.608545 | BA12: =(combine_values!BA12-combine_values!$D12)/combine_values!$D12*100 -> -0.65433 | BB12: =(combine_values!BB12-combine_values!$B12)/combine_values!$B12*100 -> -0.2738299 | BC12: =(combine_values!BC12-combine_values!$C12)/combine_values!$C12*100 -> -0.2738299 | BD12: =(combine_values!BD12-combine_values!$D12)/combine_values!$D12*100 -> -0.97178868 | BE12: =(combine_values!BE12-combine_values!$B12)/combine_values!$B12*100 -> 0.14588368 | BF12: =(combine_values!BF12-combine_values!$C12)/combine_values!$C12*100 -> 0.14588368 | BG12: =(combine_values!BG12-combine_values!$D12)/combine_values!$D12*100 -> -0.9465816 | BH12: =(combine_values!BH12-combine_values!$B12)/combine_values!$B12*100 -> 0.18728969 | BI12: =(combine_values!BI12-combine_values!$C12)/combine_values!$C12*100 -> 0.18728969 | BJ12: =(combine_values!BJ12-combine_values!$D12)/combine_values!$D12*100 -> -0.77258284 | BK12: =(combine_values!BK12-combine_values!$B12)/combine_values!$B12*100 -> -100 | BL12: =(combine_values!BL12-combine_values!$C12)/combine_values!$C12*100 -> -100 | BM12: =(combine_values!BM12-combine_values!$D12)/combine_values!$D12*100 -> -100 | BN12: =(combine_values!BN12-combine_values!$B12)/combine_values!$B12*100 -> -100 | BO12: =(combine_values!BO12-combine_values!$C12)/combine_values!$C12*100 -> -100 | BP12: =(combine_values!BP12-combine_values!$D12)/combine_values!$D12*100 -> -100 | BQ12: =(combine_values!BQ12-combine_values!$B12)/combine_values!$B12*100 -> 0.66612149 | BR12: =(combine_values!BR12-combine_values!$C12)/combine_values!$C12*100 -> 0.66612149 | BS12: =(combine_values!BS12-combine_values!$D12)/combine_values!$D12*100 -> -0.87184657 | BT12: =(combine_values!BT12-combine_values!$B12)/combine_values!$B12*100 -> 0.36872741 | BU12: =(combine_values!BU12-combine_values!$C12)/combine_values!$C12*100 -> 0.36872741 | BV12: =(combine_values!BV12-combine_values!$D12)/combine_values!$D12*100 -> -0.91952705 | BW12: =(combine_values!BW12-combine_values!$B12)/combine_values!$B12*100 -> 0.80517443 | BX12: =(combine_values!BX12-combine_values!$C12)/combine_values!$C12*100 -> 0.80517443 | BY12: =(combine_values!BY12-combine_values!$D12)/combine_values!$D12*100 -> -0.84915062 | BZ12: =(combine_values!BZ12-combine_values!$B12)/combine_values!$B12*100 -> 0.53310358 | CA12: =(combine_values!CA12-combine_values!$C12)/combine_values!$C12*100 -> 0.53310358 | CB12: =(combine_values!CB12-combine_values!$D12)/combine_values!$D12*100 -> -0.72707453 | CC12: =(combine_values!CC12-combine_values!$B12)/combine_values!$B12*100 -> 0.27512313 | CD12: =(combine_values!CD12-combine_values!$C12)/combine_values!$C12*100 -> 0.27512313 | CE12: =(combine_values!CE12-combine_values!$D12)/combine_values!$D12*100 -> -1.0557393 | CF12: =(combine_values!CF12-combine_values!$B12)/combine_values!$B12*100 -> 0.77722389 | CG12: =(combine_values!CG12-combine_values!$C12)/combine_values!$C12*100 -> 0.77722389 | CH12: =(combine_values!CH12-combine_values!$D12)/combine_values!$D12*100 -> -0.77243864 | CI12: =(combine_values!CI12-combine_values!$B12)/combine_values!$B12*100 -> 0.30594418 | CJ12: =(combine_values!CJ12-combine_values!$C12)/combine_values!$C12*100 -> 0.30594418 | CK12: =(combine_values!CK12-combine_values!$D12)/combine_values!$D12*100 -> -0.99764397 | CL12: =(combine_values!CL12-combine_values!$B12)/combine_values!$B12*100 -> 0.68827406 | CM12: =(combine_values!CM12-combine_values!$C12)/combine_values!$C12*100 -> 0.68827406 | CN12: =(combine_values!CN12-combine_values!$D12)/combine_values!$D12*100 -> -0.85900167 | CO12: =(combine_values!CO12-combine_values!$B12)/combine_values!$B12*100 -> 1.1171509 | CP12: =(combine_values!CP12-combine_values!$C12)/combine_values!$C12*100 -> 1.1171509 | CQ12: =(combine_values!CQ12-combine_values!$D12)/combine_values!$D12*100 -> -0.71839844
A13: C2H2 | B13: =OFFSET(wft_table!L$7,(ROW(wft_table!L10)-1)*4,0) -> 0.84982426 | C13: =OFFSET(wft_table!M$7,(ROW(wft_table!M10)-1)*4,0) -> 0.84982426 | D13: =OFFSET(wft_table!N$7,(ROW(wft_table!N10)-1)*4,0) -> 1.7009085 | F13: =(combine_values!F13-combine_values!$B13)/combine_values!$B13*100 -> 1.5369055 | G13: =(combine_values!G13-combine_values!$C13)/combine_values!$C13*100 -> 1.5369055 | H13: =(combine_values!H13-combine_values!$D13)/combine_values!$D13*100 -> -0.31877569 | I13: =(combine_values!I13-combine_values!$B13)/combine_values!$B13*100 -> 0.097135259 | J13: =(combine_values!J13-combine_values!$C13)/combine_values!$C13*100 -> 0.097135259 | K13: =(combine_values!K13-combine_values!$D13)/combine_values!$D13*100 -> 0.043944103 | L13: =(combine_values!L13-combine_values!$B13)/combine_values!$B13*100 -> 0.0045878897 | M13: =(combine_values!M13-combine_values!$C13)/combine_values!$C13*100 -> 0.0045878897 | N13: =(combine_values!N13-combine_values!$D13)/combine_values!$D13*100 -> -0.082171438 | O13: =(combine_values!O13-combine_values!$B13)/combine_values!$B13*100 -> 2.1596168 | P13: =(combine_values!P13-combine_values!$C13)/combine_values!$C13*100 -> 2.1596168 | Q13: =(combine_values!Q13-combine_values!$D13)/combine_values!$D13*100 -> 0.46043444 | R13: =(combine_values!R13-combine_values!$B13)/combine_values!$B13*100 -> -100 | S13: =(combine_values!S13-combine_values!$C13)/combine_values!$C13*100 -> -100 | T13: =(combine_values!T13-combine_values!$D13)/combine_values!$D13*100 -> -100 | U13: =(combine_values!U13-combine_values!$B13)/combine_values!$B13*100 -> 0.17680475 | V13: =(combine_values!V13-combine_values!$C13)/combine_values!$C13*100 -> 0.17680475 | W13: =(combine_values!W13-combine_values!$D13)/combine_values!$D13*100 -> 0.16848284 | X13: =(combine_values!X13-combine_values!$B13)/combine_values!$B13*100 -> 0.69077562 | Y13: =(combine_values!Y13-combine_values!$C13)/combine_values!$C13*100 -> 0.69077562 | Z13: =(combine_values!Z13-combine_values!$D13)/combine_values!$D13*100 -> 0.37954894 | AA13: =(combine_values!AA13-combine_values!$B13)/combine_values!$B13*100 -> -100 | AB13: =(combine_values!AB13-combine_values!$C13)/combine_values!$C13*100 -> -100 | AC13: =(combine_values!AC13-combine_values!$D13)/combine_values!$D13*100 -> -100 | AD13: =(combine_values!AD13-combine_values!$B13)/combine_values!$B13*100 -> -100 | AE13: =(combine_values!AE13-combine_values!$C13)/combine_values!$C13*100 -> -100 | AF13: =(combine_values!AF13-combine_values!$D13)/combine_values!$D13*100 -> -100 | AG13: =(combine_values!AG13-combine_values!$B13)/combine_values!$B13*100 -> -100 | AH13: =(combine_values!AH13-combine_values!$C13)/combine_values!$C13*100 -> -100 | AI13: =(combine_values!AI13-combine_values!$D13)/combine_values!$D13*100 -> -100 | AJ13: =(combine_values!AJ13-combine_values!$B13)/combine_values!$B13*100 -> -100 | AK13: =(combine_values!AK13-combine_values!$C13)/combine_values!$C13*100 -> -100 | AL13: =(combine_values!AL13-combine_values!$D13)/combine_values!$D13*100 -> -100 | AM13: =(combine_values!AM13-combine_values!$B13)/combine_values!$B13*100 -> -100 | AN13: =(combine_values!AN13-combine_values!$C13)/combine_values!$C13*100 -> -100 | AO13: =(combine_values!AO13-combine_values!$D13)/combine_values!$D13*100 -> -100 | AP13: =(combine_values!AP13-combine_values!$B13)/combine_values!$B13*100 -> -0.90920776 | AQ13: =(combine_values!AQ13-combine_values!$C13)/combine_values!$C13*100 -> -0.90920776 | AR13: =(combine_values!AR13-combine_values!$D13)/combine_values!$D13*100 -> -0.018148972 | AS13: =(combine_values!AS13-combine_values!$B13)/combine_values!$B13*100 -> -100 | AT13: =(combine_values!AT13-combine_values!$C13)/combine_values!$C13*100 -> -100 | AU13: =(combine_values!AU13-combine_values!$D13)/combine_values!$D13*100 -> -100 | AV13: =(combine_values!AV13-combine_values!$B13)/combine_values!$B13*100 -> -0.0042974596 | AW13: =(combine_values!AW13-combine_values!$C13)/combine_values!$C13*100 -> -0.0042974596 | AX13: =(combine_values!AX13-combine_values!$D13)/combine_values!$D13*100 -> 0.00030043495 | AY13: =(combine_values!AY13-combine_values!$B13)/combine_values!$B13*100 -> 1.4833007 | AZ13: =(combine_values!AZ13-combine_values!$C13)/combine_values!$C13*100 -> 1.4833007 | BA13: =(combine_values!BA13-combine_values!$D13)/combine_values!$D13*100 -> 0.25722866 | BB13: =(combine_values!BB13-combine_values!$B13)/combine_values!$B13*100 -> -0.37450107 | BC13: =(combine_values!BC13-combine_values!$C13)/combine_values!$C13*100 -> -0.37450107 | BD13: =(combine_values!BD13-combine_values!$D13)/combine_values!$D13*100 -> 0.015167629 | BE13: =(combine_values!BE13-combine_values!$B13)/combine_values!$B13*100 -> -100 | BF13: =(combine_values!BF13-combine_values!$C13)/combine_values!$C13*100 -> -100 | BG13: =(combine_values!BG13-combine_values!$D13)/combine_values!$D13*100 -> -100 | BH13: =(combine_values!BH13-combine_values!$B13)/combine_values!$B13*100 -> -100 | BI13: =(combine_values!BI13-combine_values!$C13)/combine_values!$C13*100 -> -100 | BJ13: =(combine_values!BJ13-combine_values!$D13)/combine_values!$D13*100 -> -100 | BK13: =(combine_values!BK13-combine_values!$B13)/combine_values!$B13*100 -> -100 | BL13: =(combine_values!BL13-combine_values!$C13)/combine_values!$C13*100 -> -100 | BM13: =(combine_values!BM13-combine_values!$D13)/combine_values!$D13*100 -> -100 | BN13: =(combine_values!BN13-combine_values!$B13)/combine_values!$B13*100 -> -100 | BO13: =(combine_values!BO13-combine_values!$C13)/combine_values!$C13*100 -> -100 | BP13: =(combine_values!BP13-combine_values!$D13)/combine_values!$D13*100 -> -100 | BQ13: =(combine_values!BQ13-combine_values!$B13)/combine_values!$B13*100 -> 0.54936644 | BR13: =(combine_values!BR13-combine_values!$C13)/combine_values!$C13*100 -> 0.54936644 | BS13: =(combine_values!BS13-combine_values!$D13)/combine_values!$D13*100 -> -0.063690438 | BT13: =(combine_values!BT13-combine_values!$B13)/combine_values!$B13*100 -> -100 | BU13: =(combine_values!BU13-combine_values!$C13)/combine_values!$C13*100 -> -100 | BV13: =(combine_values!BV13-combine_values!$D13)/combine_values!$D13*100 -> -100 | BW13: =(combine_values!BW13-combine_values!$B13)/combine_values!$B13*100 -> -100 | BX13: =(combine_values!BX13-combine_values!$C13)/combine_values!$C13*100 -> -100 | BY13: =(combine_values!BY13-combine_values!$D13)/combine_values!$D13*100 -> -100 | BZ13: =(combine_values!BZ13-combine_values!$B13)/combine_values!$B13*100 -> 0.41691197 | CA13: =(combine_values!CA13-combine_values!$C13)/combine_values!$C13*100 -> 0.41691197 | CB13: =(combine_values!CB13-combine_values!$D13)/combine_values!$D13*100 -> 0.14089976 | CC13: =(combine_values!CC13-combine_values!$B13)/combine_values!$B13*100 -> -100 | CD13: =(combine_values!CD13-combine_values!$C13)/combine_values!$C13*100 -> -100 | CE13: =(combine_values!CE13-combine_values!$D13)/combine_values!$D13*100 -> -100 | CF13: =(combine_values!CF13-combine_values!$B13)/combine_values!$B13*100 -> 0.77946602 | CG13: =(combine_values!CG13-combine_values!$C13)/combine_values!$C13*100 -> 0.77946602 | CH13: =(combine_values!CH13-combine_values!$D13)/combine_values!$D13*100 -> 0.058196619 | CI13: =(combine_values!CI13-combine_values!$B13)/combine_values!$B13*100 -> -100 | CJ13: =(combine_values!CJ13-combine_values!$C13)/combine_values!$C13*100 -> -100 | CK13: =(combine_values!CK13-combine_values!$D13)/combine_values!$D13*100 -> -100 | CL13: =(combine_values!CL13-combine_values!$B13)/combine_values!$B13*100 -> -100 | CM13: =(combine_values!CM13-combine_values!$C13)/combine_values!$C13*100 -> -100 | CN13: =(combine_values!CN13-combine_values!$D13)/combine_values!$D13*100 -> -100 | CO13: =(combine_values!CO13-combine_values!$B13)/combine_values!$B13*100 -> -100 | CP13: =(combine_values!CP13-combine_values!$C13)/combine_values!$C13*100 -> -100 | CQ13: =(combine_values!CQ13-combine_values!$D13)/combine_values!$D13*100 -> -100
A14: CH3 | B14: =OFFSET(wft_table!L$7,(ROW(wft_table!L11)-1)*4,0) -> 1.134365 | C14: =OFFSET(wft_table!M$7,(ROW(wft_table!M11)-1)*4,0) -> 1.1343453 | D14: =OFFSET(wft_table!N$7,(ROW(wft_table!N11)-1)*4,0) -> 0.86655431 | F14: =(combine_values!F14-combine_values!$B14)/combine_values!$B14*100 -> 0.060851931 | G14: =(combine_values!G14-combine_values!$C14)/combine_values!$C14*100 -> 0.060848405 | H14: =(combine_values!H14-combine_values!$D14)/combine_values!$D14*100 -> -0.28233187 | I14: =(combine_values!I14-combine_values!$B14)/combine_values!$B14*100 -> 0.015901408 | J14: =(combine_values!J14-combine_values!$C14)/combine_values!$C14*100 -> 0.015686141 | K14: =(combine_values!K14-combine_values!$D14)/combine_values!$D14*100 -> 0.32896218 | L14: =(combine_values!L14-combine_values!$B14)/combine_values!$B14*100 -> -0.055826036 | M14: =(combine_values!M14-combine_values!$C14)/combine_values!$C14*100 -> -0.055670617 | N14: =(combine_values!N14-combine_values!$D14)/combine_values!$D14*100 -> -0.13442712 | O14: =(combine_values!O14-combine_values!$B14)/combine_values!$B14*100 -> 1.4546154 | P14: =(combine_values!P14-combine_values!$C14)/combine_values!$C14*100 -> 1.4546601 | Q14: =(combine_values!Q14-combine_values!$D14)/combine_values!$D14*100 -> 3.3213047 | R14: =(combine_values!R14-combine_values!$B14)/combine_values!$B14*100 -> 0.55365998 | S14: =(combine_values!S14-combine_values!$C14)/combine_values!$C14*100 -> 0.55367358 | T14: =(combine_values!T14-combine_values!$D14)/combine_values!$D14*100 -> 1.5314119 | U14: =(combine_values!U14-combine_values!$B14)/combine_values!$B14*100 -> -100 | V14: =(combine_values!V14-combine_values!$C14)/combine_values!$C14*100 -> -100 | W14: =(combine_values!W14-combine_values!$D14)/combine_values!$D14*100 -> -100 | X14: =(combine_values!X14-combine_values!$B14)/combine_values!$B14*100 -> 0.75711717 | Y14: =(combine_values!Y14-combine_values!$C14)/combine_values!$C14*100 -> 0.75713782 | Z14: =(combine_values!Z14-combine_values!$D14)/combine_values!$D14*100 -> 1.0432002 | AA14: =(combine_values!AA14-combine_values!$B14)/combine_values!$B14*100 -> 0.2339306 | AB14: =(combine_values!AB14-combine_values!$C14)/combine_values!$C14*100 -> 0.23361286 | AC14: =(combine_values!AC14-combine_values!$D14)/combine_values!$D14*100 -> 0.29299145 | AD14: =(combine_values!AD14-combine_values!$B14)/combine_values!$B14*100 -> 0.36514284 | AE14: =(combine_values!AE14-combine_values!$C14)/combine_values!$C14*100 -> 0.3651499 | AF14: =(combine_values!AF14-combine_values!$D14)/combine_values!$D14*100 -> 0.52799891 | AG14: =(combine_values!AG14-combine_values!$B14)/combine_values!$B14*100 -> 0.45784801 | AH14: =(combine_values!AH14-combine_values!$C14)/combine_values!$C14*100 -> 0.45785829 | AI14: =(combine_values!AI14-combine_values!$D14)/combine_values!$D14*100 -> 0.80502864 | AJ14: =(combine_values!AJ14-combine_values!$B14)/combine_values!$B14*100 -> -100 | AK14: =(combine_values!AK14-combine_values!$C14)/combine_values!$C14*100 -> -100 | AL14: =(combine_values!AL14-combine_values!$D14)/combine_values!$D14*100 -> -100 | AM14: =(combine_values!AM14-combine_values!$B14)/combine_values!$B14*100 -> -100 | AN14: =(combine_values!AN14-combine_values!$C14)/combine_values!$C14*100 -> -100 | AO14: =(combine_values!AO14-combine_values!$D14)/combine_values!$D14*100 -> -100 | AP14: =(combine_values!AP14-combine_values!$B14)/combine_values!$B14*100 -> -100 | AQ14: =(combine_values!AQ14-combine_values!$C14)/combine_values!$C14*100 -> -100 | AR14: =(combine_values!AR14-combine_values!$D14)/combine_values!$D14*100 -> -100 | AS14: =(combine_values!AS14-combine_values!$B14)/combine_values!$B14*100 -> 0.059247958 | AT14: =(combine_values!AT14-combine_values!$C14)/combine_values!$C14*100 -> 0.059244392 | AU14: =(combine_values!AU14-combine_values!$D14)/combine_values!$D14*100 -> -0.82327272 | AV14: =(combine_values!AV14-combine_values!$B14)/combine_values!$B14*100 -> -100 | AW14: =(combine_values!AW14-combine_values!$C14)/combine_values!$C14*100 -> -100 | AX14: =(combine_values!AX14-combine_values!$D14)/combine_values!$D14*100 -> -100 | AY14: =(combine_values!AY14-combine_values!$B14)/combine_values!$B14*100 -> -100 | AZ14: =(combine_values!AZ14-combine_values!$C14)/combine_values!$C14*100 -> -100 | BA14: =(combine_values!BA14-combine_values!$D14)/combine_values!$D14*100 -> -100 | BB14: =(combine_values!BB14-combine_values!$B14)/combine_values!$B14*100 -> -100 | BC14: =(combine_values!BC14-combine_values!$C14)/combine_values!$C14*100 -> -100 | BD14: =(combine_values!BD14-combine_values!$D14)/combine_values!$D14*100 -> -100 | BE14: =(combine_values!BE14-combine_values!$B14)/combine_values!$B14*100 -> 0.044169295 | BF14: =(combine_values!BF14-combine_values!$C14)/combine_values!$C14*100 -> 0.046090336 | BG14: =(combine_values!BG14-combine_values!$D14)/combine_values!$D14*100 -> -0.36565966 | BH14: =(combine_values!BH14-combine_values!$B14)/combine_values!$B14*100 -> 0.24641916 | BI14: =(combine_values!BI14-combine_values!$C14)/combine_values!$C14*100 -> 0.2464221 | BJ14: =(combine_values!BJ14-combine_values!$D14)/combine_values!$D14*100 -> -0.0025071371 | BK14: =(combine_values!BK14-combine_values!$B14)/combine_values!$B14*100 -> -100 | BL14: =(combine_values!BL14-combine_values!$C14)/combine_values!$C14*100 -> -100 | BM14: =(combine_values!BM14-combine_values!$D14)/combine_values!$D14*100 -> -100 | BN14: =(combine_values!BN14-combine_values!$B14)/combine_values!$B14*100 -> 0.44187047 | BO14: =(combine_values!BO14-combine_values!$C14)/combine_values!$C14*100 -> 0.44156061 | BP14: =(combine_values!BP14-combine_values!$D14)/combine_values!$D14*100 -> 0.50775185 | BQ14: =(combine_values!BQ14-combine_values!$B14)/combine_values!$B14*100 -> -100 | BR14: =(combine_values!BR14-combine_values!$C14)/combine_values!$C14*100 -> -100 | BS14: =(combine_values!BS14-combine_values!$D14)/combine_values!$D14*100 -> -100 | BT14: =(combine_values!BT14-combine_values!$B14)/combine_values!$B14*100 -> 0.099981063 | BU14: =(combine_values!BU14-combine_values!$C14)/combine_values!$C14*100 -> 0.099978914 | BV14: =(combine_values!BV14-combine_values!$D14)/combine_values!$D14*100 -> 0.13052021 | BW14: =(combine_values!BW14-combine_values!$B14)/combine_values!$B14*100 -> 0.38496976 | BX14: =(combine_values!BX14-combine_values!$C14)/combine_values!$C14*100 -> 0.38465774 | BY14: =(combine_values!BY14-combine_values!$D14)/combine_values!$D14*100 -> 0.50829912 | BZ14: =(combine_values!BZ14-combine_values!$B14)/combine_values!$B14*100 -> -100 | CA14: =(combine_values!CA14-combine_values!$C14)/combine_values!$C14*100 -> -100 | CB14: =(combine_values!CB14-combine_values!$D14)/combine_values!$D14*100 -> -100 | CC14: =(combine_values!CC14-combine_values!$B14)/combine_values!$B14*100 -> -0.082966796 | CD14: =(combine_values!CD14-combine_values!$C14)/combine_values!$C14*100 -> -0.081368995 | CE14: =(combine_values!CE14-combine_values!$D14)/combine_values!$D14*100 -> -0.49879757 | CF14: =(combine_values!CF14-combine_values!$B14)/combine_values!$B14*100 -> -100 | CG14: =(combine_values!CG14-combine_values!$C14)/combine_values!$C14*100 -> -100 | CH14: =(combine_values!CH14-combine_values!$D14)/combine_values!$D14*100 -> -100 | CI14: =(combine_values!CI14-combine_values!$B14)/combine_values!$B14*100 -> -0.008142397 | CJ14: =(combine_values!CJ14-combine_values!$C14)/combine_values!$C14*100 -> -0.00814831 | CK14: =(combine_values!CK14-combine_values!$D14)/combine_values!$D14*100 -> -0.090556369 | CL14: =(combine_values!CL14-combine_values!$B14)/combine_values!$B14*100 -> -100 | CM14: =(combine_values!CM14-combine_values!$C14)/combine_values!$C14*100 -> -100 | CN14: =(combine_values!CN14-combine_values!$D14)/combine_values!$D14*100 -> -100 | CO14: =(combine_values!CO14-combine_values!$B14)/combine_values!$B14*100 -> -100 | CP14: =(combine_values!CP14-combine_values!$C14)/combine_values!$C14*100 -> -100 | CQ14: =(combine_values!CQ14-combine_values!$D14)/combine_values!$D14*100 -> -100
A15: CH4 | B15: =OFFSET(wft_table!L$7,(ROW(wft_table!L12)-1)*4,0) -> 1.0883268 | C15: =OFFSET(wft_table!M$7,(ROW(wft_table!M12)-1)*4,0) -> 1.0883268 | D15: =OFFSET(wft_table!N$7,(ROW(wft_table!N12)-1)*4,0) -> 1.0883268 | F15: =(combine_values!F15-combine_values!$B15)/combine_values!$B15*100 -> 0.13548127 | G15: =(combine_values!G15-combine_values!$C15)/combine_values!$C15*100 -> 0.13548127 | H15: =(combine_values!H15-combine_values!$D15)/combine_values!$D15*100 -> 0.13548127 | I15: =(combine_values!I15-combine_values!$B15)/combine_values!$B15*100 -> 0.082219238 | J15: =(combine_values!J15-combine_values!$C15)/combine_values!$C15*100 -> 0.082219238 | K15: =(combine_values!K15-combine_values!$D15)/combine_values!$D15*100 -> 0.082219238 | L15: =(combine_values!L15-combine_values!$B15)/combine_values!$B15*100 -> -0.058292877 | M15: =(combine_values!M15-combine_values!$C15)/combine_values!$C15*100 -> -0.058292877 | N15: =(combine_values!N15-combine_values!$D15)/combine_values!$D15*100 -> -0.058292877 | O15: =(combine_values!O15-combine_values!$B15)/combine_values!$B15*100 -> 1.5011554 | P15: =(combine_values!P15-combine_values!$C15)/combine_values!$C15*100 -> 1.5011554 | Q15: =(combine_values!Q15-combine_values!$D15)/combine_values!$D15*100 -> 1.5011554 | R15: =(combine_values!R15-combine_values!$B15)/combine_values!$B15*100 -> 0.56676286 | S15: =(combine_values!S15-combine_values!$C15)/combine_values!$C15*100 -> 0.56676286 | T15: =(combine_values!T15-combine_values!$D15)/combine_values!$D15*100 -> 0.56676286 | U15: =(combine_values!U15-combine_values!$B15)/combine_values!$B15*100 -> 0.21913027 | V15: =(combine_values!V15-combine_values!$C15)/combine_values!$C15*100 -> 0.21913027 | W15: =(combine_values!W15-combine_values!$D15)/combine_values!$D15*100 -> 0.21913027 | X15: =(combine_values!X15-combine_values!$B15)/combine_values!$B15*100 -> -100 | Y15: =(combine_values!Y15-combine_values!$C15)/combine_values!$C15*100 -> -100 | Z15: =(combine_values!Z15-combine_values!$D15)/combine_values!$D15*100 -> -100 | AA15: =(combine_values!AA15-combine_values!$B15)/combine_values!$B15*100 -> -100 | AB15: =(combine_values!AB15-combine_values!$C15)/combine_values!$C15*100 -> -100 | AC15: =(combine_values!AC15-combine_values!$D15)/combine_values!$D15*100 -> -100 | AD15: =(combine_values!AD15-combine_values!$B15)/combine_values!$B15*100 -> -100 | AE15: =(combine_values!AE15-combine_values!$C15)/combine_values!$C15*100 -> -100 | AF15: =(combine_values!AF15-combine_values!$D15)/combine_values!$D15*100 -> -100 | AG15: =(combine_values!AG15-combine_values!$B15)/combine_values!$B15*100 -> 0.39184655 | AH15: =(combine_values!AH15-combine_values!$C15)/combine_values!$C15*100 -> 0.39184655 | AI15: =(combine_values!AI15-combine_values!$D15)/combine_values!$D15*100 -> 0.39184655 | AJ15: =(combine_values!AJ15-combine_values!$B15)/combine_values!$B15*100 -> -100 | AK15: =(combine_values!AK15-combine_values!$C15)/combine_values!$C15*100 -> -100 | AL15: =(combine_values!AL15-combine_values!$D15)/combine_values!$D15*100 -> -100 | AM15: =(combine_values!AM15-combine_values!$B15)/combine_values!$B15*100 -> -100 | AN15: =(combine_values!AN15-combine_values!$C15)/combine_values!$C15*100 -> -100 | AO15: =(combine_values!AO15-combine_values!$D15)/combine_values!$D15*100 -> -100 | AP15: =(combine_values!AP15-combine_values!$B15)/combine_values!$B15*100 -> -0.4119983 | AQ15: =(combine_values!AQ15-combine_values!$C15)/combine_values!$C15*100 -> -0.4119983 | AR15: =(combine_values!AR15-combine_values!$D15)/combine_values!$D15*100 -> -0.4119983 | AS15: =(combine_values!AS15-combine_values!$B15)/combine_values!$B15*100 -> -100 | AT15: =(combine_values!AT15-combine_values!$C15)/combine_values!$C15*100 -> -100 | AU15: =(combine_values!AU15-combine_values!$D15)/combine_values!$D15*100 -> -100 | AV15: =(combine_values!AV15-combine_values!$B15)/combine_values!$B15*100 -> -0.0066001711 | AW15: =(combine_values!AW15-combine_values!$C15)/combine_values!$C15*100 -> -0.0066001711 | AX15: =(combine_values!AX15-combine_values!$D15)/combine_values!$D15*100 -> -0.0066001711 | AY15: =(combine_values!AY15-combine_values!$B15)/combine_values!$B15*100 -> 0.76224634 | AZ15: =(combine_values!AZ15-combine_values!$C15)/combine_values!$C15*100 -> 0.76224634 | BA15: =(combine_values!BA15-combine_values!$D15)/combine_values!$D15*100 -> 0.76224634 | BB15: =(combine_values!BB15-combine_values!$B15)/combine_values!$B15*100 -> -0.021980904 | BC15: =(combine_values!BC15-combine_values!$C15)/combine_values!$C15*100 -> -0.021980904 | BD15: =(combine_values!BD15-combine_values!$D15)/combine_values!$D15*100 -> -0.021980904 | BE15: =(combine_values!BE15-combine_values!$B15)/combine_values!$B15*100 -> 0.02948818 | BF15: =(combine_values!BF15-combine_values!$C15)/combine_values!$C15*100 -> 0.02948818 | BG15: =(combine_values!BG15-combine_values!$D15)/combine_values!$D15*100 -> 0.02948818 | BH15: =(combine_values!BH15-combine_values!$B15)/combine_values!$B15*100 -> -100 | BI15: =(combine_values!BI15-combine_values!$C15)/combine_values!$C15*100 -> -100 | BJ15: =(combine_values!BJ15-combine_values!$D15)/combine_values!$D15*100 -> -100 | BK15: =(combine_values!BK15-combine_values!$B15)/combine_values!$B15*100 -> 0.3690225 | BL15: =(combine_values!BL15-combine_values!$C15)/combine_values!$C15*100 -> 0.3690225 | BM15: =(combine_values!BM15-combine_values!$D15)/combine_values!$D15*100 -> 0.3690225 | BN15: =(combine_values!BN15-combine_values!$B15)/combine_values!$B15*100 -> -100 | BO15: =(combine_values!BO15-combine_values!$C15)/combine_values!$C15*100 -> -100 | BP15: =(combine_values!BP15-combine_values!$D15)/combine_values!$D15*100 -> -100 | BQ15: =(combine_values!BQ15-combine_values!$B15)/combine_values!$B15*100 -> 0.24699776 | BR15: =(combine_values!BR15-combine_values!$C15)/combine_values!$C15*100 -> 0.24699776 | BS15: =(combine_values!BS15-combine_values!$D15)/combine_values!$D15*100 -> 0.24699776 | BT15: =(combine_values!BT15-combine_values!$B15)/combine_values!$B15*100 -> 0.079990008 | BU15: =(combine_values!BU15-combine_values!$C15)/combine_values!$C15*100 -> 0.079990008 | BV15: =(combine_values!BV15-combine_values!$D15)/combine_values!$D15*100 -> 0.079990008 | BW15: =(combine_values!BW15-combine_values!$B15)/combine_values!$B15*100 -> -100 | BX15: =(combine_values!BX15-combine_values!$C15)/combine_values!$C15*100 -> -100 | BY15: =(combine_values!BY15-combine_values!$D15)/combine_values!$D15*100 -> -100 | BZ15: =(combine_values!BZ15-combine_values!$B15)/combine_values!$B15*100 -> 0.30928022 | CA15: =(combine_values!CA15-combine_values!$C15)/combine_values!$C15*100 -> 0.30928022 | CB15: =(combine_values!CB15-combine_values!$D15)/combine_values!$D15*100 -> 0.30928022 | CC15: =(combine_values!CC15-combine_values!$B15)/combine_values!$B15*100 -> -0.069079497 | CD15: =(combine_values!CD15-combine_values!$C15)/combine_values!$C15*100 -> -0.069079497 | CE15: =(combine_values!CE15-combine_values!$D15)/combine_values!$D15*100 -> -0.069079497 | CF15: =(combine_values!CF15-combine_values!$B15)/combine_values!$B15*100 -> 0.43060428 | CG15: =(combine_values!CG15-combine_values!$C15)/combine_values!$C15*100 -> 0.43060428 | CH15: =(combine_values!CH15-combine_values!$D15)/combine_values!$D15*100 -> 0.43060428 | CI15: =(combine_values!CI15-combine_values!$B15)/combine_values!$B15*100 -> -100 | CJ15: =(combine_values!CJ15-combine_values!$C15)/combine_values!$C15*100 -> -100 | CK15: =(combine_values!CK15-combine_values!$D15)/combine_values!$D15*100 -> -100 | CL15: =(combine_values!CL15-combine_values!$B15)/combine_values!$B15*100 -> -100 | CM15: =(combine_values!CM15-combine_values!$C15)/combine_values!$C15*100 -> -100 | CN15: =(combine_values!CN15-combine_values!$D15)/combine_values!$D15*100 -> -100 | CO15: =(combine_values!CO15-combine_values!$B15)/combine_values!$B15*100 -> -100 | CP15: =(combine_values!CP15-combine_values!$C15)/combine_values!$C15*100 -> -100 | CQ15: =(combine_values!CQ15-combine_values!$D15)/combine_values!$D15*100 -> -100
... A43: SiO | B43: =OFFSET(wft_table!L$7,(ROW(wft_table!L40)-1)*4,0) -> 0 | C43: =OFFSET(wft_table!M$7,(ROW(wft_table!M40)-1)*4,0) -> 0 | D43: =OFFSET(wft_table!N$7,(ROW(wft_table!N40)-1)*4,0) -> 0 | F43: =(combine_values!F43-combine_values!$B43)/combine_values!$B43*100 -> #DIV/0! | G43: =(combine_values!G43-combine_values!$C43)/combine_values!$C43*100 -> #DIV/0! | H43: =(combine_values!H43-combine_values!$D43)/combine_values!$D43*100 -> #DIV/0! | I43: =(combine_values!I43-combine_values!$B43)/combine_values!$B43*100 -> #DIV/0! | J43: =(combine_values!J43-combine_values!$C43)/combine_values!$C43*100 -> #DIV/0! | K43: =(combine_values!K43-combine_values!$D43)/combine_values!$D43*100 -> #DIV/0! | L43: =(combine_values!L43-combine_values!$B43)/combine_values!$B43*100 -> #DIV/0! | M43: =(combine_values!M43-combine_values!$C43)/combine_values!$C43*100 -> #DIV/0! | N43: =(combine_values!N43-combine_values!$D43)/combine_values!$D43*100 -> #DIV/0! | O43: =(combine_values!O43-combine_values!$B43)/combine_values!$B43*100 -> #DIV/0! | P43: =(combine_values!P43-combine_values!$C43)/combine_values!$C43*100 -> #DIV/0! | Q43: =(combine_values!Q43-combine_values!$D43)/combine_values!$D43*100 -> #DIV/0! | R43: =(combine_values!R43-combine_values!$B43)/combine_values!$B43*100 -> #DIV/0! | S43: =(combine_values!S43-combine_values!$C43)/combine_values!$C43*100 -> #DIV/0! | T43: =(combine_values!T43-combine_values!$D43)/combine_values!$D43*100 -> #DIV/0! | U43: =(combine_values!U43-combine_values!$B43)/combine_values!$B43*100 -> #DIV/0! | V43: =(combine_values!V43-combine_values!$C43)/combine_values!$C43*100 -> #DIV/0! | W43: =(combine_values!W43-combine_values!$D43)/combine_values!$D43*100 -> #DIV/0! | X43: =(combine_values!X43-combine_values!$B43)/combine_values!$B43*100 -> #DIV/0! | Y43: =(combine_values!Y43-combine_values!$C43)/combine_values!$C43*100 -> #DIV/0! | Z43: =(combine_values!Z43-combine_values!$D43)/combine_values!$D43*100 -> #DIV/0! | AA43: =(combine_values!AA43-combine_values!$B43)/combine_values!$B43*100 -> #DIV/0! | AB43: =(combine_values!AB43-combine_values!$C43)/combine_values!$C43*100 -> #DIV/0! | AC43: =(combine_values!AC43-combine_values!$D43)/combine_values!$D43*100 -> #DIV/0! | AD43: =(combine_values!AD43-combine_values!$B43)/combine_values!$B43*100 -> #DIV/0! | AE43: =(combine_values!AE43-combine_values!$C43)/combine_values!$C43*100 -> #DIV/0! | AF43: =(combine_values!AF43-combine_values!$D43)/combine_values!$D43*100 -> #DIV/0! | AG43: =(combine_values!AG43-combine_values!$B43)/combine_values!$B43*100 -> #DIV/0! | AH43: =(combine_values!AH43-combine_values!$C43)/combine_values!$C43*100 -> #DIV/0! | AI43: =(combine_values!AI43-combine_values!$D43)/combine_values!$D43*100 -> #DIV/0! | AJ43: =(combine_values!AJ43-combine_values!$B43)/combine_values!$B43*100 -> #DIV/0! | AK43: =(combine_values!AK43-combine_values!$C43)/combine_values!$C43*100 -> #DIV/0! | AL43: =(combine_values!AL43-combine_values!$D43)/combine_values!$D43*100 -> #DIV/0! | AM43: =(combine_values!AM43-combine_values!$B43)/combine_values!$B43*100 -> #DIV/0! | AN43: =(combine_values!AN43-combine_values!$C43)/combine_values!$C43*100 -> #DIV/0! | AO43: =(combine_values!AO43-combine_values!$D43)/combine_values!$D43*100 -> #DIV/0! | AP43: =(combine_values!AP43-combine_values!$B43)/combine_values!$B43*100 -> #DIV/0! | AQ43: =(combine_values!AQ43-combine_values!$C43)/combine_values!$C43*100 -> #DIV/0! | AR43: =(combine_values!AR43-combine_values!$D43)/combine_values!$D43*100 -> #DIV/0! | AS43: =(combine_values!AS43-combine_values!$B43)/combine_values!$B43*100 -> #DIV/0! | AT43: =(combine_values!AT43-combine_values!$C43)/combine_values!$C43*100 -> #DIV/0! | AU43: =(combine_values!AU43-combine_values!$D43)/combine_values!$D43*100 -> #DIV/0! | AV43: =(combine_values!AV43-combine_values!$B43)/combine_values!$B43*100 -> #DIV/0! | AW43: =(combine_values!AW43-combine_values!$C43)/combine_values!$C43*100 -> #DIV/0! | AX43: =(combine_values!AX43-combine_values!$D43)/combine_values!$D43*100 -> #DIV/0! | AY43: =(combine_values!AY43-combine_values!$B43)/combine_values!$B43*100 -> #DIV/0! | AZ43: =(combine_values!AZ43-combine_values!$C43)/combine_values!$C43*100 -> #DIV/0! | BA43: =(combine_values!BA43-combine_values!$D43)/combine_values!$D43*100 -> #DIV/0! | BB43: =(combine_values!BB43-combine_values!$B43)/combine_values!$B43*100 -> #DIV/0! | BC43: =(combine_values!BC43-combine_values!$C43)/combine_values!$C43*100 -> #DIV/0! | BD43: =(combine_values!BD43-combine_values!$D43)/combine_values!$D43*100 -> #DIV/0! | BE43: =(combine_values!BE43-combine_values!$B43)/combine_values!$B43*100 -> #DIV/0! | BF43: =(combine_values!BF43-combine_values!$C43)/combine_values!$C43*100 -> #DIV/0! | BG43: =(combine_values!BG43-combine_values!$D43)/combine_values!$D43*100 -> #DIV/0! | BH43: =(combine_values!BH43-combine_values!$B43)/combine_values!$B43*100 -> #DIV/0! | BI43: =(combine_values!BI43-combine_values!$C43)/combine_values!$C43*100 -> #DIV/0! | BJ43: =(combine_values!BJ43-combine_values!$D43)/combine_values!$D43*100 -> #DIV/0! | BK43: =(combine_values!BK43-combine_values!$B43)/combine_values!$B43*100 -> #DIV/0! | BL43: =(combine_values!BL43-combine_values!$C43)/combine_values!$C43*100 -> #DIV/0! | BM43: =(combine_values!BM43-combine_values!$D43)/combine_values!$D43*100 -> #DIV/0! | BN43: =(combine_values!BN43-combine_values!$B43)/combine_values!$B43*100 -> #DIV/0! | BO43: =(combine_values!BO43-combine_values!$C43)/combine_values!$C43*100 -> #DIV/0! | BP43: =(combine_values!BP43-combine_values!$D43)/combine_values!$D43*100 -> #DIV/0! | BQ43: =(combine_values!BQ43-combine_values!$B43)/combine_values!$B43*100 -> #DIV/0! | BR43: =(combine_values!BR43-combine_values!$C43)/combine_values!$C43*100 -> #DIV/0! | BS43: =(combine_values!BS43-combine_values!$D43)/combine_values!$D43*100 -> #DIV/0! | BT43: =(combine_values!BT43-combine_values!$B43)/combine_values!$B43*100 -> #DIV/0! | BU43: =(combine_values!BU43-combine_values!$C43)/combine_values!$C43*100 -> #DIV/0! | BV43: =(combine_values!BV43-combine_values!$D43)/combine_values!$D43*100 -> #DIV/0! | BW43: =(combine_values!BW43-combine_values!$B43)/combine_values!$B43*100 -> #DIV/0! | BX43: =(combine_values!BX43-combine_values!$C43)/combine_values!$C43*100 -> #DIV/0! | BY43: =(combine_values!BY43-combine_values!$D43)/combine_values!$D43*100 -> #DIV/0! | BZ43: =(combine_values!BZ43-combine_values!$B43)/combine_values!$B43*100 -> #DIV/0! | CA43: =(combine_values!CA43-combine_values!$C43)/combine_values!$C43*100 -> #DIV/0! | CB43: =(combine_values!CB43-combine_values!$D43)/combine_values!$D43*100 -> #DIV/0! | CC43: =(combine_values!CC43-combine_values!$B43)/combine_values!$B43*100 -> #DIV/0! | CD43: =(combine_values!CD43-combine_values!$C43)/combine_values!$C43*100 -> #DIV/0! | CE43: =(combine_values!CE43-combine_values!$D43)/combine_values!$D43*100 -> #DIV/0! | CF43: =(combine_values!CF43-combine_values!$B43)/combine_values!$B43*100 -> #DIV/0! | CG43: =(combine_values!CG43-combine_values!$C43)/combine_values!$C43*100 -> #DIV/0! | CH43: =(combine_values!CH43-combine_values!$D43)/combine_values!$D43*100 -> #DIV/0! | CI43: =(combine_values!CI43-combine_values!$B43)/combine_values!$B43*100 -> #DIV/0! | CJ43: =(combine_values!CJ43-combine_values!$C43)/combine_values!$C43*100 -> #DIV/0! | CK43: =(combine_values!CK43-combine_values!$D43)/combine_values!$D43*100 -> #DIV/0! | CL43: =(combine_values!CL43-combine_values!$B43)/combine_values!$B43*100 -> #DIV/0! | CM43: =(combine_values!CM43-combine_values!$C43)/combine_values!$C43*100 -> #DIV/0! | CN43: =(combine_values!CN43-combine_values!$D43)/combine_values!$D43*100 -> #DIV/0! | CO43: =(combine_values!CO43-combine_values!$B43)/combine_values!$B43*100 -> #DIV/0! | CP43: =(combine_values!CP43-combine_values!$C43)/combine_values!$C43*100 -> #DIV/0! | CQ43: =(combine_values!CQ43-combine_values!$D43)/combine_values!$D43*100 -> #DIV/0!
